CHR,BP,P,inf,BPcum
11,160370,1,-0,1171835283
11,160381,1,-0,1171835294
11,160383,0.4875,0.312,1171835296
11,160397,1,-0,1171835310
11,160399,1,-0,1171835312
11,160405,0.6207,0.2071,1171835318
11,160408,0.358,0.4461,1171835321
11,160415,1,-0,1171835328
11,160417,0.05236,1.281,1171835330
11,160418,0.1136,0.9446,1171835331
11,160420,0.02078,1.6824,1171835333
11,160421,0.6758,0.1702,1171835334
11,160431,1,-0,1171835344
11,160456,1,-0,1171835369
11,160464,1,-0,1171835377
11,160467,0.05721,1.2425,1171835380
11,160470,1,-0,1171835383
11,160480,1,-0,1171835393
11,160489,1,-0,1171835402
11,160490,0.4429,0.3537,1171835403
11,160492,1,-0,1171835405
11,160499,0.4969,0.3037,1171835412
11,160592,1,-0,1171835505
11,160611,1,-0,1171835524
11,160612,1,-0,1171835525
11,160619,0.2454,0.6101,1171835532
11,160620,0.6816,0.1665,1171835533
11,160627,1,-0,1171835540
11,160631,0.4969,0.3037,1171835544
11,160673,1,-0,1171835586
11,160674,1,-0,1171835587
11,160684,1,-0,1171835597
11,160700,1,-0,1171835613
11,160707,1,-0,1171835620
11,160718,1,-0,1171835631
11,160725,1,-0,1171835638
11,180773,0.2453,0.6103,1171855686
11,180778,0.4426,0.354,1171855691
11,180782,1,-0,1171855695
11,180783,0.847,0.0721,1171855696
11,180792,0.7807,0.1075,1171855705
11,180797,1,-0,1171855710
11,180802,1,-0,1171855715
11,180809,0.6815,0.1665,1171855722
11,180816,1,-0,1171855729
11,180820,1,-0,1171855733
11,180843,0.4301,0.3664,1171855756
11,180847,1,-0,1171855760
11,180848,1,-0,1171855761
11,180856,1,-0,1171855769
11,180858,0.8117,0.0906,1171855771
11,180859,0.4969,0.3037,1171855772
11,180862,0.1413,0.8499,1171855775
11,180864,0.3671,0.4352,1171855777
11,180882,1,-0,1171855795
11,180896,1,-0,1171855809
11,180897,0.1167,0.9329,1171855810
11,181105,1,-0,1171856018
11,181111,0.4951,0.3053,1171856024
11,181112,1,-0,1171856025
11,181115,1,-0,1171856028
11,181119,0.4969,0.3037,1171856032
11,181120,0.4969,0.3037,1171856033
11,181122,1,-0,1171856035
11,181127,1,-0,1171856040
11,181137,0.1605,0.7945,1171856050
11,181139,0.4429,0.3537,1171856052
11,181150,1,-0,1171856063
11,181154,0.4972,0.3035,1171856067
11,181157,0.4969,0.3037,1171856070
11,181158,0.7197,0.1428,1171856071
11,181160,1,-0,1171856073
11,181162,1,-0,1171856075
11,181163,1,-0,1171856076
11,181183,1,-0,1171856096
11,181186,1,-0,1171856099
11,181187,0.2455,0.6099,1171856100
11,181188,0.4969,0.3037,1171856101
11,181189,1,-0,1171856102
11,181191,1,-0,1171856104
11,181192,1,-0,1171856105
11,181199,1,-0,1171856112
11,181200,1,-0,1171856113
11,181202,0.3056,0.5148,1171856115
11,181203,1,-0,1171856116
11,181206,0.8467,0.0723,1171856119
11,181211,0.4969,0.3037,1171856124
11,181214,0.6204,0.2073,1171856127
11,181218,0.4969,0.3037,1171856131
11,181227,1,-0,1171856140
11,181229,0.4969,0.3037,1171856142
11,181230,1,-0,1171856143
11,181236,0.4969,0.3037,1171856149
11,181238,1,-0,1171856151
11,226517,0.4667,0.331,1171901430
11,226518,0.4667,0.331,1171901431
11,226546,0.5649,0.248,1171901459
11,226554,0.6204,0.2073,1171901467
11,226561,1,-0,1171901474
11,226564,1,-0,1171901477
11,226565,1,-0,1171901478
11,226573,1,-0,1171901486
11,226588,0.4969,0.3037,1171901501
11,226605,0.8525,0.0693,1171901518
11,226606,0.7657,0.1159,1171901519
11,226607,0.4969,0.3037,1171901520
11,226611,1,-0,1171901524
11,226618,0.4969,0.3037,1171901531
11,226624,1,-0,1171901537
11,226626,1,-0,1171901539
11,226641,1,-0,1171901554
11,226648,1,-0,1171901561
11,226659,1,-0,1171901572
11,226664,0.5479,0.2613,1171901577
11,226675,1,-0,1171901588
11,226679,0.4322,0.3643,1171901592
11,226750,1,-0,1171901663
11,226758,1,-0,1171901671
11,226766,1,-0,1171901679
11,226779,1,-0,1171901692
11,226789,0.3693,0.4326,1171901702
11,226790,1,-0,1171901703
11,226792,1,-0,1171901705
11,226794,1,-0,1171901707
11,226806,0.5555,0.2553,1171901719
11,226810,1,-0,1171901723
11,226822,0.4969,0.3037,1171901735
11,226826,0.3693,0.4326,1171901739
11,226828,1,-0,1171901741
11,226829,0.3283,0.4837,1171901742
11,226843,1,-0,1171901756
11,226844,0.7657,0.1159,1171901757
11,226854,0.0808,1.0926,1171901767
11,226859,1,-0,1171901772
11,226864,1,-0,1171901777
11,226865,0.6204,0.2073,1171901778
11,226868,1,-0,1171901781
11,226873,1,-0,1171901786
11,226875,1,-0,1171901788
11,226878,0.781,0.1073,1171901791
11,322881,0.4969,0.3037,1171997794
11,322886,1,-0,1171997799
11,322891,1,-0,1171997804
11,322899,1,-0,1171997812
11,322902,0.8534,0.0688,1171997815
11,322908,1,-0,1171997821
11,322912,1,-0,1171997825
11,322921,1,-0,1171997834
11,322925,0.1605,0.7945,1171997838
11,322935,0.1948,0.7104,1171997848
11,322937,1,-0,1171997850
11,322961,0.4969,0.3037,1171997874
11,322963,0.1948,0.7104,1171997876
11,322964,0.5153,0.2879,1171997877
11,322969,0.06267,1.2029,1171997882
11,322970,1,-0,1171997883
11,322985,1,-0,1171997898
11,322989,0.1948,0.7104,1171997902
11,323001,1,-0,1171997914
11,323007,0.1948,0.7104,1171997920
11,323009,1,-0,1171997922
11,323015,0.497,0.3036,1171997928
11,323151,0.6411,0.1931,1171998064
11,323153,0.4969,0.3037,1171998066
11,323158,1,-0,1171998071
11,323164,0.06367,1.1961,1171998077
11,323167,0.5341,0.2724,1171998080
11,323168,0.5341,0.2724,1171998081
11,323177,0.5649,0.248,1171998090
11,323182,0.5341,0.2724,1171998095
11,323211,0.034,1.4685,1171998124
11,323214,1,-0,1171998127
11,323228,1,-0,1171998141
11,323248,0.6816,0.1665,1171998161
11,372457,1,-0,1172047370
11,372466,0.7266,0.1387,1172047379
11,372472,1,-0,1172047385
11,372517,1,-0,1172047430
11,372522,1,-0,1172047435
11,372524,0.4177,0.3791,1172047437
11,372529,0.4028,0.3949,1172047442
11,372536,0.4288,0.3677,1172047449
11,372539,0.06324,1.199,1172047452
11,372540,0.7448,0.128,1172047453
11,372541,1,-0,1172047454
11,372544,0.2454,0.6101,1172047457
11,372546,0.426,0.3706,1172047459
11,372549,0.426,0.3706,1172047462
11,372559,1,-0,1172047472
11,372560,0.426,0.3706,1172047473
11,372565,0.426,0.3706,1172047478
11,372584,0.7657,0.1159,1172047497
11,372802,0.4839,0.3152,1172047715
11,372803,1,-0,1172047716
11,372826,0.3485,0.4578,1172047739
11,372831,0.4969,0.3037,1172047744
11,372843,1,-0,1172047756
11,372845,1,-0,1172047758
11,372849,0.8256,0.0832,1172047762
11,372851,0.7933,0.1006,1172047764
11,372852,0.4348,0.3617,1172047765
11,372854,0.8256,0.0832,1172047767
11,372859,1,-0,1172047772
11,372863,0.532,0.2741,1172047776
11,372868,0.2454,0.6101,1172047781
11,372871,1,-0,1172047784
11,372873,1,-0,1172047786
11,372883,1,-0,1172047796
11,372884,0.532,0.2741,1172047797
11,372885,1,-0,1172047798
11,372891,0.4749,0.3234,1172047804
11,372904,1,-0,1172047817
11,372906,1,-0,1172047819
11,372908,1,-0,1172047821
11,372915,0.8256,0.0832,1172047828
11,372929,1,-0,1172047842
11,392976,1,-0,1172067889
11,392999,0.7198,0.1428,1172067912
11,393009,0.6204,0.2073,1172067922
11,393017,0.618,0.209,1172067930
11,393018,0.6817,0.1664,1172067931
11,393034,0.06375,1.1955,1172067947
11,393037,0.6817,0.1664,1172067950
11,393048,0.5279,0.2774,1172067961
11,393057,0.4399,0.3566,1172067970
11,393059,0.03795,1.4208,1172067972
11,393065,1,-0,1172067978
11,393068,1,-0,1172067981
11,393074,0.497,0.3036,1172067987
11,393165,1,-0,1172068078
11,393167,1,-0,1172068080
11,393174,1,-0,1172068087
11,393188,1,-0,1172068101
11,393189,1,-0,1172068102
11,393228,1,-0,1172068141
11,393234,1,-0,1172068147
11,393237,1,-0,1172068150
11,393244,1,-0,1172068157
11,393256,0.4938,0.3064,1172068169
11,393257,0.3674,0.4349,1172068170
11,393279,1,-0,1172068192
11,530691,1,-0,1172205604
11,530715,1,-0,1172205628
11,530716,0.4938,0.3064,1172205629
11,530740,1,-0,1172205653
11,530745,0.6797,0.1677,1172205658
11,530786,0.4938,0.3064,1172205699
11,530868,0.6204,0.2073,1172205781
11,530880,1,-0,1172205793
11,530892,0.2423,0.6156,1172205805
11,530904,0.4517,0.3451,1172205817
11,530935,0.4938,0.3064,1172205848
11,530942,0.6204,0.2073,1172205855
11,530972,0.5624,0.25,1172205885
11,575965,0.2629,0.5802,1172250878
11,575977,0.4823,0.3167,1172250890
11,575982,0.5967,0.2242,1172250895
11,575994,0.6118,0.2134,1172250907
11,576001,1,-0,1172250914
11,576002,1,-0,1172250915
11,576021,0.2349,0.6291,1172250934
11,576052,0.1626,0.7889,1172250965
11,576106,0.03903,1.4086,1172251019
11,576107,0.162,0.7905,1172251020
11,576124,0.4419,0.3547,1172251037
11,576135,0.4878,0.3118,1172251048
11,576146,0.4693,0.3285,1172251059
11,576156,0.3109,0.5074,1172251069
11,576174,0.3134,0.5039,1172251087
11,576195,1,-0,1172251108
11,576210,0.4963,0.3043,1172251123
11,576212,0.2733,0.5634,1172251125
11,576218,0.6804,0.1672,1172251131
11,576219,0.5668,0.2466,1172251132
11,576220,1,-0,1172251133
11,576233,0.4963,0.3043,1172251146
11,576246,0.6804,0.1672,1172251159
11,576247,0.3656,0.437,1172251160
11,576248,0.4963,0.3043,1172251161
11,576255,0.1445,0.8401,1172251168
11,576259,0.6804,0.1672,1172251172
11,576262,1,-0,1172251175
11,576291,1,-0,1172251204
11,576312,1,-0,1172251225
11,576318,0.7031,0.153,1172251231
11,576331,0.7031,0.153,1172251244
11,576332,1,-0,1172251245
11,576584,1,-0,1172251497
11,576602,0.4963,0.3043,1172251515
11,576608,1,-0,1172251521
11,576609,1,-0,1172251522
11,576617,1,-0,1172251530
11,576622,0.3656,0.437,1172251535
11,576628,0.3656,0.437,1172251541
11,576643,0.3656,0.437,1172251556
11,576646,1,-0,1172251559
11,576650,1,-0,1172251563
11,576662,0.4407,0.3559,1172251575
11,576663,1,-0,1172251576
11,576666,0.3656,0.437,1172251579
11,576672,1,-0,1172251585
11,576673,0.3656,0.437,1172251586
11,576676,0.1649,0.7828,1172251589
11,576687,0.5854,0.2325,1172251600
11,576744,0.4918,0.3082,1172251657
11,576768,0.726,0.1391,1172251681
11,576791,0.1062,0.9739,1172251704
11,576798,1,-0,1172251711
11,576819,0.4918,0.3082,1172251732
11,576823,0.1129,0.9473,1172251736
11,859697,1,-0,1172534610
11,859711,1,-0,1172534624
11,859719,1,-0,1172534632
11,859724,1,-0,1172534637
11,859726,1,-0,1172534639
11,859732,1,-0,1172534645
11,859737,1,-0,1172534650
11,859757,1,-0,1172534670
11,859758,1,-0,1172534671
11,859762,1,-0,1172534675
11,859767,0.7461,0.1272,1172534680
11,859770,1,-0,1172534683
11,859775,1,-0,1172534688
11,859784,0.8621,0.0644,1172534697
11,859793,1,-0,1172534706
11,859799,1,-0,1172534712
11,859809,1,-0,1172534722
11,859810,0.1204,0.9194,1172534723
11,859812,0.6204,0.2073,1172534725
11,860008,1,-0,1172534921
11,860042,1,-0,1172534955
11,860049,1,-0,1172534962
11,860053,1,-0,1172534966
11,860065,0.4429,0.3537,1172534978
11,860075,0.6204,0.2073,1172534988
11,860082,1,-0,1172534995
11,860085,1,-0,1172534998
11,860092,0.4969,0.3037,1172535005
11,860098,1,-0,1172535011
11,860102,1,-0,1172535015
11,860104,1,-0,1172535017
11,860111,1,-0,1172535024
11,860129,0.3712,0.4304,1172535042
11,887728,1,-0,1172562641
11,887736,0.6204,0.2073,1172562649
11,887744,0.6346,0.1975,1172562657
11,887758,1,-0,1172562671
11,887766,0.2937,0.5321,1172562679
11,887775,1,-0,1172562688
11,887784,1,-0,1172562697
11,887785,0.3673,0.435,1172562698
11,887794,0.4969,0.3037,1172562707
11,887800,0.4969,0.3037,1172562713
11,887833,0.2768,0.5578,1172562746
11,887844,0.4969,0.3037,1172562757
11,887856,1,-0,1172562769
11,888047,0.3673,0.435,1172562960
11,888048,1,-0,1172562961
11,888055,0.6536,0.1847,1172562968
11,888058,0.7535,0.1229,1172562971
11,888059,1,-0,1172562972
11,888061,1,-0,1172562974
11,888062,1,-0,1172562975
11,888066,1,-0,1172562979
11,888088,1,-0,1172563001
11,888089,1,-0,1172563002
11,888092,1,-0,1172563005
11,888116,0.8756,0.0577,1172563029
11,888130,0.8704,0.0603,1172563043
11,888137,1,-0,1172563050
11,888139,0.4969,0.3037,1172563052
11,888140,1,-0,1172563053
11,888148,0.6204,0.2073,1172563061
11,888153,1,-0,1172563066
11,888155,1,-0,1172563068
11,888164,1,-0,1172563077
11,888171,1,-0,1172563084
11,888177,0.7527,0.1234,1172563090
11,1104210,0.03008,1.5217,1172779123
11,1104211,0.04778,1.3208,1172779124
11,1104219,0.6221,0.2061,1172779132
11,1104233,0.473,0.3251,1172779146
11,1104236,0.4981,0.3027,1172779149
11,1104239,1,-0,1172779152
11,1104243,1,-0,1172779156
11,1104252,0.5098,0.2926,1172779165
11,1104275,0.3852,0.4143,1172779188
11,1104277,0.6839,0.165,1172779190
11,1104302,0.6462,0.1896,1172779215
11,1104309,0.1034,0.9855,1172779222
11,1104312,0.01234,1.9087,1172779225
11,1104317,0.7491,0.1255,1172779230
11,1104532,0.4981,0.3027,1172779445
11,1104544,0.1026,0.9889,1172779457
11,1104547,0.473,0.3251,1172779460
11,1104559,0.3082,0.5112,1172779472
11,1104563,0.04413,1.3553,1172779476
11,1104564,0.03138,1.5033,1172779477
11,1104591,0.06727,1.1722,1172779504
11,1104616,1,-0,1172779529
11,1104642,0.1743,0.7587,1172779555
11,1104646,1,-0,1172779559
11,1104649,0.08915,1.0499,1172779562
11,1104666,1,-0,1172779579
11,1104681,1,-0,1172779594
11,1104685,1,-0,1172779598
11,1104690,1,-0,1172779603
11,1104717,0.6539,0.1845,1172779630
11,1104733,1,-0,1172779646
11,1107640,0.4446,0.352,1172782553
11,1107686,1,-0,1172782599
11,1107687,0.7655,0.1161,1172782600
11,1107691,0.1203,0.9197,1172782604
11,1107696,1,-0,1172782609
11,1107713,1,-0,1172782626
11,1107722,0.8117,0.0906,1172782635
11,1107726,0.6266,0.203,1172782639
11,1107731,0.7655,0.1161,1172782644
11,1107736,0.6639,0.1779,1172782649
11,1107737,0.4976,0.3031,1172782650
11,1107746,0.3397,0.4689,1172782659
11,1107765,0.5176,0.286,1172782678
11,1107888,0.497,0.3036,1172782801
11,1107895,1,-0,1172782808
11,1107899,1,-0,1172782812
11,1107905,0.4868,0.3126,1172782818
11,1107911,0.2541,0.595,1172782824
11,1107914,0.4868,0.3126,1172782827
11,1107929,1,-0,1172782842
11,1107932,0.2354,0.6282,1172782845
11,1107946,1,-0,1172782859
11,1107950,0.4155,0.3814,1172782863
11,1107962,0.497,0.3036,1172782875
11,1107989,1,-0,1172782902
11,1107990,0.1981,0.7031,1172782903
11,1108005,0.4864,0.313,1172782918
11,1108012,0.2456,0.6098,1172782925
11,1108016,1,-0,1172782929
11,1108017,0.6752,0.1706,1172782930
11,1108053,0.01727,1.7627,1172782966
11,1108107,0.4118,0.3853,1172783020
11,1108114,0.03105,1.5079,1172783027
11,1108145,0.07999,1.097,1172783058
11,1108153,0.1835,0.7364,1172783066
11,1108154,0.07999,1.097,1172783067
11,1108158,0.07999,1.097,1172783071
11,1108161,1,-0,1172783074
11,1108200,0.06291,1.2013,1172783113
11,1108205,0.01088,1.9634,1172783118
11,1108206,0.01282,1.8921,1172783119
11,1157399,1,-0,1172832312
11,1157409,0.4969,0.3037,1172832322
11,1157412,1,-0,1172832325
11,1157413,0.49370000000000003,0.3065,1172832326
11,1157427,0.4969,0.3037,1172832340
11,1157432,0.6203,0.2074,1172832345
11,1157443,0.49370000000000003,0.3065,1172832356
11,1157457,1,-0,1172832370
11,1157469,1,-0,1172832382
11,1157480,0.2421,0.616,1172832393
11,1157483,0.4969,0.3037,1172832396
11,1157492,0.7196,0.1429,1172832405
11,1157504,1,-0,1172832417
11,1157706,0.49370000000000003,0.3065,1172832619
11,1157708,0.49370000000000003,0.3065,1172832621
11,1157713,1,-0,1172832626
11,1157720,0.49370000000000003,0.3065,1172832633
11,1157728,0.4969,0.3037,1172832641
11,1157732,1,-0,1172832645
11,1157733,0.5619,0.2503,1172832646
11,1157740,0.4969,0.3037,1172832653
11,1157746,0.3657,0.4369,1172832659
11,1157751,0.49370000000000003,0.3065,1172832664
11,1157753,1,-0,1172832666
11,1157758,1,-0,1172832671
11,1157771,1,-0,1172832684
11,1157772,1,-0,1172832685
11,1157798,1,-0,1172832711
11,1157820,0.6619,0.1792,1172832733
11,1285146,1,-0,1172960059
11,1285171,1,-0,1172960084
11,1285233,1,-0,1172960146
11,1285238,0.334,0.4763,1172960151
11,1285239,0.4969,0.3037,1172960152
11,1285245,0.05721,1.2425,1172960158
11,1285248,0.6411,0.1931,1172960161
11,1285263,0.8108,0.0911,1172960176
11,1285265,0.3252,0.4878,1172960178
11,1285269,1,-0,1172960182
11,1285352,1,-0,1172960265
11,1285358,0.4399,0.3566,1172960271
11,1285383,0.618,0.209,1172960296
11,1285384,0.6797,0.1677,1172960297
11,1285388,1,-0,1172960301
11,1285404,1,-0,1172960317
11,1285405,0.4938,0.3064,1172960318
11,1285414,0.3642,0.4387,1172960327
11,1285427,0.4938,0.3064,1172960340
11,1285432,0.2102,0.6774,1172960345
11,1285435,0.3642,0.4387,1172960348
11,1285436,1,-0,1172960349
11,1285440,0.1181,0.9278,1172960353
11,1285481,1,-0,1172960394
11,1285553,1,-0,1172960466
11,1285646,1,-0,1172960559
11,1463358,0.06593,1.1809,1173138271
11,1463400,0.7064,0.1509,1173138313
11,1463406,0.4286,0.3679,1173138319
11,1463448,0.3577,0.4465,1173138361
11,1463460,1,-0,1173138373
11,1463480,0.3846,0.415,1173138393
11,1463483,0.6699,0.174,1173138396
11,1463494,0.4928,0.3073,1173138407
11,1463599,0.3878,0.4114,1173138512
11,1463604,1,-0,1173138517
11,1463606,0.7656,0.116,1173138519
11,1463623,1,-0,1173138536
11,1463625,0.7656,0.116,1173138538
11,1463628,0.4861,0.3133,1173138541
11,1463634,0.4861,0.3133,1173138547
11,1463636,0.3797,0.4206,1173138549
11,1463647,0.4979,0.3029,1173138560
11,1463648,0.21,0.6778,1173138561
11,1463649,1,-0,1173138562
11,1463661,0.4861,0.3133,1173138574
11,1463665,0.4861,0.3133,1173138578
11,1463668,0.5709,0.2434,1173138581
11,1463677,0.4861,0.3133,1173138590
11,1463683,0.6203,0.2074,1173138596
11,1463689,1,-0,1173138602
11,1463690,1,-0,1173138603
11,1463691,0.6662,0.1764,1173138604
11,1463692,0.2453,0.6103,1173138605
11,1463694,0.7656,0.116,1173138607
11,1463698,0.2346,0.6297,1173138611
11,1463700,1,-0,1173138613
11,1463701,1,-0,1173138614
11,1463707,0.4861,0.3133,1173138620
11,1463711,0.4861,0.3133,1173138624
11,1463723,0.4861,0.3133,1173138636
11,1463728,0.7656,0.116,1173138641
11,1463732,1,-0,1173138645
11,1464000,0.4894,0.3103,1173138913
11,1464001,1,-0,1173138914
11,1464004,0.2368,0.6256,1173138917
11,1464012,0.2368,0.6256,1173138925
11,1464018,1,-0,1173138931
11,1464071,0.4949,0.3055,1173138984
11,1464100,0.6129,0.2126,1173139013
11,1464108,1,-0,1173139021
11,1464109,0.0146,1.8356,1173139022
11,1464124,1,-0,1173139037
11,1464125,0.2368,0.6256,1173139038
11,1652519,1,-0,1173327432
11,1652520,0.4969,0.3037,1173327433
11,1652528,0.0587,1.2314,1173327441
11,1652534,0.3457,0.4613,1173327447
11,1652548,1,-0,1173327461
11,1652560,0.219,0.6596,1173327473
11,1652569,1,-0,1173327482
11,1652581,1,-0,1173327494
11,1652590,1,-0,1173327503
11,1652599,1,-0,1173327512
11,1652613,1,-0,1173327526
11,1652618,0.0587,1.2314,1173327531
11,1652622,1,-0,1173327535
11,1652629,0.4969,0.3037,1173327542
11,1652640,0.5082,0.294,1173327553
11,1652649,0.0587,1.2314,1173327562
11,1652787,1,-0,1173327700
11,1652793,1,-0,1173327706
11,1652800,1,-0,1173327713
11,1652811,0.6816,0.1665,1173327724
11,1652815,0.0587,1.2314,1173327728
11,1652820,0.4954,0.305,1173327733
11,1652825,0.0587,1.2314,1173327738
11,1652827,1,-0,1173327740
11,1652842,0.0587,1.2314,1173327755
11,1652863,1,-0,1173327776
11,1652869,0.0587,1.2314,1173327782
11,1652887,1,-0,1173327800
11,1652908,1,-0,1173327821
11,1891902,0.002656,2.5758,1173566815
11,1891903,0.4969,0.3037,1173566816
11,1891918,1,-0,1173566831
11,1891925,1,-0,1173566838
11,1891929,1,-0,1173566842
11,1891941,1,-0,1173566854
11,1891943,0.00665,2.1772,1173566856
11,1891951,0.4969,0.3037,1173566864
11,1891954,0.01513,1.8202,1173566867
11,1891959,1,-0,1173566872
11,1891963,1,-0,1173566876
11,1891964,0.4969,0.3037,1173566877
11,1891974,1,-0,1173566887
11,1891983,0.06581,1.1817,1173566896
11,1891989,0.2454,0.6101,1173566902
11,1891996,0.4969,0.3037,1173566909
11,1891998,1,-0,1173566911
11,1892003,0.4969,0.3037,1173566916
11,1892008,1,-0,1173566921
11,1892117,0.638,0.1952,1173567030
11,1892119,1,-0,1173567032
11,1892124,0.3126,0.505,1173567037
11,1892125,0.03989,1.3991,1173567038
11,1892127,0.4996,0.3014,1173567040
11,1892133,0.2043,0.6897,1173567046
11,1892142,0.06193,1.2081,1173567055
11,1892144,1,-0,1173567057
11,1892147,0.2494,0.6031,1173567060
11,1892156,0.8506,0.0703,1173567069
11,1892159,0.8506,0.0703,1173567072
11,1892164,1,-0,1173567077
11,1892167,0.4969,0.3037,1173567080
11,1892168,0.8767,0.0571,1173567081
11,1892170,1,-0,1173567083
11,1892172,0.4969,0.3037,1173567085
11,1892179,0.4969,0.3037,1173567092
11,1892183,0.2454,0.6101,1173567096
11,1892192,0.4969,0.3037,1173567105
11,1892193,0.4969,0.3037,1173567106
11,1892199,1,-0,1173567112
11,1892200,1,-0,1173567113
11,1892202,1,-0,1173567115
11,1892212,0.4969,0.3037,1173567125
11,1892214,0.2454,0.6101,1173567127
11,1892227,1,-0,1173567140
11,1892238,0.709,0.1494,1173567151
11,1892244,0.4969,0.3037,1173567157
11,1892248,1,-0,1173567161
11,1892253,1,-0,1173567166
11,1892257,0.277,0.5575,1173567170
11,1892262,0.854,0.0685,1173567175
11,1892266,0.854,0.0685,1173567179
11,1892275,1,-0,1173567188
11,1892276,1,-0,1173567189
11,1892282,0.7121,0.1475,1173567195
11,2027980,1,-0,1173702893
11,2027982,1,-0,1173702895
11,2027987,1,-0,1173702900
11,2028008,1,-0,1173702921
11,2028011,0.4969,0.3037,1173702924
11,2028012,0.131,0.8827,1173702925
11,2028026,0.2454,0.6101,1173702939
11,2028027,0.4028,0.3949,1173702940
11,2028032,1,-0,1173702945
11,2028034,1,-0,1173702947
11,2028059,1,-0,1173702972
11,2028060,0.5219,0.2824,1173702973
11,2028072,0.6204,0.2073,1173702985
11,2028073,0.6204,0.2073,1173702986
11,2028079,0.6646,0.1774,1173702992
11,2028080,1,-0,1173702993
11,2028081,1,-0,1173702994
11,2028095,0.2101,0.6776,1173703008
11,2028279,0.4969,0.3037,1173703192
11,2028286,1,-0,1173703199
11,2028293,1,-0,1173703206
11,2028308,1,-0,1173703221
11,2028312,1,-0,1173703225
11,2028317,1,-0,1173703230
11,2028318,1,-0,1173703231
11,2028329,0.6204,0.2073,1173703242
11,2028374,1,-0,1173703287
11,2028402,1,-0,1173703315
11,2153454,0.3624,0.4408,1173828367
11,2153459,1,-0,1173828372
11,2153461,0.3633,0.4397,1173828374
11,2153478,1,-0,1173828391
11,2153484,0.7467,0.1269,1173828397
11,2153488,0.006119,2.2133,1173828401
11,2153492,0.8519,0.0696,1173828405
11,2153496,1,-0,1173828409
11,2153498,0.7467,0.1269,1173828411
11,2153505,0.7467,0.1269,1173828418
11,2153510,1,-0,1173828423
11,2153512,0.8519,0.0696,1173828425
11,2153518,0.2417,0.6167,1173828431
11,2153537,1,-0,1173828450
11,2153566,0.2063,0.6855,1173828479
11,2153578,1,-0,1173828491
11,2153850,1,-0,1173828763
11,2153859,0.02723,1.565,1173828772
11,2153877,1,-0,1173828790
11,2153887,0.7634,0.1172,1173828800
11,2153888,0.209,0.6799,1173828801
11,2153889,0.1201,0.9205,1173828802
11,2153891,0.2451,0.6107,1173828804
11,2153892,0.4325,0.364,1173828805
11,2153893,0.8097,0.0917,1173828806
11,2153906,0.8097,0.0917,1173828819
11,2153918,0.4933,0.3069,1173828831
11,2153923,0.5818,0.2352,1173828836
11,2153924,0.7113,0.1479,1173828837
11,2153965,0.2063,0.6855,1173828878
11,2153977,1,-0,1173828890
11,2153978,0.6283,0.2018,1173828891
11,2198298,0.8108,0.0911,1173873211
11,2198308,1,-0,1173873221
11,2198309,0.8108,0.0911,1173873222
11,2198312,0.1147,0.9404,1173873225
11,2198318,0.792,0.1013,1173873231
11,2198343,0.4925,0.3076,1173873256
11,2198357,0.8108,0.0911,1173873270
11,2198358,0.4925,0.3076,1173873271
11,2198365,0.3998,0.3982,1173873278
11,2198395,1,-0,1173873308
11,2198410,0.8258,0.0831,1173873323
11,2198412,1,-0,1173873325
11,2198413,1,-0,1173873326
11,2198427,1,-0,1173873340
11,2198429,0.4938,0.3064,1173873342
11,2198605,0.8108,0.0911,1173873518
11,2198610,0.3674,0.4349,1173873523
11,2198629,1,-0,1173873542
11,2198637,0.4938,0.3064,1173873550
11,2198651,1,-0,1173873564
11,2198654,0.1147,0.9404,1173873567
11,2198657,0.6001,0.2218,1173873570
11,2198666,0.4938,0.3064,1173873579
11,2198668,1,-0,1173873581
11,2198672,1,-0,1173873585
11,2198675,1,-0,1173873588
11,2198680,0.8739,0.0585,1173873593
11,2198691,1,-0,1173873604
11,2198692,1,-0,1173873605
11,2198695,0.4875,0.312,1173873608
11,2198712,1,-0,1173873625
11,2198725,0.2423,0.6156,1173873638
11,2198726,1,-0,1173873639
11,2198735,0.618,0.209,1173873648
11,2332363,0.7175,0.1442,1174007276
11,2332385,1,-0,1174007298
11,2332389,1,-0,1174007302
11,2332391,1,-0,1174007304
11,2332395,0.6176,0.2093,1174007308
11,2332410,0.1821,0.7397,1174007323
11,2332419,1,-0,1174007332
11,2332420,0.8287,0.0816,1174007333
11,2332421,0.3633,0.4397,1174007334
11,2332424,0.4694,0.3285,1174007337
11,2332426,0.6813,0.1667,1174007339
11,2332427,0.4967,0.3039,1174007340
11,2332437,1,-0,1174007350
11,2332476,0.4932,0.307,1174007389
11,2332479,0.4865,0.3129,1174007392
11,2332480,0.4865,0.3129,1174007393
11,2332494,0.4865,0.3129,1174007407
11,2332545,1,-0,1174007458
11,2332555,1,-0,1174007468
11,2332566,1,-0,1174007479
11,2332605,0.442,0.3546,1174007518
11,2332620,1,-0,1174007533
11,2332627,1,-0,1174007540
11,2332628,0.5333,0.273,1174007541
11,2378900,0.4607,0.3366,1174053813
11,2378905,1,-0,1174053818
11,2378916,0.6133,0.2123,1174053829
11,2378933,1,-0,1174053846
11,2378941,0.2423,0.6156,1174053854
11,2378953,1,-0,1174053866
11,2378956,1,-0,1174053869
11,2378979,1,-0,1174053892
11,2379001,1,-0,1174053914
11,2379002,1,-0,1174053915
11,2379016,1,-0,1174053929
11,2379025,1,-0,1174053938
11,2379027,0.4969,0.3037,1174053940
11,2379156,1,-0,1174054069
11,2379172,0.1339,0.8732,1174054085
11,2379193,1,-0,1174054106
11,2379196,1,-0,1174054109
11,2379198,1,-0,1174054111
11,2379218,0.2754,0.56,1174054131
11,2379222,0.8594,0.0658,1174054135
11,2379234,0.493,0.3072,1174054147
11,2379250,0.497,0.3036,1174054163
11,2379254,1,-0,1174054167
11,2379257,1,-0,1174054170
11,2379268,0.3131,0.5043,1174054181
11,2395594,0.1069,0.971,1174070507
11,2395616,1,-0,1174070529
11,2395624,1,-0,1174070537
11,2395625,0.4969,0.3037,1174070538
11,2395664,0.7476,0.1263,1174070577
11,2395673,0.5057,0.2961,1174070586
11,2395684,0.3102,0.5084,1174070597
11,2395686,1,-0,1174070599
11,2395693,0.0635,1.1972,1174070606
11,2395696,0.4969,0.3037,1174070609
11,2395725,1,-0,1174070638
11,2395911,1,-0,1174070824
11,2395920,0.2098,0.6782,1174070833
11,2395934,1,-0,1174070847
11,2395957,1,-0,1174070870
11,2395970,0.6815,0.1665,1174070883
11,2395972,1,-0,1174070885
11,2395974,1,-0,1174070887
11,2395980,1,-0,1174070893
11,2396000,1,-0,1174070913
11,2396004,1,-0,1174070917
11,2396010,0.8704,0.0603,1174070923
11,2396018,0.6816,0.1665,1174070931
11,2396046,0.6589,0.1812,1174070959
11,2396050,1,-0,1174070963
11,2396069,0.5866,0.2317,1174070982
11,2396081,1,-0,1174070994
11,2396085,1,-0,1174070998
11,2777877,1,-0,1174452790
11,2777880,0.3693,0.4326,1174452793
11,2777894,1,-0,1174452807
11,2777910,1,-0,1174452823
11,2777928,1,-0,1174452841
11,2777958,0.034,1.4685,1174452871
11,2777959,0.6204,0.2073,1174452872
11,2777961,0.4969,0.3037,1174452874
11,2777970,0.6204,0.2073,1174452883
11,2777983,1,-0,1174452896
11,2777989,0.4969,0.3037,1174452902
11,2778195,0.2454,0.6101,1174453108
11,2778208,3.388e-9,8.4701,1174453121
11,2778215,0.4969,0.3037,1174453128
11,2778230,0.4429,0.3537,1174453143
11,2778232,0.034,1.4685,1174453145
11,2778234,0.01539,1.8128,1174453147
11,2778236,0.131,0.8827,1174453149
11,2778259,0.6204,0.2073,1174453172
11,2778298,1,-0,1174453211
11,2778303,0.4429,0.3537,1174453216
11,2778316,0.4969,0.3037,1174453229
11,2778318,0.2454,0.6101,1174453231
11,2778322,1,-0,1174453235
11,2778325,1,-0,1174453238
11,3012953,1,-0,1174687866
11,3012956,0.4981,0.3027,1174687869
11,3012965,0.4981,0.3027,1174687878
11,3012970,0.2227,0.6523,1174687883
11,3012971,0.2227,0.6523,1174687884
11,3012976,0.2227,0.6523,1174687889
11,3012980,1,-0,1174687893
11,3013004,1.749e-5,4.7572,1174687917
11,3013014,1,-0,1174687927
11,3013018,1,-0,1174687931
11,3013020,0.04725,1.3256,1174687933
11,3013023,1,-0,1174687936
11,3013043,1,-0,1174687956
11,3013074,0.2227,0.6523,1174687987
11,3013081,1,-0,1174687994
11,3013082,0.06193,1.2081,1174687995
11,3013194,0.4981,0.3027,1174688107
11,3013196,0.4981,0.3027,1174688109
11,3013205,0.4981,0.3027,1174688118
11,3013206,0.4981,0.3027,1174688119
11,3013208,1,-0,1174688121
11,3013210,0.6035,0.2193,1174688123
11,3013212,1,-0,1174688125
11,3013216,1,-0,1174688129
11,3013217,1,-0,1174688130
11,3013218,0.4981,0.3027,1174688131
11,3013219,0.6162,0.2103,1174688132
11,3013231,0.06011,1.2211,1174688144
11,3013237,0.3764,0.4244,1174688150
11,3013243,0.1221,0.9133,1174688156
11,3013247,0.4737,0.3245,1174688160
11,3013248,0.4981,0.3027,1174688161
11,3013254,1.439e-4,3.8419,1174688167
11,3013260,0.4981,0.3027,1174688173
11,3013263,0.5383,0.269,1174688176
11,3013273,0.4737,0.3245,1174688186
11,3013278,0.4981,0.3027,1174688191
11,3013286,0.1837,0.7359,1174688199
11,3013287,0.4737,0.3245,1174688200
11,3013317,1,-0,1174688230
11,3013318,0.6221,0.2061,1174688231
11,3013320,1,-0,1174688233
11,3020457,0.8245,0.0838,1174695370
11,3020465,0.8245,0.0838,1174695378
11,3020470,0.8245,0.0838,1174695383
11,3020476,0.277,0.5575,1174695389
11,3020526,0.5555,0.2553,1174695439
11,3020549,0.2738,0.5626,1174695462
11,3020559,1,-0,1174695472
11,3020560,0.5896,0.2294,1174695473
11,3020561,1,-0,1174695474
11,3020570,1,-0,1174695483
11,3020574,1,-0,1174695487
11,3020580,0.5896,0.2294,1174695493
11,3020779,0.3507,0.4551,1174695692
11,3020787,1,-0,1174695700
11,3020792,1,-0,1174695705
11,3020793,0.4399,0.3566,1174695706
11,3020798,0.277,0.5575,1174695711
11,3020810,1,-0,1174695723
11,3020815,0.497,0.3036,1174695728
11,3020826,1,-0,1174695739
11,3020828,1,-0,1174695741
11,3020854,1,-0,1174695767
11,3020860,0.2455,0.6099,1174695773
11,3020861,1,-0,1174695774
11,3020864,0.2423,0.6156,1174695777
11,3020868,0.2455,0.6099,1174695781
11,3020880,0.06206,1.2072,1174695793
11,3020888,1,-0,1174695801
11,3020896,1,-0,1174695809
11,3020897,1,-0,1174695810
11,3020909,0.7643,0.1167,1174695822
11,3020910,1,-0,1174695823
11,3068481,3.551e-8,7.4496,1174743394
11,3068482,1,-0,1174743395
11,3068483,1,-0,1174743396
11,3068484,1,-0,1174743397
11,3068496,1,-0,1174743409
11,3068497,1,-0,1174743410
11,3068499,1,-0,1174743412
11,3068515,0.6201,0.2075,1174743428
11,3068520,3.551e-8,7.4496,1174743433
11,3068524,1,-0,1174743437
11,3068530,1,-0,1174743443
11,3068538,1,-0,1174743451
11,3068553,1,-0,1174743466
11,3068570,1,-0,1174743483
11,3068572,1,-0,1174743485
11,3068573,1.469e-8,7.833,1174743486
11,3068579,1,-0,1174743492
11,3068584,1,-0,1174743497
11,3068587,1,-0,1174743500
11,3068591,1,-0,1174743504
11,3068593,1,-0,1174743506
11,3068594,1,-0,1174743507
11,3068595,1,-0,1174743508
11,3068599,1,-0,1174743512
11,3068600,1,-0,1174743513
11,3068607,1,-0,1174743520
11,3068608,0.4968,0.3038,1174743521
11,3068610,0.4968,0.3038,1174743523
11,3068859,0.3669,0.4355,1174743772
11,3068869,1,-0,1174743782
11,3068873,0.4968,0.3038,1174743786
11,3068930,0.4968,0.3038,1174743843
11,3068948,0.6818,0.1663,1174743861
11,3068950,1,-0,1174743863
11,3068958,0.497,0.3036,1174743871
11,3083378,1,-0,1174758291
11,3083393,1,-0,1174758306
11,3083410,1,-0,1174758323
11,3083424,1,-0,1174758337
11,3083451,0.4969,0.3037,1174758364
11,3083455,0.1204,0.9194,1174758368
11,3083463,1,-0,1174758376
11,3083469,1,-0,1174758382
11,3083470,1,-0,1174758383
11,3083472,0.4964,0.3042,1174758385
11,3083493,0.2446,0.6115,1174758406
11,3083494,1,-0,1174758407
11,3083568,1,-0,1174758481
11,3083573,1,-0,1174758486
11,3083620,0.222,0.6536,1174758533
11,3083621,1,-0,1174758534
11,3083657,0.3446,0.4627,1174758570
11,3083679,1,-0,1174758592
11,3083692,0.4658,0.3318,1174758605
11,3083698,0.6029,0.2198,1174758611
11,3083738,0.7536,0.1229,1174758651
11,3083787,0.3102,0.5084,1174758700
11,3083817,1,-0,1174758730
11,3083829,0.533,0.2733,1174758742
11,3083921,0.5695,0.2445,1174758834
11,3083935,0.07429,1.1291,1174758848
11,3083936,0.07429,1.1291,1174758849
11,3083937,0.07429,1.1291,1174758850
11,3083978,0.566,0.2472,1174758891
11,3086257,0.4926,0.3075,1174761170
11,3086277,1,-0,1174761190
11,3086278,1,-0,1174761191
11,3086285,0.4938,0.3064,1174761198
11,3086286,0.4938,0.3064,1174761199
11,3086292,0.4938,0.3064,1174761205
11,3086294,0.618,0.209,1174761207
11,3086303,1,-0,1174761216
11,3086309,1,-0,1174761222
11,3086313,1,-0,1174761226
11,3086321,0.06206,1.2072,1174761234
11,3086323,0.3663,0.4362,1174761236
11,3086324,0.1181,0.9278,1174761237
11,3086330,0.06206,1.2072,1174761243
11,3086334,3.073e-11,10.5124,1174761247
11,3086336,3.073e-11,10.5124,1174761249
11,3086346,3.073e-11,10.5124,1174761259
11,3086358,0.3642,0.4387,1174761271
11,3086367,1,-0,1174761280
11,3086375,0.4938,0.3064,1174761288
11,3086572,1,-0,1174761485
11,3086576,4.061e-8,7.3914,1174761489
11,3086585,0.4938,0.3064,1174761498
11,3086586,0.4938,0.3064,1174761499
11,3086588,1,-0,1174761501
11,3086607,0.002937,2.5321,1174761520
11,3086614,0.4938,0.3064,1174761527
11,3086641,0.4938,0.3064,1174761554
11,3086644,0.618,0.209,1174761557
11,3086646,0.4938,0.3064,1174761559
11,3086652,0.4938,0.3064,1174761565
11,3086656,0.02752,1.5604,1174761569
11,3086658,0.3642,0.4387,1174761571
11,3086668,2.048e-14,13.6887,1174761581
11,3086672,0.4938,0.3064,1174761585
11,3086690,0.4938,0.3064,1174761603
11,3086692,0.3252,0.4878,1174761605
11,3086742,1,-0,1174761655
11,3148327,0.2227,0.6523,1174823240
11,3148344,0.2227,0.6523,1174823257
11,3148370,0.2575,0.5892,1174823283
11,3148386,0.04813,1.3176,1174823299
11,3148388,0.6035,0.2193,1174823301
11,3148391,1,-0,1174823304
11,3148415,0.1079,0.967,1174823328
11,3148584,0.2487,0.6043,1174823497
11,3148605,1,-0,1174823518
11,3148614,1,-0,1174823527
11,3148641,1,-0,1174823554
11,3148652,1,-0,1174823565
11,3148659,0.1119,0.9512,1174823572
11,3148660,0.386,0.4134,1174823573
11,3148661,0.5981,0.2232,1174823574
11,3148682,1,-0,1174823595
11,3148704,0.2161,0.6653,1174823617
11,3148710,1,-0,1174823623
11,3148711,1,-0,1174823624
11,3148712,0.4966,0.304,1174823625
11,3148713,1,-0,1174823626
11,3148715,0.2412,0.6176,1174823628
11,3148719,0.5363,0.2706,1174823632
11,3148720,0.121,0.9172,1174823633
11,3148771,0.2964,0.5281,1174823684
11,3148782,0.1641,0.7849,1174823695
11,3148784,0.1739,0.7597,1174823697
11,3148794,1,-0,1174823707
11,3148826,1,-0,1174823739
11,3148842,1,-0,1174823755
11,3148853,0.4091,0.3882,1174823766
11,3148857,0.1739,0.7597,1174823770
11,3148863,1,-0,1174823776
11,3148864,1,-0,1174823777
11,3149088,0.01316,1.8807,1174824001
11,3149092,0.5206,0.2835,1174824005
11,3149096,0.1362,0.8658,1174824009
11,3149097,1,-0,1174824010
11,3149106,1,-0,1174824019
11,3149110,0.1739,0.7597,1174824023
11,3149116,0.6957,0.1576,1174824029
11,3149125,1,-0,1174824038
11,3149153,0.5706,0.2437,1174824066
11,3149170,0.1739,0.7597,1174824083
11,3149172,0.1739,0.7597,1174824085
11,3149174,1,-0,1174824087
11,3149176,0.7024,0.1534,1174824089
11,3149178,0.7742,0.1111,1174824091
11,3149180,0.4643,0.3332,1174824093
11,3149182,1,-0,1174824095
11,3149184,0.1532,0.8147,1174824097
11,3149186,0.1499,0.8242,1174824099
11,3149196,1,-0,1174824109
11,3149202,0.5193,0.2846,1174824115
11,3219218,0.1204,0.9194,1174894131
11,3219228,0.01309,1.8831,1174894141
11,3219230,1,-0,1174894143
11,3219231,1,-0,1174894144
11,3219236,1,-0,1174894149
11,3219244,0.2766,0.5581,1174894157
11,3219251,0.6509,0.1865,1174894164
11,3219253,0.00309,2.51,1174894166
11,3219257,0.1674,0.7762,1174894170
11,3219259,0.2421,0.616,1174894172
11,3219260,0.2421,0.616,1174894173
11,3219262,0.4427,0.3539,1174894175
11,3219268,1,-0,1174894181
11,3219272,1,-0,1174894185
11,3219277,1,-0,1174894190
11,3219288,0.2421,0.616,1174894201
11,3219290,1,-0,1174894203
11,3219310,0.8191,0.0867,1174894223
11,3219322,0.6816,0.1665,1174894235
11,3219323,0.5314,0.2746,1174894236
11,3219329,0.4969,0.3037,1174894242
11,3219332,0.2421,0.616,1174894245
11,3219347,0.4969,0.3037,1174894260
11,3219348,0.6073,0.2166,1174894261
11,3219349,0.2421,0.616,1174894262
11,3219350,1,-0,1174894263
11,3219601,0.4396,0.3569,1174894514
11,3219615,0.2421,0.616,1174894528
11,3219622,0.2421,0.616,1174894535
11,3219624,1,-0,1174894537
11,3219634,0.2421,0.616,1174894547
11,3219637,0.4969,0.3037,1174894550
11,3219650,0.2421,0.616,1174894563
11,3219655,1,-0,1174894568
11,3219676,0.3247,0.4885,1174894589
11,3219687,1,-0,1174894600
11,3219705,1,-0,1174894618
11,3219710,0.2421,0.616,1174894623
11,3219724,1,-0,1174894637
11,3227981,0.2102,0.6774,1174902894
11,3227983,0.00565,2.248,1174902896
11,3227997,0.2423,0.6156,1174902910
11,3228002,1,-0,1174902915
11,3228007,1.381e-8,7.8598,1174902920
11,3228008,0.0561,1.251,1174902921
11,3228009,0.497,0.3036,1174902922
11,3228018,1,-0,1174902931
11,3228023,0.6797,0.1677,1174902936
11,3228026,0.06206,1.2072,1174902939
11,3228030,0.06206,1.2072,1174902943
11,3228031,0.5624,0.25,1174902944
11,3228034,0.06206,1.2072,1174902947
11,3228037,1,-0,1174902950
11,3228038,0.06206,1.2072,1174902951
11,3228039,0.06206,1.2072,1174902952
11,3228047,0.2423,0.6156,1174902960
11,3228056,1,-0,1174902969
11,3228059,0.497,0.3036,1174902972
11,3228069,1,-0,1174902982
11,3228083,0.497,0.3036,1174902996
11,3228090,1,-0,1174903003
11,3228091,1,-0,1174903004
11,3228095,0.497,0.3036,1174903008
11,3228108,0.497,0.3036,1174903021
11,3228117,1,-0,1174903030
11,3228283,0.497,0.3036,1174903196
11,3228288,1,-0,1174903201
11,3228311,0.06206,1.2072,1174903224
11,3228327,0.497,0.3036,1174903240
11,3228332,0.497,0.3036,1174903245
11,3228345,1,-0,1174903258
11,3228354,0.2455,0.6099,1174903267
11,3228356,1,-0,1174903269
11,3228357,1,-0,1174903270
11,3228360,0.2455,0.6099,1174903273
11,3228361,0.618,0.209,1174903274
11,3228366,1,-0,1174903279
11,3228367,1,-0,1174903280
11,3228399,1.381e-8,7.8598,1174903312
11,3228401,1,-0,1174903314
11,3228402,1,-0,1174903315
11,3228407,0.05721,1.2425,1174903320
11,3228410,0.269,0.5702,1174903323
11,3491450,1,-0,1175166363
11,3491470,0.4998,0.3012,1175166383
11,3491524,1,-0,1175166437
11,3491539,0.4527,0.3442,1175166452
11,3491547,0.5949,0.2256,1175166460
11,3491559,0.1862,0.73,1175166472
11,3491825,1,-0,1175166738
11,3491846,1,-0,1175166759
11,3491850,0.4998,0.3012,1175166763
11,3491858,1,-0,1175166771
11,3491859,0.5949,0.2256,1175166772
11,3491869,0.4998,0.3012,1175166782
11,3491882,0.04872,1.3123,1175166795
11,3491896,1,-0,1175166809
11,3491913,0.8081,0.0925,1175166826
11,3491938,1,-0,1175166851
11,3491941,1,-0,1175166854
11,3491944,1,-0,1175166857
11,3550259,1.05e-15,14.9788,1175225172
11,3550266,1,-0,1175225179
11,3550267,1,-0,1175225180
11,3550271,1,-0,1175225184
11,3550277,1,-0,1175225190
11,3550293,9.369e-8,7.0283,1175225206
11,3550313,0.4969,0.3037,1175225226
11,3550317,1,-0,1175225230
11,3550343,1,-0,1175225256
11,3550351,0.2454,0.6101,1175225264
11,3550356,0.7197,0.1428,1175225269
11,3550358,1,-0,1175225271
11,3550374,1,-0,1175225287
11,3550379,1,-0,1175225292
11,3550381,0.2059,0.6863,1175225294
11,3550386,1,-0,1175225299
11,3550516,0.4969,0.3037,1175225429
11,3550521,9.369e-8,7.0283,1175225434
11,3550555,1,-0,1175225468
11,3550587,1.05e-15,14.9788,1175225500
11,3550593,9.369e-8,7.0283,1175225506
11,3550594,0.6204,0.2073,1175225507
11,3550629,9.369e-8,7.0283,1175225542
11,3550633,0.2454,0.6101,1175225546
11,3560163,0.4969,0.3037,1175235076
11,3560164,1,-0,1175235077
11,3560177,0.6816,0.1665,1175235090
11,3560178,1,-0,1175235091
11,3560180,0.4969,0.3037,1175235093
11,3560190,1,-0,1175235103
11,3560196,0.001459,2.8359,1175235109
11,3560198,0.4969,0.3037,1175235111
11,3560203,0.2768,0.5578,1175235116
11,3560206,1,-0,1175235119
11,3560210,0.2768,0.5578,1175235123
11,3560227,0.01367,1.8642,1175235140
11,3560228,1.945e-6,5.7111,1175235141
11,3560252,1,-0,1175235165
11,3560256,0.4969,0.3037,1175235169
11,3560276,0.4429,0.3537,1175235189
11,3560280,1,-0,1175235193
11,3560283,1,-0,1175235196
11,3560286,1,-0,1175235199
11,3560295,1,-0,1175235208
11,3560440,1,-0,1175235353
11,3560444,1,-0,1175235357
11,3560476,0.004086,2.3887,1175235389
11,3560488,0.4969,0.3037,1175235401
11,3560489,1,-0,1175235402
11,3560509,0.6204,0.2073,1175235422
11,3655445,3.174e-4,3.4984,1175330358
11,3655475,0.6213,0.2067,1175330388
11,3655495,0.4975,0.3032,1175330408
11,3655502,0.4975,0.3032,1175330415
11,3655505,1,-0,1175330418
11,3655513,0.7987,0.0976,1175330426
11,3655529,0.4975,0.3032,1175330442
11,3655532,0.002639,2.5786,1175330445
11,3655533,0.2772,0.5572,1175330446
11,3655549,1,-0,1175330462
11,3655552,0.4975,0.3032,1175330465
11,3655556,1,-0,1175330469
11,3655559,4.017e-8,7.3961,1175330472
11,3655561,0.7477,0.1263,1175330474
11,3655562,1,-0,1175330475
11,3655565,4.561e-4,3.3409,1175330478
11,3655570,8.78e-5,4.0565,1175330483
11,3655670,0.4975,0.3032,1175330583
11,3655676,0.8683,0.0613,1175330589
11,3655685,0.6087,0.21560000000000001,1175330598
11,3655698,4.017e-8,7.3961,1175330611
11,3655700,1,-0,1175330613
11,3655706,0.1432,0.8441,1175330619
11,3655725,1,-0,1175330638
11,3655741,0.4975,0.3032,1175330654
11,3655742,1,-0,1175330655
11,3655749,1,-0,1175330662
11,3655751,0.007643,2.1167,1175330664
11,3655769,0.7115,0.1478,1175330682
11,3655774,0.1472,0.8321,1175330687
11,3655784,1,-0,1175330697
11,3785088,1,-0,1175460001
11,3785161,0.4615,0.3358,1175460074
11,3785537,1,-0,1175460450
11,3785543,0.4932,0.307,1175460456
11,3785563,1,-0,1175460476
11,3785600,0.2081,0.6817,1175460513
11,3785635,0.05899,1.2292,1175460548
11,3785636,0.04711,1.3269,1175460549
11,3785649,0.109,0.9626,1175460562
11,3785664,0.358,0.4461,1175460577
11,3785671,0.7146,0.1459,1175460584
11,3785673,0.4875,0.312,1175460586
11,3785680,0.4875,0.312,1175460593
11,3785681,0.4875,0.312,1175460594
11,3785688,1,-0,1175460601
11,3785689,0.06764,1.1698,1175460602
11,3785691,0.4875,0.312,1175460604
11,3785694,0.09264,1.0332,1175460607
11,3785703,0.2243,0.6492,1175460616
11,3785704,1,-0,1175460617
11,3785710,0.4875,0.312,1175460623
11,3785726,0.481,0.3179,1175460639
11,3785732,0.4875,0.312,1175460645
11,3785733,0.4875,0.312,1175460646
11,3785746,0.2361,0.6269,1175460659
11,3785754,0.4875,0.312,1175460667
11,3785755,0.481,0.3179,1175460668
11,3785761,1,-0,1175460674
11,3785762,0.2356,0.6278,1175460675
11,3785874,0.1052,0.978,1175460787
11,3785884,0.2032,0.6921,1175460797
11,3785896,0.05737,1.2413,1175460809
11,3785897,0.4875,0.312,1175460810
11,3785905,0.4875,0.312,1175460818
11,3785917,0.09536,1.0206,1175460830
11,3785924,1,-0,1175460837
11,3785925,0.4875,0.312,1175460838
11,3785929,0.04498,1.347,1175460842
11,3785933,0.358,0.4461,1175460846
11,3785943,1.072e-7,6.9698,1175460856
11,3785948,1.294e-6,5.8881,1175460861
11,3785951,1,-0,1175460864
11,3785952,0.01683,1.7739,1175460865
11,3785958,1.294e-6,5.8881,1175460871
11,3785960,0.004495,2.3473,1175460873
11,3785986,0.6133,0.2123,1175460899
11,3785992,0.04498,1.347,1175460905
11,3786459,1,-0,1175461372
11,3800307,0.1223,0.9126,1175475220
11,3800310,0.4969,0.3037,1175475223
11,3800311,0.6204,0.2073,1175475224
11,3800315,1,-0,1175475228
11,3800320,1,-0,1175475233
11,3800321,5.691e-7,6.2448,1175475234
11,3800328,1,-0,1175475241
11,3800330,0.4969,0.3037,1175475243
11,3800336,1,-0,1175475249
11,3800341,0.4969,0.3037,1175475254
11,3800356,1.704e-8,7.7685,1175475269
11,3800367,0.4721,0.326,1175475280
11,3800373,1,-0,1175475286
11,3800399,1,-0,1175475312
11,3800403,1,-0,1175475316
11,3800410,0.4969,0.3037,1175475323
11,3800413,0.5649,0.248,1175475326
11,3800421,1,-0,1175475334
11,3800423,0.03781,1.4224,1175475336
11,3800425,0.0273,1.5638,1175475338
11,3800432,1,-0,1175475345
11,3800433,1,-0,1175475346
11,3800436,0.07412,1.1301,1175475349
11,3800438,1,-0,1175475351
11,3800445,1.105e-4,3.9566,1175475358
11,3800619,0.4938,0.3064,1175475532
11,3800625,0.4938,0.3064,1175475538
11,3800650,0.3693,0.4326,1175475563
11,3800673,0.1204,0.9194,1175475586
11,3800679,3.959e-8,7.4024,1175475592
11,3800688,0.4926,0.3075,1175475601
11,3800695,0.4969,0.3037,1175475608
11,3800705,0.4969,0.3037,1175475618
11,3800716,0.4969,0.3037,1175475629
11,3800721,0.0587,1.2314,1175475634
11,3800751,0.7461,0.1272,1175475664
11,3871825,0.4969,0.3037,1175546738
11,3871832,1,-0,1175546745
11,3871848,0.01367,1.8642,1175546761
11,3871857,0.6204,0.2073,1175546770
11,3871866,0.02843,1.5462,1175546779
11,3871867,2.678e-6,5.5722,1175546780
11,3871885,0.8311,0.0803,1175546798
11,3871886,0.812,0.0904,1175546799
11,3871894,1,-0,1175546807
11,3871914,0.6816,0.1665,1175546827
11,3871920,1,-0,1175546833
11,3871934,0.4954,0.305,1175546847
11,3871935,0.2454,0.6101,1175546848
11,3871939,0.3673,0.435,1175546852
11,3871945,0.6204,0.2073,1175546858
11,3871947,1,-0,1175546860
11,3871951,1,-0,1175546864
11,3871952,0.2101,0.6776,1175546865
11,3872095,1,-0,1175547008
11,3872111,1,-0,1175547024
11,3872112,1,-0,1175547025
11,3872131,1,-0,1175547044
11,3872137,0.6204,0.2073,1175547050
11,3872144,1,-0,1175547057
11,3872158,1,-0,1175547071
11,3872178,1,-0,1175547091
11,3872181,1,-0,1175547094
11,3945087,0.4972,0.3035,1175620000
11,3945109,0.2117,0.6743,1175620022
11,3945128,0.1103,0.9574,1175620041
11,3945132,0.4972,0.3035,1175620045
11,3945133,0.02573,1.5896,1175620046
11,3945140,0.5662,0.247,1175620053
11,3945152,0.02573,1.5896,1175620065
11,3945176,0.7651,0.1163,1175620089
11,3945300,0.4875,0.312,1175620213
11,3945307,0.6208,0.207,1175620220
11,3945330,0.02573,1.5896,1175620243
11,3945339,0.4972,0.3035,1175620252
11,3945343,0.02573,1.5896,1175620256
11,3945359,0.02573,1.5896,1175620272
11,3945365,0.02573,1.5896,1175620278
11,3945371,0.02573,1.5896,1175620284
11,3945374,0.4875,0.312,1175620287
11,3945378,0.02573,1.5896,1175620291
11,3945385,0.02573,1.5896,1175620298
11,3945391,0.02573,1.5896,1175620304
11,3945400,0.864,0.0635,1175620313
11,3945402,0.4875,0.312,1175620315
11,3945403,0.02573,1.5896,1175620316
11,3945424,0.4875,0.312,1175620337
11,4082152,9.587e-8,7.0183,1175757065
11,4082159,0.4938,0.3064,1175757072
11,4082237,0.2423,0.6156,1175757150
11,4082238,0.00909,2.0414,1175757151
11,4082258,9.587e-8,7.0183,1175757171
11,4082261,0.05875,1.231,1175757174
11,4082262,1,-0,1175757175
11,4082281,0.4938,0.3064,1175757194
11,4082525,0.2423,0.6156,1175757438
11,4082526,1,-0,1175757439
11,4082540,9.587e-8,7.0183,1175757453
11,4082599,0.7643,0.1167,1175757512
11,4082613,4.195e-17,16.3773,1175757526
11,4082614,4.195e-17,16.3773,1175757527
11,4082615,4.195e-17,16.3773,1175757528
11,4082620,4.195e-17,16.3773,1175757533
11,4082621,4.195e-17,16.3773,1175757534
11,4166685,6.965e-15,14.1571,1175841598
11,4166692,1,-0,1175841605
11,4166693,1.435e-7,6.8431,1175841606
11,4166699,3.333e-8,7.4772,1175841612
11,4166704,1,-0,1175841617
11,4166722,0.002963,2.5283,1175841635
11,4166727,0.4938,0.3064,1175841640
11,4166736,5.588e-6,5.2527,1175841649
11,4166737,1,-0,1175841650
11,4166746,0.05875,1.231,1175841659
11,4166749,6.965e-15,14.1571,1175841662
11,4166750,1,-0,1175841663
11,4166757,0.618,0.209,1175841670
11,4166759,0.2455,0.6099,1175841672
11,4166767,0.05875,1.231,1175841680
11,4166773,0.497,0.3036,1175841686
11,4166781,3.333e-8,7.4772,1175841694
11,4166792,0.03551,1.4496,1175841705
11,4166801,0.03551,1.4496,1175841714
11,4166803,4.957e-6,5.3048,1175841716
11,4166806,1,-0,1175841719
11,4167030,0.03551,1.4496,1175841943
11,4167032,0.2102,0.6774,1175841945
11,4167049,0.497,0.3036,1175841962
11,4167064,0.06284,1.2018,1175841977
11,4167065,1.525e-10,9.8167,1175841978
11,4167083,1,-0,1175841996
11,4167089,0.5445,0.264,1175842002
11,4167092,1,-0,1175842005
11,4167093,1,-0,1175842006
11,4167094,0.3285,0.4835,1175842007
11,4167101,1,-0,1175842014
11,4167103,0.02479,1.6057,1175842016
11,4167106,0.05875,1.231,1175842019
11,4167121,0.2102,0.6774,1175842034
11,4167125,0.003663,2.4362,1175842038
11,4167129,0.2102,0.6774,1175842042
11,4339130,0.124,0.9066,1176014043
11,4339134,6.55e-4,3.1838,1176014047
11,4339150,0.1205,0.919,1176014063
11,4339187,1,-0,1176014100
11,4339222,1,-0,1176014135
11,4339233,1,-0,1176014146
11,4339236,1,-0,1176014149
11,4339247,6.676e-17,16.1755,1176014160
11,4339297,0.03451,1.4621,1176014210
11,4339301,5.248e-8,7.28,1176014214
11,4339302,0.1172,0.9311,1176014215
11,4339306,0.01386,1.8582,1176014219
11,4339308,1.17e-4,3.9318,1176014221
11,4339356,3.094e-5,4.5095,1176014269
11,4339391,1,-0,1176014304
11,4339422,0.4783,0.3203,1176014335
11,4339584,3.851e-5,4.4144,1176014497
11,4339613,1.258e-6,5.9003,1176014526
11,4339624,0.4918,0.3082,1176014537
11,4339650,3.851e-5,4.4144,1176014563
11,4361109,0.01551,1.8094,1176036022
11,4361115,0.8193,0.0866,1176036028
11,4361153,0.4969,0.3037,1176036066
11,4361155,1,-0,1176036068
11,4361168,0.04709,1.3271,1176036081
11,4361174,0.1675,0.776,1176036087
11,4361179,1,-0,1176036092
11,4361182,1,-0,1176036095
11,4361200,1,-0,1176036113
11,4361201,0.7657,0.1159,1176036114
11,4361211,0.08602,1.0654,1176036124
11,4361216,0.3461,0.4608,1176036129
11,4361223,0.4783,0.3203,1176036136
11,4361228,0.7869,0.1041,1176036141
11,4361242,0.08602,1.0654,1176036155
11,4361390,0.07029,1.1531,1176036303
11,4361399,0.3283,0.4837,1176036312
11,4361402,0.2454,0.6101,1176036315
11,4361413,0.6204,0.2073,1176036326
11,4361417,1,-0,1176036330
11,4361419,0.2691,0.5701,1176036332
11,4361424,0.6816,0.1665,1176036337
11,4361433,0.6133,0.2123,1176036346
11,4361434,0.01173,1.9307,1176036347
11,4361442,1,-0,1176036355
11,4361443,9.369e-8,7.0283,1176036356
11,4361449,1,-0,1176036362
11,4361459,0.5345,0.2721,1176036372
11,4361465,0.0986,1.0061,1176036378
11,4361478,1,-0,1176036391
11,4361511,1,-0,1176036424
11,4539786,0.4938,0.3064,1176214699
11,4539821,0.05721,1.2425,1176214734
11,4539824,0.497,0.3036,1176214737
11,4539826,0.618,0.209,1176214739
11,4539831,0.6797,0.1677,1176214744
11,4539841,0.4938,0.3064,1176214754
11,4539848,0.4938,0.3064,1176214761
11,4539866,1,-0,1176214779
11,4539874,0.2423,0.6156,1176214787
11,4539884,0.03083,1.511,1176214797
11,4539896,1,-0,1176214809
11,4539900,1,-0,1176214813
11,4539917,0.5152,0.288,1176214830
11,4540075,5.767e-10,9.2391,1176214988
11,4540083,0.09569,1.0191,1176214996
11,4540087,0.4938,0.3064,1176215000
11,4540092,0.4938,0.3064,1176215005
11,4540095,1,-0,1176215008
11,4540100,0.4938,0.3064,1176215013
11,4540116,1,-0,1176215029
11,4540117,0.00923,2.0348,1176215030
11,4540119,2.042e-4,3.6899,1176215032
11,4540137,1,-0,1176215050
11,4540143,0.00923,2.0348,1176215056
11,4540145,0.4938,0.3064,1176215058
11,4540161,0.2738,0.5626,1176215074
11,4540177,0.497,0.3036,1176215090
11,4540180,1,-0,1176215093
11,4540185,0.4938,0.3064,1176215098
11,4540186,0.01512,1.8204,1176215099
11,4540200,0.02752,1.5604,1176215113
11,4540209,0.5333,0.273,1176215122
11,4540225,1,-0,1176215138
11,4540338,1,-0,1176215251
11,4540672,1,-0,1176215585
11,4540692,1,-0,1176215605
11,4540705,0.5333,0.273,1176215618
11,4540723,0.5395,0.268,1176215636
11,4540731,1,-0,1176215644
11,4655691,1,-0,1176330604
11,4655720,0.01576,1.8024,1176330633
11,4655727,3.959e-8,7.4024,1176330640
11,4655737,0.01367,1.8642,1176330650
11,4655751,1,-0,1176330664
11,4655762,0.4969,0.3037,1176330675
11,4655766,3.182e-4,3.4973,1176330679
11,4655796,1,-0,1176330709
11,4656071,0.4969,0.3037,1176330984
11,4656078,1,-0,1176330991
11,4656088,0.2101,0.6776,1176331001
11,4656089,1,-0,1176331002
11,4656090,1,-0,1176331003
11,4656093,0.4969,0.3037,1176331006
11,4656094,0.3502,0.4557,1176331007
11,4656095,1,-0,1176331008
11,4656117,0.0986,1.0061,1176331030
11,4656118,1,-0,1176331031
11,4656128,0.2784,0.5553,1176331041
11,4656130,0.3056,0.5148,1176331043
11,4656134,1,-0,1176331047
11,4656148,1,-0,1176331061
11,4656152,0.04867,1.3127,1176331065
11,4656187,1,-0,1176331100
11,4656195,1,-0,1176331108
11,4672779,1,-0,1176347692
11,4672783,0.001459,2.8359,1176347696
11,4672791,1.174e-6,5.9303,1176347704
11,4672792,1,-0,1176347705
11,4672794,0.001473,2.8318,1176347707
11,4672801,0.4969,0.3037,1176347714
11,4672806,1,-0,1176347719
11,4672809,1,-0,1176347722
11,4672820,0.4969,0.3037,1176347733
11,4672821,0.2454,0.6101,1176347734
11,4672833,0.009649,2.0155,1176347746
11,4672842,1,-0,1176347755
11,4672847,1,-0,1176347760
11,4672857,1,-0,1176347770
11,4672862,0.2101,0.6776,1176347775
11,4672865,1.174e-6,5.9303,1176347778
11,4672875,0.4954,0.305,1176347788
11,4672882,1,-0,1176347795
11,4672889,1,-0,1176347802
11,4673013,1,-0,1176347926
11,4673014,2.398e-16,15.6202,1176347927
11,4673015,1,-0,1176347928
11,4673023,1,-0,1176347936
11,4673030,1,-0,1176347943
11,4673032,1,-0,1176347945
11,4673040,1,-0,1176347953
11,4673062,0.3673,0.435,1176347975
11,4673064,1,-0,1176347977
11,4673087,3.959e-8,7.4024,1176348000
11,4673088,1,-0,1176348001
11,4673102,0.247,0.6073,1176348015
11,4673108,0.4969,0.3037,1176348021
11,4673125,1,-0,1176348038
11,4673128,1,-0,1176348041
11,4673129,1,-0,1176348042
11,4673136,1,-0,1176348049
11,4673138,1,-0,1176348051
11,4781944,0.4969,0.3037,1176456857
11,4781962,0.2454,0.6101,1176456875
11,4781969,0.6816,0.1665,1176456882
11,4781971,0.4969,0.3037,1176456884
11,4781977,0.247,0.6073,1176456890
11,4781981,1,-0,1176456894
11,4781994,1,-0,1176456907
11,4781999,0.4969,0.3037,1176456912
11,4782026,0.6646,0.1774,1176456939
11,4782047,0.5345,0.2721,1176456960
11,4782068,1,-0,1176456981
11,4782212,0.781,0.1073,1176457125
11,4782225,1,-0,1176457138
11,4782227,1,-0,1176457140
11,4782228,1,-0,1176457141
11,4782230,0.4969,0.3037,1176457143
11,4782231,1,-0,1176457144
11,4782236,0.1204,0.9194,1176457149
11,4782246,1,-0,1176457159
11,4782247,1,-0,1176457160
11,4782276,0.1204,0.9194,1176457189
11,4782277,1,-0,1176457190
11,4782279,0.6816,0.1665,1176457192
11,4782283,1,-0,1176457196
11,4782293,0.6215,0.2066,1176457206
11,4782300,0.4969,0.3037,1176457213
11,4782303,1,-0,1176457216
11,4782317,1,-0,1176457230
11,4782318,1,-0,1176457231
11,4782325,0.4969,0.3037,1176457238
11,4782326,0.247,0.6073,1176457239
11,4782331,0.6816,0.1665,1176457244
11,4954747,4.42e-7,6.3546,1176629660
11,4954754,0.2455,0.6099,1176629667
11,4954760,0.3642,0.4387,1176629673
11,4954761,0.003663,2.4362,1176629674
11,4954766,0.4938,0.3064,1176629679
11,4954779,0.1211,0.9169,1176629692
11,4954791,0.497,0.3036,1176629704
11,4954802,0.2327,0.6332,1176629715
11,4954803,0.3507,0.4551,1176629716
11,4954809,0.3695,0.4324,1176629722
11,4954817,0.2423,0.6156,1176629730
11,4954819,0.4938,0.3064,1176629732
11,4954843,2.31e-16,15.6364,1176629756
11,4954856,0.6204,0.2073,1176629769
11,4954982,0.2951,0.53,1176629895
11,4954988,1,-0,1176629901
11,4954989,1,-0,1176629902
11,4954996,1,-0,1176629909
11,4955004,0.1181,0.9278,1176629917
11,4955009,1,-0,1176629922
11,4955010,1,-0,1176629923
11,4955011,1,-0,1176629924
11,4955012,0.03007,1.5219,1176629925
11,4955015,1,-0,1176629928
11,4955018,0.05875,1.231,1176629931
11,4955022,1,-0,1176629935
11,4955027,2.31e-16,15.6364,1176629940
11,4955033,1,-0,1176629946
11,4955044,0.4938,0.3064,1176629957
11,4955056,7.044e-16,15.1522,1176629969
11,4955057,1,-0,1176629970
11,4955067,0.4938,0.3064,1176629980
11,4955100,1,-0,1176630013
11,4955108,1,-0,1176630021
11,4955114,0.4938,0.3064,1176630027
11,4955115,1,-0,1176630028
11,5297242,0.05134,1.2895,1176972155
11,5297246,7.716e-10,9.1126,1176972159
11,5297375,0.05134,1.2895,1176972288
11,5297376,0.01463,1.8348,1176972289
11,5297408,0.024,1.6198,1176972321
11,5297412,0.009006,2.0455,1176972325
11,5297413,0.1205,0.919,1176972326
11,5297414,0.2298,0.6386,1176972327
11,5297435,0.1552,0.8091,1176972348
11,5297440,0.08913,1.05,1176972353
11,5297445,0.1205,0.919,1176972358
11,5297449,0.01463,1.8348,1176972362
11,5297450,0.6087,0.21560000000000001,1176972363
11,5297484,0.6087,0.21560000000000001,1176972397
11,5297487,2.908e-6,5.5364,1176972400
11,5329029,0.2298,0.6386,1177003942
11,5329044,0.05134,1.2895,1177003957
11,5329045,0.4975,0.3032,1177003958
11,5329046,0.2298,0.6386,1177003959
11,5329051,0.5374,0.2697,1177003964
11,5329057,0.6087,0.21560000000000001,1177003970
11,5329059,0.1522,0.8176,1177003972
11,5329063,1,-0,1177003976
11,5329071,0.2298,0.6386,1177003984
11,5329073,0.481,0.3179,1177003986
11,5329090,1,-0,1177004003
11,5329091,0.2298,0.6386,1177004004
11,5329115,0.496,0.3045,1177004028
11,5329356,0.4648,0.3327,1177004269
11,5329374,0.2463,0.6085,1177004287
11,5329387,0.4829,0.3161,1177004300
11,5329390,0.1213,0.9161,1177004303
11,5329395,1,-0,1177004308
11,5329397,1,-0,1177004310
11,5329399,0.6087,0.21560000000000001,1177004312
11,5329417,1,-0,1177004330
11,5329422,0.2298,0.6386,1177004335
11,5329423,0.6087,0.21560000000000001,1177004336
11,5329428,1,-0,1177004341
11,5329429,0.2298,0.6386,1177004342
11,5329436,1,-0,1177004349
11,5329437,0.4975,0.3032,1177004350
11,5928851,0.1204,0.9194,1177603764
11,5928878,0.4969,0.3037,1177603791
11,5928908,1,-0,1177603821
11,5929184,1,-0,1177604097
11,6033752,0.6816,0.1665,1177708665
11,6033773,1,-0,1177708686
11,6033782,0.2454,0.6101,1177708695
11,6033789,1,-0,1177708702
11,6033799,1,-0,1177708712
11,6033810,0.4969,0.3037,1177708723
11,6033817,1,-0,1177708730
11,6033826,1,-0,1177708739
11,6033857,0.4969,0.3037,1177708770
11,6033858,1,-0,1177708771
11,6033865,0.4969,0.3037,1177708778
11,6033869,0.4969,0.3037,1177708782
11,6033873,0.4969,0.3037,1177708786
11,6033876,1,-0,1177708789
11,6033880,0.01367,1.8642,1177708793
11,6033989,0.4969,0.3037,1177708902
11,6033990,0.06267,1.2029,1177708903
11,6034017,0.4969,0.3037,1177708930
11,6034018,1,-0,1177708931
11,6034047,0.4969,0.3037,1177708960
11,6034052,1,-0,1177708965
11,6034054,0.2454,0.6101,1177708967
11,6034063,0.4969,0.3037,1177708976
11,6034067,1,-0,1177708980
11,6034073,0.7461,0.1272,1177708986
11,6034090,1,-0,1177709003
11,6079063,1,-0,1177753976
11,6079071,0.004391,2.3574,1177753984
11,6079083,5.638e-5,4.2489,1177753996
11,6079111,5.638e-5,4.2489,1177754024
11,6079165,1,-0,1177754078
11,6079173,1,-0,1177754086
11,6079193,1,-0,1177754106
11,6079194,1,-0,1177754107
11,6079220,0.1204,0.9194,1177754133
11,6079222,1,-0,1177754135
11,6079227,1,-0,1177754140
11,6079229,1,-0,1177754142
11,6079272,1,-0,1177754185
11,6079288,0.3673,0.435,1177754201
11,6079459,1,-0,1177754372
11,6079481,1.148e-16,15.9401,1177754394
11,6079493,1,-0,1177754406
11,6079503,0.4969,0.3037,1177754416
11,6079504,1.737e-5,4.7602,1177754417
11,6079515,1,-0,1177754428
11,6079538,0.4969,0.3037,1177754451
11,6079546,1.148e-16,15.9401,1177754459
11,6079549,1.148e-16,15.9401,1177754462
11,6079563,1,-0,1177754476
11,6187286,0.05694,1.2446,1177862199
11,6187291,1,-0,1177862204
11,6187294,1,-0,1177862207
11,6187348,0.4298,0.3667,1177862261
11,6187350,0.4534,0.3435,1177862263
11,6187352,1,-0,1177862265
11,6187362,0.2419,0.6164,1177862275
11,6187365,0.6176,0.2093,1177862278
11,6187369,0.4968,0.3038,1177862282
11,6187380,0.2452,0.6105,1177862293
11,6187405,0.4935,0.3067,1177862318
11,6187496,2.61e-5,4.5834,1177862409
11,6187502,0.02259,1.6461,1177862415
11,6187505,4.051e-7,6.3924,1177862418
11,6187509,1,-0,1177862422
11,6187510,0.4935,0.3067,1177862423
11,6187513,1,-0,1177862426
11,6187519,0.1399,0.8542,1177862432
11,6187527,0.001818,2.7404,1177862440
11,6187528,4.051e-7,6.3924,1177862441
11,6187530,1,-0,1177862443
11,6187531,0.4968,0.3038,1177862444
11,6187545,0.09587,1.0183,1177862458
11,6187548,0.4968,0.3038,1177862461
11,6187560,1,-0,1177862473
11,6187574,0.6814,0.1666,1177862487
11,6187587,0.2452,0.6105,1177862500
11,6187589,1,-0,1177862502
11,6187590,1,-0,1177862503
11,6187594,0.6176,0.2093,1177862507
11,6187606,1,-0,1177862519
11,6187620,0.07568,1.121,1177862533
11,6187628,1,-0,1177862541
11,6190076,0.2327,0.6332,1177864989
11,6190077,0.1404,0.8526,1177864990
11,6190079,0.6729,0.172,1177864992
11,6190082,0.4966,0.304,1177864995
11,6190094,0.1011,0.9952,1177865007
11,6190095,0.4667,0.331,1177865008
11,6190096,0.4989,0.302,1177865009
11,6190113,1,-0,1177865026
11,6190127,0.03019,1.5201,1177865040
11,6190137,0.4989,0.302,1177865050
11,6190153,1,-0,1177865066
11,6190173,0.4667,0.331,1177865086
11,6190180,0.5583,0.2531,1177865093
11,6190196,0.6006,0.2214,1177865109
11,6190481,0.8693,0.0608,1177865394
11,6190502,0.4989,0.302,1177865415
11,6190512,0.4989,0.302,1177865425
11,6190513,1,-0,1177865426
11,6190533,0.4667,0.331,1177865446
11,6190534,0.3722,0.4292,1177865447
11,6190550,0.4667,0.331,1177865463
11,6190557,0.8697,0.0606,1177865470
11,6190558,0.4667,0.331,1177865471
11,6190560,0.1233,0.909,1177865473
11,6190573,1,-0,1177865486
11,6190574,0.2161,0.6653,1177865487
11,6190577,0.4989,0.302,1177865490
11,6190580,0.3722,0.4292,1177865493
11,6190584,0.09929,1.0031,1177865497
11,6190585,1,-0,1177865498
11,6190589,0.4989,0.302,1177865502
11,6238362,0.03571,1.4472,1177913275
11,6238397,0.03571,1.4472,1177913310
11,6238472,1,-0,1177913385
11,6238819,1,-0,1177913732
11,6238848,7.435e-7,6.1287,1177913761
11,6238862,0.0184,1.7352,1177913775
11,6238892,0.6178,0.2092,1177913805
11,6238896,1,-0,1177913809
11,6238918,0.4969,0.3037,1177913831
11,6238934,0.4128,0.3843,1177913847
11,6238940,0.2421,0.616,1177913853
11,6238944,1,-0,1177913857
11,6238946,0.6816,0.1665,1177913859
11,6238965,1,-0,1177913878
11,6238979,1,-0,1177913892
11,6238997,0.2069,0.6842,1177913910
11,6238999,0.7177,0.1441,1177913912
11,6239005,1,-0,1177913918
11,6239006,1,-0,1177913919
11,6239008,0.2105,0.6767,1177913921
11,6239022,0.2421,0.616,1177913935
11,6239241,0.2453,0.6103,1177914154
11,6239246,0.2421,0.616,1177914159
11,6239262,0.4969,0.3037,1177914175
11,6239269,0.3333,0.4772,1177914182
11,6239272,1,-0,1177914185
11,6239275,0.2069,0.6842,1177914188
11,6239283,0.5892,0.2297,1177914196
11,6239284,0.5752,0.2402,1177914197
11,6239286,0.4969,0.3037,1177914199
11,6239299,1,-0,1177914212
11,6239301,0.3333,0.4772,1177914214
11,6239302,1,-0,1177914215
11,6239307,0.528,0.2774,1177914220
11,6239327,0.3277,0.4845,1177914240
11,6239343,0.4967,0.3039,1177914256
11,6239349,0.2417,0.6167,1177914262
11,6328918,1,-0,1178003831
11,6328936,0.2293,0.6396,1178003849
11,6328963,0.2462,0.6087,1178003876
11,6328964,0.7111,0.1481,1178003877
11,6328966,1,-0,1178003879
11,6328967,0.4975,0.3032,1178003880
11,6328984,1,-0,1178003897
11,6328993,1,-0,1178003906
11,6329002,0.1213,0.9161,1178003915
11,6329011,0.2293,0.6396,1178003924
11,6329032,1,-0,1178003945
11,6329037,0.3231,0.4907,1178003950
11,6329048,0.8215,0.0854,1178003961
11,6329210,1,-0,1178004123
11,6329216,0.05106,1.2919,1178004129
11,6329217,1,-0,1178004130
11,6329220,0.1588,0.7991,1178004133
11,6329242,0.2293,0.6396,1178004155
11,6329248,0.2293,0.6396,1178004161
11,6329262,0.4975,0.3032,1178004175
11,6329264,0.8647,0.0631,1178004177
11,6329265,1,-0,1178004178
11,6329268,1,-0,1178004181
11,6329282,1,-0,1178004195
11,6329290,0.7236,0.1405,1178004203
11,6329302,1,-0,1178004215
11,6329317,0.7111,0.1481,1178004230
11,6329322,0.2293,0.6396,1178004235
11,6329323,1,-0,1178004236
11,6329324,7.873e-4,3.1039,1178004237
11,6329330,1,-0,1178004243
11,6329375,1,-0,1178004288
11,6329381,1,-0,1178004294
11,6329383,1,-0,1178004296
11,6329395,1,-0,1178004308
11,6329424,0.4969,0.3037,1178004337
11,6329429,1.656e-8,7.7809,1178004342
11,6329431,0.4969,0.3037,1178004344
11,6329437,1,-0,1178004350
11,6329443,1.656e-8,7.7809,1178004356
11,6329449,0.4969,0.3037,1178004362
11,6329450,0.1169,0.9322,1178004363
11,6329458,1,-0,1178004371
11,6329461,0.4969,0.3037,1178004374
11,6329480,1,-0,1178004393
11,6329481,0.4969,0.3037,1178004394
11,6329614,0.5549,0.2558,1178004527
11,6329617,1,-0,1178004530
11,6329625,0.122,0.9136,1178004538
11,6329643,0.4969,0.3037,1178004556
11,6329644,1.945e-6,5.7111,1178004557
11,6329661,1,-0,1178004574
11,6329682,1,-0,1178004595
11,6329684,1,-0,1178004597
11,6329686,0.7266,0.1387,1178004599
11,6329696,8.179e-4,3.0873,1178004609
11,6329717,1,-0,1178004630
11,6329720,0.6204,0.2073,1178004633
11,6329734,0.6204,0.2073,1178004647
11,6329744,0.4969,0.3037,1178004657
11,6356714,1,-0,1178031627
11,6356719,1.174e-6,5.9303,1178031632
11,6356742,1,-0,1178031655
11,6356761,0.0587,1.2314,1178031674
11,6356774,1,-0,1178031687
11,6356778,1,-0,1178031691
11,6356785,1,-0,1178031698
11,6356795,1,-0,1178031708
11,6356819,1,-0,1178031732
11,6356832,1,-0,1178031745
11,6357086,1,-0,1178031999
11,6357116,9.369e-8,7.0283,1178032029
11,6357141,1,-0,1178032054
11,6357153,1,-0,1178032066
11,6357169,0.02843,1.5462,1178032082
11,6369302,0.2087,0.6805,1178044215
11,6369305,0.1662,0.7794,1178044218
11,6369332,8.38e-17,16.0768,1178044245
11,6369361,1,-0,1178044274
11,6369378,0.4966,0.304,1178044291
11,6369434,1,-0,1178044347
11,6369435,1,-0,1178044348
11,6369443,1,-0,1178044356
11,6369456,0.612,0.2132,1178044369
11,6369459,0.612,0.2132,1178044372
11,6369460,1,-0,1178044373
11,6369462,1,-0,1178044375
11,6369467,0.4861,0.3133,1178044380
11,6369471,1,-0,1178044384
11,6369483,1.521e-6,5.8179,1178044396
11,6369502,1,-0,1178044415
11,6369509,1,-0,1178044422
11,6369524,0.4966,0.304,1178044437
11,6369528,1,-0,1178044441
11,6369534,1,-0,1178044447
11,6369535,1,-0,1178044448
11,6369542,1,-0,1178044455
11,6369545,1,-0,1178044458
11,6369563,1,-0,1178044476
11,6410661,0.4938,0.3064,1178085574
11,6410672,0.618,0.209,1178085585
11,6410673,0.6073,0.2166,1178085586
11,6410675,5.196e-7,6.2843,1178085588
11,6410684,1,-0,1178085597
11,6410695,4.27e-16,15.3696,1178085608
11,6410696,0.2423,0.6156,1178085609
11,6410700,0.6204,0.2073,1178085613
11,6410711,0.05721,1.2425,1178085624
11,6410729,7.08e-9,8.15,1178085642
11,6410769,0.4938,0.3064,1178085682
11,6410910,0.4727,0.3254,1178085823
11,6410923,0.6204,0.2073,1178085836
11,6410943,1,-0,1178085856
11,6410973,0.3252,0.4878,1178085886
11,6410983,0.4938,0.3064,1178085896
11,6410988,1.339e-17,16.8732,1178085901
11,6410997,1,-0,1178085910
11,6410999,1.339e-17,16.8732,1178085912
11,6411000,1,-0,1178085913
11,6411008,0.5319,0.2742,1178085921
11,6411020,1,-0,1178085933
11,6411028,1,-0,1178085941
11,6421383,1,-0,1178096296
11,6421412,1,-0,1178096325
11,6421415,1,-0,1178096328
11,6421417,1,-0,1178096330
11,6421429,1,-0,1178096342
11,6421431,1,-0,1178096344
11,6421435,0.1204,0.9194,1178096348
11,6421452,1.174e-6,5.9303,1178096365
11,6421454,0.4969,0.3037,1178096367
11,6421464,1.174e-6,5.9303,1178096377
11,6421466,8.475e-5,4.0719,1178096379
11,6421467,1,-0,1178096380
11,6421470,0.1159,0.9359,1178096383
11,6421487,0.4969,0.3037,1178096400
11,6421495,1,-0,1178096408
11,6421496,1,-0,1178096409
11,6421511,1.174e-6,5.9303,1178096424
11,6421514,0.2027,0.6931,1178096427
11,6421515,1,-0,1178096428
11,6421516,1,-0,1178096429
11,6421650,0.4938,0.3064,1178096563
11,6421679,0.4969,0.3037,1178096592
11,6421701,0.6204,0.2073,1178096614
11,6421713,1.174e-6,5.9303,1178096626
11,6450059,1,-0,1178124972
11,6450073,1,-0,1178124986
11,6450081,1.719e-9,8.7647,1178124994
11,6450090,0.4969,0.3037,1178125003
11,6450096,1,-0,1178125009
11,6450097,1,-0,1178125010
11,6450100,1,-0,1178125013
11,6450108,1,-0,1178125021
11,6450126,0.034,1.4685,1178125039
11,6450160,0.4938,0.3064,1178125073
11,6450182,0.4938,0.3064,1178125095
11,6450273,0.4821,0.3169,1178125186
11,6450279,1,-0,1178125192
11,6450298,0.2454,0.6101,1178125211
11,6450328,1,-0,1178125241
11,6450329,0.4969,0.3037,1178125242
11,6450334,1,-0,1178125247
11,6450336,1,-0,1178125249
11,6450342,0.01367,1.8642,1178125255
11,6450346,0.4429,0.3537,1178125259
11,6450347,0.4969,0.3037,1178125260
11,6450353,1,-0,1178125266
11,6450388,1.023e-14,13.9901,1178125301
11,6450397,1,-0,1178125310
11,6709945,0.4875,0.312,1178384858
11,6709949,0.4875,0.312,1178384862
11,6709966,3.317e-6,5.4793,1178384879
11,6710002,0.4343,0.3622,1178384915
11,6710003,1.552e-6,5.8091,1178384916
11,6710004,1,-0,1178384917
11,6710006,1,-0,1178384919
11,6710021,0.481,0.3179,1178384934
11,6710036,1,-0,1178384949
11,6710038,1.314e-18,17.8814,1178384951
11,6710039,0.3788,0.4216,1178384952
11,6710309,0.4875,0.312,1178385222
11,6710315,2.242e-18,17.6494,1178385228
11,6710316,2.242e-18,17.6494,1178385229
11,6710321,2.242e-18,17.6494,1178385234
11,6710349,1,-0,1178385262
11,6710350,7.273e-4,3.1383,1178385263
11,6710369,8.205e-9,8.0859,1178385282
11,6710373,0.4875,0.312,1178385286
11,6710398,0.05425,1.2656,1178385311
11,6710407,1.278e-7,6.8935,1178385320
11,6710422,0.6133,0.2123,1178385335
11,6710431,0.4972,0.3035,1178385344
11,6710474,6.17e-8,7.2097,1178385387
11,6710483,0.3065,0.5136,1178385396
11,6710517,0.01021,1.991,1178385430
11,6710518,0.4118,0.3853,1178385431
11,6710519,0.7304,0.1364,1178385432
11,6710521,0.2335,0.6317,1178385434
11,6710553,8.118e-6,5.0906,1178385466
11,6710570,2.187e-11,10.6602,1178385483
11,6710588,0.567,0.2464,1178385501
11,6710603,1.39e-10,9.857,1178385516
11,6734395,0.49370000000000003,0.3065,1178409308
11,6734404,1,-0,1178409317
11,6734410,0.49370000000000003,0.3065,1178409323
11,6734411,0.2071,0.6838,1178409324
11,6734421,0.3657,0.4369,1178409334
11,6734422,6.65e-9,8.1772,1178409335
11,6734423,0.4969,0.3037,1178409336
11,6734451,0.2421,0.616,1178409364
11,6734688,0.6178,0.2092,1178409601
11,6734695,1,-0,1178409608
11,6734727,1,-0,1178409640
11,6734734,0.49370000000000003,0.3065,1178409647
11,6734752,3.859e-8,7.4135,1178409665
11,6734755,0.2421,0.616,1178409668
11,6734764,4.026e-5,4.3951,1178409677
11,6734774,9.909e-18,17.004,1178409687
11,6734788,6.65e-9,8.1772,1178409701
11,6734797,1,-0,1178409710
11,6734813,0.2421,0.616,1178409726
11,6734867,9.909e-18,17.004,1178409780
11,6734868,3.859e-8,7.4135,1178409781
11,6735128,5.009e-7,6.3002,1178410041
11,6735155,1,-0,1178410068
11,6735156,4.028e-9,8.3949,1178410069
11,6735157,0.49370000000000003,0.3065,1178410070
11,6735158,9.909e-18,17.004,1178410071
11,6735160,0.2421,0.616,1178410073
11,6735165,0.1149,0.9397,1178410078
11,6735191,0.49370000000000003,0.3065,1178410104
11,6735193,0.49370000000000003,0.3065,1178410106
11,6735203,0.0962,1.0168,1178410116
11,6735204,0.2421,0.616,1178410117
11,6735232,9.909e-18,17.004,1178410145
11,6735244,1,-0,1178410157
11,6844845,1,-0,1178519758
11,6844852,1,-0,1178519765
11,6844854,0.4969,0.3037,1178519767
11,6844859,0.131,0.8827,1178519772
11,6844865,1,-0,1178519778
11,6844868,1,-0,1178519781
11,6844871,0.4969,0.3037,1178519784
11,6844875,1,-0,1178519788
11,6844883,0.3673,0.435,1178519796
11,6844886,1,-0,1178519799
11,6844890,0.812,0.0904,1178519803
11,6844894,1,-0,1178519807
11,6844912,1,-0,1178519825
11,6844913,1,-0,1178519826
11,6844916,1,-0,1178519829
11,6844917,0.4969,0.3037,1178519830
11,6844919,0.4969,0.3037,1178519832
11,6844920,1,-0,1178519833
11,6844922,0.6204,0.2073,1178519835
11,6844926,1,-0,1178519839
11,6844928,1,-0,1178519841
11,6845106,0.6215,0.2066,1178520019
11,6845117,0.7657,0.1159,1178520030
11,6845118,0.01884,1.7249,1178520031
11,6845148,0.4969,0.3037,1178520061
11,6845150,9.369e-8,7.0283,1178520063
11,6845157,0.736,0.1331,1178520070
11,6845165,0.1565,0.8055,1178520078
11,6845174,1,-0,1178520087
11,6845178,0.6204,0.2073,1178520091
11,6845200,0.2454,0.6101,1178520113
11,6845201,0.3673,0.435,1178520114
11,6845202,0.633,0.1986,1178520115
11,6845218,1,-0,1178520131
11,6845231,0.3673,0.435,1178520144
11,6845237,1,-0,1178520150
11,6845238,1,-0,1178520151
11,6845240,0.4969,0.3037,1178520153
11,6866677,0.4938,0.3064,1178541590
11,6866685,0.2423,0.6156,1178541598
11,6866692,0.2423,0.6156,1178541605
11,6866698,0.2423,0.6156,1178541611
11,6866701,0.4279,0.36870000000000003,1178541614
11,6866703,0.497,0.3036,1178541616
11,6866705,1,-0,1178541618
11,6866716,1,-0,1178541629
11,6866722,1,-0,1178541635
11,6866724,0.3674,0.4349,1178541637
11,6866729,1.381e-8,7.8598,1178541642
11,6866730,0.2423,0.6156,1178541643
11,6866735,0.4938,0.3064,1178541648
11,6866745,0.1205,0.919,1178541658
11,6866776,0.2423,0.6156,1178541689
11,6866785,0.05875,1.231,1178541698
11,6866927,0.4938,0.3064,1178541840
11,6866928,0.618,0.209,1178541841
11,6866933,0.1873,0.7275,1178541846
11,6866963,0.2423,0.6156,1178541876
11,6866999,0.4938,0.3064,1178541912
11,6937842,0.0451,1.3458,1178612755
11,6937859,1,-0,1178612772
11,6937872,1,-0,1178612785
11,6937882,1,-0,1178612795
11,6937893,5.766e-4,3.2391,1178612806
11,6937902,1,-0,1178612815
11,6937917,1,-0,1178612830
11,6937924,2.027e-13,12.6931,1178612837
11,6937929,0.2784,0.5553,1178612842
11,6937950,6.663e-5,4.1763,1178612863
11,6938220,1,-0,1178613133
11,6938221,1,-0,1178613134
11,6938241,1,-0,1178613154
11,6938260,1,-0,1178613173
11,6938289,9.369e-8,7.0283,1178613202
11,6938301,6.663e-5,4.1763,1178613214
11,6938312,1,-0,1178613225
11,6938319,1,-0,1178613232
11,6938320,1,-0,1178613233
11,6938330,0.4969,0.3037,1178613243
11,6938332,0.0451,1.3458,1178613245
11,6964309,1,-0,1178639222
11,6964344,1,-0,1178639257
11,6964348,0.4969,0.3037,1178639261
11,6964351,0.2454,0.6101,1178639264
11,6964368,1,-0,1178639281
11,6964521,1,-0,1178639434
11,6964538,1,-0,1178639451
11,6964543,0.6204,0.2073,1178639456
11,6964547,0.4969,0.3037,1178639460
11,6964548,0.2454,0.6101,1178639461
11,6964557,1,-0,1178639470
11,6964566,1,-0,1178639479
11,6964569,1,-0,1178639482
11,6964577,0.2454,0.6101,1178639490
11,6964581,0.3673,0.435,1178639494
11,6964582,1,-0,1178639495
11,6964598,1,-0,1178639511
11,6964621,1,-0,1178639534
11,6964623,9.369e-8,7.0283,1178639536
11,6964634,1,-0,1178639547
11,6964635,1,-0,1178639548
11,6964639,0.6204,0.2073,1178639552
11,6964642,0.6204,0.2073,1178639555
11,6964648,9.369e-8,7.0283,1178639561
11,6964649,0.2526,0.5976,1178639562
11,7050335,1,-0,1178725248
11,7050339,1,-0,1178725252
11,7050347,0.2293,0.6396,1178725260
11,7050358,1,-0,1178725271
11,7050371,0.6082,0.216,1178725284
11,7050375,1,-0,1178725288
11,7050376,1,-0,1178725289
11,7050382,1,-0,1178725295
11,7050390,0.5222,0.2822,1178725303
11,7050392,0.6082,0.216,1178725305
11,7050396,1,-0,1178725309
11,7050406,0.07194,1.143,1178725319
11,7050408,1,-0,1178725321
11,7050419,1,-0,1178725332
11,7050458,0.6082,0.216,1178725371
11,7050742,0.8072,0.093,1178725655
11,7050754,0.4283,0.3683,1178725667
11,7050757,1,-0,1178725670
11,7050761,1,-0,1178725674
11,7050769,0.2293,0.6396,1178725682
11,7050775,1,-0,1178725688
11,7050780,1,-0,1178725693
11,7050799,0.4975,0.3032,1178725712
11,7050800,0.4975,0.3032,1178725713
11,7050813,0.7199,0.1427,1178725726
11,7050816,0.2293,0.6396,1178725729
11,7050825,0.2334,0.6319,1178725738
11,7050829,0.2577,0.5889,1178725742
11,7050830,0.5278,0.2775,1178725743
11,7050835,0.6827,0.1658,1178725748
11,7050851,0.2334,0.6319,1178725764
11,7100153,1,-0,1178775066
11,7100170,9.531e-16,15.0209,1178775083
11,7100171,1.021e-7,6.991,1178775084
11,7100187,0.4938,0.3064,1178775100
11,7100198,0.4938,0.3064,1178775111
11,7100199,0.618,0.209,1178775112
11,7100262,0.4938,0.3064,1178775175
11,7100265,0.6176,0.2093,1178775178
11,7100266,1,-0,1178775179
11,7100281,7.78e-7,6.109,1178775194
11,7100286,0.4938,0.3064,1178775199
11,7100567,0.1873,0.7275,1178775480
11,7100568,0.03406,1.4678,1178775481
11,7100576,0.6639,0.1779,1178775489
11,7100580,1,-0,1178775493
11,7100581,9.697e-4,3.0134,1178775494
11,7100595,0.4938,0.3064,1178775508
11,7100601,0.4938,0.3064,1178775514
11,7100608,0.2423,0.6156,1178775521
11,7100632,1.376e-7,6.8614,1178775545
11,7100633,1,-0,1178775546
11,7100636,1,-0,1178775549
11,7100639,1,-0,1178775552
11,7100671,1,-0,1178775584
11,7100681,1.259e-9,8.9,1178775594
11,7100682,0.4938,0.3064,1178775595
11,7100692,0.3642,0.4387,1178775605
11,7100701,0.6678,0.1754,1178775614
11,7100715,0.4285,0.368,1178775628
11,7100716,1,-0,1178775629
11,7100737,1,-0,1178775650
11,7100830,0.3563,0.4482,1178775743
11,7154847,0.4938,0.3064,1178829760
11,7154869,0.2072,0.6836,1178829782
11,7154898,0.1205,0.919,1178829811
11,7154923,1,-0,1178829836
11,7154946,0.7198,0.1428,1178829859
11,7155183,1,-0,1178830096
11,7155188,0.2453,0.6103,1178830101
11,7155190,0.4969,0.3037,1178830103
11,7155192,1,-0,1178830105
11,7155193,1,-0,1178830106
11,7155201,1,-0,1178830114
11,7155212,0.01363,1.8655,1178830125
11,7155217,0.497,0.3036,1178830130
11,7155221,1,-0,1178830134
11,7155228,1,-0,1178830141
11,7155230,1,-0,1178830143
11,7155238,1,-0,1178830151
11,7155246,0.2298,0.6386,1178830159
11,7155256,0.2423,0.6156,1178830169
11,7155257,1,-0,1178830170
11,7155283,0.1205,0.919,1178830196
11,7155308,0.4938,0.3064,1178830221
11,7155313,0.2423,0.6156,1178830226
11,7167080,0.3702,0.4316,1178841993
11,7167094,0.4737,0.3245,1178842007
11,7167097,0.6681,0.1752,1178842010
11,7167102,0.1221,0.9133,1178842015
11,7167106,0.6839,0.165,1178842019
11,7167119,0.4981,0.3027,1178842032
11,7167139,1,-0,1178842052
11,7167144,1,-0,1178842057
11,7167177,1,-0,1178842090
11,7167181,0.2227,0.6523,1178842094
11,7167192,0.195,0.71,1178842105
11,7167198,1,-0,1178842111
11,7167505,1,-0,1178842418
11,7167511,0.06011,1.2211,1178842424
11,7167514,0.222,0.6536,1178842427
11,7167542,0.4981,0.3027,1178842455
11,7167553,1.81e-6,5.7423,1178842466
11,7167558,1.81e-6,5.7423,1178842471
11,7167565,2.27e-6,5.644,1178842478
11,7167582,0.4737,0.3245,1178842495
11,7167591,1,-0,1178842504
11,7167609,1,-0,1178842522
11,7167621,0.1902,0.7208,1178842534
11,7282071,0.1072,0.9698,1178956984
11,7282083,0.2784,0.5553,1178956996
11,7282085,1,-0,1178956998
11,7282090,1,-0,1178957003
11,7282095,0.2454,0.6101,1178957008
11,7282100,1,-0,1178957013
11,7282135,1,-0,1178957048
11,7282164,4.355e-9,8.361,1178957077
11,7282194,0.2454,0.6101,1178957107
11,7282195,1,-0,1178957108
11,7282405,1,-0,1178957318
11,7282419,9.369e-8,7.0283,1178957332
11,7282425,0.0104,1.983,1178957338
11,7282427,1,-0,1178957340
11,7282434,0.02969,1.5274,1178957347
11,7282438,0.6204,0.2073,1178957351
11,7282439,1,-0,1178957352
11,7282463,1,-0,1178957376
11,7282464,1,-0,1178957377
11,7282467,1.05e-15,14.9788,1178957380
11,7282483,1,-0,1178957396
11,7282484,1,-0,1178957397
11,7282485,1,-0,1178957398
11,7282492,0.0986,1.0061,1178957405
11,7282501,1,-0,1178957414
11,7282517,1,-0,1178957430
11,7358236,1,-0,1179033149
11,7358239,1,-0,1179033152
11,7358241,2.489e-15,14.604,1179033154
11,7358255,2.489e-15,14.604,1179033168
11,7358289,0.1065,0.9727,1179033202
11,7358290,1,-0,1179033203
11,7358291,1,-0,1179033204
11,7358301,1,-0,1179033214
11,7358332,1,-0,1179033245
11,7358634,1,-0,1179033547
11,7358635,1,-0,1179033548
11,7358639,2.489e-15,14.604,1179033552
11,7358649,1,-0,1179033562
11,7358652,1,-0,1179033565
11,7358654,1.135e-6,5.945,1179033567
11,7358669,2.105e-7,6.6767,1179033582
11,7358673,1,-0,1179033586
11,7358676,1,-0,1179033589
11,7358690,1,-0,1179033603
11,7358693,2.489e-15,14.604,1179033606
11,7358695,1,-0,1179033608
11,7358705,2.6e-6,5.585,1179033618
11,7358721,1,-0,1179033634
11,7358724,1,-0,1179033637
11,7358730,2.489e-15,14.604,1179033643
11,7358734,0.2178,0.6619,1179033647
11,7449909,1,-0,1179124822
11,7449913,2.814e-9,8.5507,1179124826
11,7449914,1,-0,1179124827
11,7449916,0.4969,0.3037,1179124829
11,7449926,1,-0,1179124839
11,7449928,0.4969,0.3037,1179124841
11,7449938,0.02843,1.5462,1179124851
11,7449941,0.08513,1.0699,1179124854
11,7449955,0.3673,0.435,1179124868
11,7449962,2.814e-9,8.5507,1179124875
11,7450000,1,-0,1179124913
11,7450007,1,-0,1179124920
11,7450019,0.4969,0.3037,1179124932
11,7450020,0.4969,0.3037,1179124933
11,7450023,1,-0,1179124936
11,7450025,2.912e-9,8.5358,1179124938
11,7450214,0.7462,0.1271,1179125127
11,7450223,1,-0,1179125136
11,7450229,2.814e-9,8.5507,1179125142
11,7450238,1,-0,1179125151
11,7450241,0.4969,0.3037,1179125154
11,7450243,1,-0,1179125156
11,7450257,4.584e-10,9.3388,1179125170
11,7450279,1,-0,1179125192
11,7450281,1,-0,1179125194
11,7450283,1,-0,1179125196
11,7450286,1,-0,1179125199
11,7450294,0.4969,0.3037,1179125207
11,7450313,0.02843,1.5462,1179125226
11,7450319,2.814e-9,8.5507,1179125232
11,7450342,2.814e-9,8.5507,1179125255
11,7499665,0.4426,0.354,1179174578
11,7499667,0.1203,0.9197,1179174580
11,7499676,0.2765,0.5583,1179174589
11,7499681,0.006502,2.187,1179174594
11,7499682,2.302e-16,15.6379,1179174595
11,7499689,1,-0,1179174602
11,7499701,2.013e-7,6.6962,1179174614
11,7499707,1,-0,1179174620
11,7499708,4.173e-16,15.3796,1179174621
11,7499717,1.096e-6,5.9602,1179174630
11,7499721,0.49370000000000003,0.3065,1179174634
11,7499737,0.49370000000000003,0.3065,1179174650
11,7499742,0.05708,1.2435,1179174655
11,7499743,1,-0,1179174656
11,7499744,0.2766,0.5581,1179174657
11,7499774,1.116e-6,5.9523,1179174687
11,7499797,0.4935,0.3067,1179174710
11,7499891,1,-0,1179174804
11,7499904,0.4969,0.3037,1179174817
11,7499910,1,-0,1179174823
11,7499920,1,-0,1179174833
11,7499931,0.2098,0.6782,1179174844
11,7499936,1,-0,1179174849
11,7499943,2.302e-16,15.6379,1179174856
11,7499949,4.237e-7,6.3729,1179174862
11,7499960,0.4969,0.3037,1179174873
11,7499961,1,-0,1179174874
11,7499964,7.558e-8,7.1216,1179174877
11,7499968,1,-0,1179174881
11,7559777,1,-0,1179234690
11,7559783,1,-0,1179234696
11,7559791,0.4981,0.3027,1179234704
11,7559796,0.4744,0.3239,1179234709
11,7559797,0.05994,1.2223,1179234710
11,7559802,1,-0,1179234715
11,7559837,1,-0,1179234750
11,7559845,4.245e-9,8.3721,1179234758
11,7559864,0.2234,0.6509,1179234777
11,7559893,0.2234,0.6509,1179234806
11,7559894,0.4744,0.3239,1179234807
11,7559896,4.245e-9,8.3721,1179234809
11,7559897,2.536e-6,5.5959,1179234810
11,7560036,0.2293,0.6396,1179234949
11,7560084,0.416,0.3809,1179234997
11,7560087,1,-0,1179235000
11,7560097,1,-0,1179235010
11,7560110,0.1213,0.9161,1179235023
11,7560112,5.847e-9,8.2331,1179235025
11,7560121,0.2293,0.6396,1179235034
11,7560129,0.2117,0.6743,1179235042
11,7560132,1,-0,1179235045
11,7560142,0.6082,0.216,1179235055
11,7560147,0.2462,0.6087,1179235060
11,7560155,5.847e-9,8.2331,1179235068
11,7560161,0.05939,1.2263,1179235074
11,7560163,3.151e-6,5.5016,1179235076
11,7924422,0.001459,2.8359,1179599335
11,7924425,1,-0,1179599338
11,7924437,1,-0,1179599350
11,7924449,1,-0,1179599362
11,7924453,0.4969,0.3037,1179599366
11,7924478,1,-0,1179599391
11,7924485,0.4016,0.3962,1179599398
11,7924491,1,-0,1179599404
11,7924494,1,-0,1179599407
11,7924500,9.369e-8,7.0283,1179599413
11,7924512,0.003898,2.4092,1179599425
11,7924527,0.2101,0.6776,1179599440
11,7924749,0.4938,0.3064,1179599662
11,7924764,1,-0,1179599677
11,7924777,0.4938,0.3064,1179599690
11,7924788,0.4938,0.3064,1179599701
11,7924796,1,-0,1179599709
11,7924808,0.2454,0.6101,1179599721
11,7924820,0.4969,0.3037,1179599733
11,7924821,1,-0,1179599734
11,7924822,0.4938,0.3064,1179599735
11,7924825,1,-0,1179599738
11,7924836,1,-0,1179599749
11,7924840,1,-0,1179599753
11,7924863,1,-0,1179599776
11,7924874,1,-0,1179599787
11,7924881,0.01785,1.7484,1179599794
11,7924903,0.5294,0.2762,1179599816
11,7925855,0.05866,1.2317,1179600768
11,7925859,1,-0,1179600772
11,7925872,0.2069,0.6842,1179600785
11,7925878,0.6945,0.1583,1179600791
11,7925882,0.4969,0.3037,1179600795
11,7925885,2.152e-7,6.6672,1179600798
11,7925892,0.49370000000000003,0.3065,1179600805
11,7925896,0.118,0.9281,1179600809
11,7925897,0.0352,1.4535,1179600810
11,7925908,0.49370000000000003,0.3065,1179600821
11,7925944,0.49370000000000003,0.3065,1179600857
11,7925967,0.49370000000000003,0.3065,1179600880
11,7925973,1,-0,1179600886
11,7925974,0.49370000000000003,0.3065,1179600887
11,7925977,0.4969,0.3037,1179600890
11,7925980,0.1034,0.9855,1179600893
11,7926131,1,-0,1179601044
11,7926147,1,-0,1179601060
11,7926152,0.4969,0.3037,1179601065
11,7926156,0.6344,0.1976,1179601069
11,7926162,0.118,0.9281,1179601075
11,7926170,0.2421,0.616,1179601083
11,7926172,0.4969,0.3037,1179601085
11,7926201,0.118,0.9281,1179601114
11,7926207,0.49370000000000003,0.3065,1179601120
11,7926212,1,-0,1179601125
11,7926220,0.1204,0.9194,1179601133
11,7926231,0.118,0.9281,1179601144
11,7926236,0.02131,1.6714,1179601149
11,7926240,0.6795,0.1678,1179601153
11,7926241,0.118,0.9281,1179601154
11,7926244,1,-0,1179601157
11,7926248,0.004342,2.3623,1179601161
11,7926250,1,-0,1179601163
11,7926251,1,-0,1179601164
11,8153580,0.1133,0.9458,1179828493
11,8153584,0.2419,0.6164,1179828497
11,8153627,1,-0,1179828540
11,8153635,0.4872,0.3123,1179828548
11,8153642,1,-0,1179828555
11,8153644,1,-0,1179828557
11,8153645,0.0158,1.8013,1179828558
11,8153666,1,-0,1179828579
11,8153684,2.187e-9,8.6602,1179828597
11,8153685,0.007989,2.0975,1179828598
11,8153693,0.2145,0.6686,1179828606
11,8153912,1,-0,1179828825
11,8153919,1,-0,1179828832
11,8153925,1,-0,1179828838
11,8153930,0.3576,0.4466,1179828843
11,8153935,0.4872,0.3123,1179828848
11,8153938,4.394e-8,7.3571,1179828851
11,8153951,0.6206,0.2072,1179828864
11,8153962,9.687e-10,9.0138,1179828875
11,8153963,2.187e-9,8.6602,1179828876
11,8153969,4.394e-8,7.3571,1179828882
11,8153973,1,-0,1179828886
11,8153995,0.2357,0.6276,1179828908
11,8153999,0.4872,0.3123,1179828912
11,8154003,1,-0,1179828916
11,8154005,0.1133,0.9458,1179828918
11,8154007,1,-0,1179828920
11,8154023,0.4872,0.3123,1179828936
11,8154024,0.2011,0.6966,1179828937
11,8154086,0.2279,0.6423,1179828999
11,8154092,1,-0,1179829005
11,8154096,0.7539,0.1227,1179829009
11,8154112,0.3386,0.4703,1179829025
11,8154116,1,-0,1179829029
11,8154118,0.4958,0.3047,1179829031
11,8154120,0.48,0.3188,1179829033
11,8154121,0.01287,1.8904,1179829034
11,8154123,1,-0,1179829036
11,8154126,0.01287,1.8904,1179829039
11,8154132,0.01287,1.8904,1179829045
11,8154144,1,-0,1179829057
11,8154145,0.48,0.3188,1179829058
11,8154146,1,-0,1179829059
11,8154147,0.01287,1.8904,1179829060
11,8154148,0.01287,1.8904,1179829061
11,8154154,0.6064,0.2172,1179829067
11,8154157,0.01287,1.8904,1179829070
11,8154163,0.48,0.3188,1179829076
11,8154166,1,-0,1179829079
11,8154174,0.48,0.3188,1179829087
11,8154180,0.2279,0.6423,1179829093
11,8154181,0.01254,1.9017,1179829094
11,8154182,0.01254,1.9017,1179829095
11,8154227,1,-0,1179829140
11,8154232,0.4878,0.3118,1179829145
11,8154236,0.05225,1.2819,1179829149
11,8154238,1.2e-5,4.9208,1179829151
11,8154241,1.506e-6,5.8222,1179829154
11,8154243,1,-0,1179829156
11,8154245,1,-0,1179829158
11,8154253,0.6726,0.1722,1179829166
11,8154254,2.324e-5,4.6338,1179829167
11,8154258,0.1166,0.9333,1179829171
11,8154275,0.01268,1.8969,1179829188
11,8154285,0.2529,0.5971,1179829198
11,8154295,0.2449,0.611,1179829208
11,8154298,1,-0,1179829211
11,8154300,0.05575,1.2538,1179829213
11,8154303,1,-0,1179829216
11,8154304,0.02497,1.6026,1179829217
11,8154308,0.01242,1.9059,1179829221
11,8154334,0.01287,1.8904,1179829247
11,8154336,0.48,0.3188,1179829249
11,8154341,0.01287,1.8904,1179829254
11,8154352,1,-0,1179829265
11,8154353,0.01287,1.8904,1179829266
11,8296569,0.4875,0.312,1179971482
11,8296576,1.932e-6,5.714,1179971489
11,8296584,9.606e-6,5.0175,1179971497
11,8296586,0.7146,0.1459,1179971499
11,8296587,0.007164,2.1448,1179971500
11,8296588,1.072e-7,6.9698,1179971501
11,8296613,0.4875,0.312,1179971526
11,8296618,0.2361,0.6269,1179971531
11,8296622,1,-0,1179971535
11,8296623,1,-0,1179971536
11,8296628,0.6133,0.2123,1179971541
11,8296635,0.2361,0.6269,1179971548
11,8296657,0.4875,0.312,1179971570
11,8296668,1,-0,1179971581
11,8296673,0.4875,0.312,1179971586
11,8296684,0.05236,1.281,1179971597
11,8296693,0.4875,0.312,1179971606
11,8296694,1,-0,1179971607
11,8296806,1.452e-5,4.838,1179971719
11,8296808,0.7416,0.1298,1179971721
11,8296822,0.4875,0.312,1179971735
11,8296845,0.003799,2.4203,1179971758
11,8296860,0.4875,0.312,1179971773
11,8296904,6.109e-15,14.214,1179971817
11,8296933,1,-0,1179971846
11,8332551,0.4969,0.3037,1180007464
11,8332552,0.4969,0.3037,1180007465
11,8332558,0.4861,0.3133,1180007471
11,8332573,0.6816,0.1665,1180007486
11,8332574,0.1088,0.9634,1180007487
11,8332576,1,-0,1180007489
11,8332579,1.069e-7,6.971,1180007492
11,8332580,1,-0,1180007493
11,8332590,0.1997,0.6996,1180007503
11,8332611,0.4744,0.3239,1180007524
11,8332616,3.883e-9,8.4108,1180007529
11,8332618,3.883e-9,8.4108,1180007531
11,8332624,0.1237,0.9076,1180007537
11,8332638,0.2234,0.6509,1180007551
11,8332640,0.4744,0.3239,1180007553
11,8332643,0.2234,0.6509,1180007556
11,8332648,1,-0,1180007561
11,8332649,0.1936,0.7131,1180007562
11,8332657,1,-0,1180007570
11,8332660,1,-0,1180007573
11,8332675,2.439e-8,7.6128,1180007588
11,8332693,1,-0,1180007606
11,8332857,8.1e-7,6.0915,1180007770
11,8332858,1,-0,1180007771
11,8332859,0.006996,2.1552,1180007772
11,8332864,1,-0,1180007777
11,8332872,0.001631,2.7875,1180007785
11,8332881,1,-0,1180007794
11,8332886,0.604,0.219,1180007799
11,8332919,1,-0,1180007832
11,8332925,0.604,0.219,1180007838
11,8332948,0.4744,0.3239,1180007861
11,8332961,3.068e-18,17.5131,1180007874
11,8332966,0.7087,0.1495,1180007879
11,8332970,0.4744,0.3239,1180007883
11,8332980,3.691e-5,4.4329,1180007893
11,8335043,7.638e-14,13.117,1180009956
11,8335055,1,-0,1180009968
11,8335056,0.4926,0.3075,1180009969
11,8335057,0.4938,0.3064,1180009970
11,8335060,1,-0,1180009973
11,8335073,0.4938,0.3064,1180009986
11,8335074,0.4938,0.3064,1180009987
11,8335084,1,-0,1180009997
11,8335088,1,-0,1180010001
11,8335089,1,-0,1180010002
11,8335090,0.4938,0.3064,1180010003
11,8335098,0.618,0.209,1180010011
11,8335113,4.061e-8,7.3914,1180010026
11,8335123,0.4938,0.3064,1180010036
11,8335133,0.4938,0.3064,1180010046
11,8335143,0.4938,0.3064,1180010056
11,8335147,1,-0,1180010060
11,8335150,1,-0,1180010063
11,8335151,1.193e-6,5.9234,1180010064
11,8335161,1,-0,1180010074
11,8335260,1,-0,1180010173
11,8335265,0.4938,0.3064,1180010178
11,8335267,1,-0,1180010180
11,8335278,0.4938,0.3064,1180010191
11,8335284,0.09941,1.0026,1180010197
11,8335285,0.497,0.3036,1180010198
11,8335287,2.885e-7,6.5399,1180010200
11,8335291,0.4399,0.3566,1180010204
11,8335299,1,-0,1180010212
11,8335300,1.193e-6,5.9234,1180010213
11,8335307,0.05515,1.2585,1180010220
11,8335309,1,-0,1180010222
11,8335310,5.118e-8,7.2909,1180010223
11,8335317,2.885e-7,6.5399,1180010230
11,8335319,1,-0,1180010232
11,8335321,2.885e-7,6.5399,1180010234
11,8335324,0.4938,0.3064,1180010237
11,8335325,0.2423,0.6156,1180010238
11,8335332,2.623e-7,6.5812,1180010245
11,8335341,1.299e-15,14.8864,1180010254
11,8335348,2.623e-7,6.5812,1180010261
11,8335349,0.1742,0.759,1180010262
11,8335353,0.001756,2.7555,1180010266
11,8335365,1,-0,1180010278
11,8335368,0.1181,0.9278,1180010281
11,8335376,1,-0,1180010289
11,8335391,0.4938,0.3064,1180010304
11,8441941,0.475,0.3233,1180116854
11,8441949,1.249e-7,6.9034,1180116862
11,8441988,1,-0,1180116901
11,8442005,0.02178,1.6619,1180116918
11,8442030,5.265e-8,7.2786,1180116943
11,8442031,0.05495,1.26,1180116944
11,8442032,7.243e-8,7.1401,1180116945
11,8442034,0.4951,0.3053,1180116947
11,8442056,0.257,0.5901,1180116969
11,8442066,1,-0,1180116979
11,8442114,0.00122,2.9136,1180117027
11,8442139,0.4762,0.3222,1180117052
11,8442152,3.049e-8,7.5158,1180117065
11,8442164,0.2455,0.6099,1180117077
11,8442187,1,-0,1180117100
11,8442213,1,-0,1180117126
11,8442226,7.044e-16,15.1522,1180117139
11,8442228,1,-0,1180117141
11,8442239,0.3674,0.4349,1180117152
11,8442243,0.1205,0.919,1180117156
11,8442246,1,-0,1180117159
11,8442262,0.005033,2.2982,1180117175
11,8442264,0.005033,2.2982,1180117177
11,8442267,0.005033,2.2982,1180117180
11,8442268,0.005033,2.2982,1180117181
11,8442275,0.1205,0.919,1180117188
11,8442279,0.1205,0.919,1180117192
11,8442280,0.1205,0.919,1180117193
11,8442528,0.3695,0.4324,1180117441
11,8442529,1,-0,1180117442
11,8442550,2.489e-15,14.604,1180117463
11,8442555,0.7223,0.1413,1180117468
11,8442590,0.499,0.3019,1180117503
11,8442606,0.2158,0.6659,1180117519
11,8442627,0.5443,0.2642,1180117540
11,8442640,8.522e-8,7.0695,1180117553
11,8442641,0.1057,0.9759,1180117554
11,8442644,1,-0,1180117557
11,8442652,1,-0,1180117565
11,8442653,0.7514,0.1241,1180117566
11,8442660,0.4497,0.3471,1180117573
11,8514531,0.05721,1.2425,1180189444
11,8514534,1,-0,1180189447
11,8514574,0.4938,0.3064,1180189487
11,8514577,7.966e-8,7.0988,1180189490
11,8514578,7.966e-8,7.0988,1180189491
11,8514610,0.4938,0.3064,1180189523
11,8514613,1,-0,1180189526
11,8514628,0.497,0.3036,1180189541
11,8514644,0.1017,0.9927,1180189557
11,8514652,0.497,0.3036,1180189565
11,8514849,0.2423,0.6156,1180189762
11,8514858,0.4938,0.3064,1180189771
11,8514883,1,-0,1180189796
11,8514891,1,-0,1180189804
11,8514914,1,-0,1180189827
11,8514944,0.2455,0.6099,1180189857
11,8514954,0.497,0.3036,1180189867
11,8855526,1,-0,1180530439
11,8855529,0.4974,0.3033,1180530442
11,8855547,0.195,0.71,1180530460
11,8855548,1,-0,1180530461
11,8855549,0.4974,0.3033,1180530462
11,8855563,1,-0,1180530476
11,8855574,1,-0,1180530487
11,8855582,0.8068,0.0932,1180530495
11,8855592,0.2462,0.6087,1180530505
11,8855595,1,-0,1180530508
11,8855631,0.09778,1.0097,1180530544
11,8855632,1,-0,1180530545
11,8855638,1,-0,1180530551
11,8855640,1,-0,1180530553
11,8855644,1,-0,1180530557
11,8855652,0.2287,0.6407,1180530565
11,8855658,0.7472,0.1266,1180530571
11,8855790,0.05406,1.2671,1180530703
11,8855800,0.4974,0.3033,1180530713
11,8855805,0.2287,0.6407,1180530718
11,8855807,0.2287,0.6407,1180530720
11,8855812,0.6078,0.2162,1180530725
11,8855833,0.2287,0.6407,1180530746
11,8855834,1,-0,1180530747
11,8855851,1,-0,1180530764
11,8855862,1,-0,1180530775
11,8855864,1,-0,1180530777
11,8855865,0.645,0.1904,1180530778
11,8855872,0.6078,0.2162,1180530785
11,8855901,1,-0,1180530814
11,8855927,5.87e-7,6.2314,1180530840
11,8855942,5.87e-7,6.2314,1180530855
11,8855947,1,-0,1180530860
11,8856008,0.01335,1.8745,1180530921
11,8906241,1.272e-4,3.8955,1180581154
11,8906242,0.2417,0.6167,1180581155
11,8906259,0.003855,2.414,1180581172
11,8906275,0.0548,1.2612,1180581188
11,8906287,1,-0,1180581200
11,8906288,0.03024,1.5194,1180581201
11,8906289,0.2417,0.6167,1180581202
11,8906294,0.04232,1.3735,1180581207
11,8906300,0.363,0.4401,1180581213
11,8906308,0.3567,0.4477,1180581221
11,8906309,0.2417,0.6167,1180581222
11,8906310,0.4933,0.3069,1180581223
11,8906319,0.06295,1.201,1180581232
11,8906339,9.683e-15,14.014,1180581252
11,8906343,7.107e-5,4.1483,1180581256
11,8906344,1,-0,1180581257
11,8906346,1,-0,1180581259
11,8906350,0.4272,0.3694,1180581263
11,8906351,1,-0,1180581264
11,8906353,1,-0,1180581266
11,8906358,0.275,0.5607,1180581271
11,8906362,0.1199,0.9212,1180581275
11,8906431,1,-0,1180581344
11,8906442,1,-0,1180581355
11,8906443,1,-0,1180581356
11,8906444,0.4648,0.3327,1180581357
11,8906452,0.04439,1.3527,1180581365
11,8906467,0.04439,1.3527,1180581380
11,8906474,1,-0,1180581387
11,8906514,0.235,0.6289,1180581427
11,8906555,2.922e-5,4.5343,1180581468
11,9048683,1,-0,1180723596
11,9048693,0.6991,0.1555,1180723606
11,9048745,1,-0,1180723658
11,9048762,1,-0,1180723675
11,9048763,1,-0,1180723676
11,9048774,1,-0,1180723687
11,9048775,0.387,0.4123,1180723688
11,9048784,1,-0,1180723697
11,9048788,1,-0,1180723701
11,9048792,1,-0,1180723705
11,9049098,0.1677,0.7755,1180724011
11,9049150,1,-0,1180724063
11,9049151,1,-0,1180724064
11,9049157,1,-0,1180724070
11,9049170,0.6035,0.2193,1180724083
11,9049177,0.1655,0.7812,1180724090
11,9049190,0.1803,0.744,1180724103
11,9049196,0.5291,0.2765,1180724109
11,9049197,0.5058,0.296,1180724110
11,9049198,0.1837,0.7359,1180724111
11,9049206,1,-0,1180724119
11,9049207,0.8086,0.0923,1180724120
11,9049217,1.994e-6,5.7003,1180724130
11,9049218,2.242e-7,6.6494,1180724131
11,9049229,9.587e-8,7.0183,1180724142
11,9049233,0.07764,1.1099,1180724146
11,9049243,0.4938,0.3064,1180724156
11,9049246,1,-0,1180724159
11,9049249,0.4938,0.3064,1180724162
11,9049270,1,-0,1180724183
11,9049519,1,-0,1180724432
11,9049524,1,-0,1180724437
11,9049566,3.914e-16,15.4074,1180724479
11,9049574,0.4938,0.3064,1180724487
11,9049575,0.4938,0.3064,1180724488
11,9049584,3.914e-16,15.4074,1180724497
11,9049588,0.618,0.209,1180724501
11,9049593,0.4938,0.3064,1180724506
11,9049597,0.1181,0.9278,1180724510
11,9049604,1,-0,1180724517
11,9049606,0.02752,1.5604,1180724519
11,9068194,0.001228,2.9108,1180743107
11,9068238,0.05721,1.2425,1180743151
11,9068247,1,-0,1180743160
11,9068248,0.02328,1.633,1180743161
11,9068262,0.4938,0.3064,1180743175
11,9068292,0.2423,0.6156,1180743205
11,9068294,1,-0,1180743207
11,9068295,0.6797,0.1677,1180743208
11,9068311,1.562e-8,7.8063,1180743224
11,9068321,1,-0,1180743234
11,9068407,9.701e-18,17.0132,1180743320
11,9068434,1,-0,1180743347
11,9068437,1,-0,1180743350
11,9068452,0.7195,0.143,1180743365
11,9068476,0.4399,0.3566,1180743389
11,9068478,8.935e-8,7.0489,1180743391
11,9068487,0.5086,0.2936,1180743400
11,9068495,1,-0,1180743408
11,9068518,1.562e-8,7.8063,1180743431
11,9645030,0.481,0.3179,1181319943
11,9645035,1,-0,1181319948
11,9645041,1,-0,1181319954
11,9645044,1,-0,1181319957
11,9645050,0.724,0.1403,1181319963
11,9645056,0.5979,0.2234,1181319969
11,9645058,0.4449,0.3517,1181319971
11,9645059,0.01114,1.9531,1181319972
11,9645062,1,-0,1181319975
11,9645073,0.2167,0.6641,1181319986
11,9645075,0.002552,2.5931,1181319988
11,9645079,2.248e-4,3.6482,1181319992
11,9645080,1,-0,1181319993
11,9645082,0.6721,0.1726,1181319995
11,9645083,1,-0,1181319996
11,9645085,0.002357,2.6276,1181319998
11,9645100,0.1126,0.9485,1181320013
11,9645109,0.1961,0.7075,1181320022
11,9645113,1,-0,1181320026
11,9645114,0.6087,0.21560000000000001,1181320027
11,9645125,0.01114,1.9531,1181320038
11,9645132,1,-0,1181320045
11,9645134,0.2298,0.6386,1181320047
11,9645148,0.4987,0.3022,1181320061
11,9645153,0.3765,0.4242,1181320066
11,9645157,1,-0,1181320070
11,9645334,1,-0,1181320247
11,9645350,0.481,0.3179,1181320263
11,9645359,0.613,0.2125,1181320272
11,9645365,0.7616,0.1183,1181320278
11,9645368,0.6206,0.2072,1181320281
11,9645374,0.05708,1.2435,1181320287
11,9645387,0.1208,0.9179,1181320300
11,9645395,0.7409,0.1302,1181320308
11,9645397,0.7409,0.1302,1181320310
11,9645398,0.481,0.3179,1181320311
11,9645401,0.05611,1.251,1181320314
11,9645403,0.7107,0.1483,1181320316
11,9645405,1,-0,1181320318
11,9645407,0.6214,0.2066,1181320320
11,9645420,0.615,0.2111,1181320333
11,9645423,1,-0,1181320336
11,9645440,0.4343,0.3622,1181320353
11,9645447,0.8647,0.0631,1181320360
11,9645455,0.2793,0.5539,1181320368
11,9645462,0.4879,0.3117,1181320375
11,9645470,0.00137,2.8633,1181320383
11,9645473,0.5996,0.2221,1181320386
11,9645475,0.4839,0.3152,1181320388
11,9645481,1,-0,1181320394
11,9645489,0.00137,2.8633,1181320402
11,9645509,0.00137,2.8633,1181320422
11,9645510,0.00137,2.8633,1181320423
11,9645529,0.06667,1.1761,1181320442
11,9645534,0.3333,0.4772,1181320447
11,9645536,0.06667,1.1761,1181320449
11,9645550,0.06667,1.1761,1181320463
11,9645916,0.4667,0.331,1181320829
11,9722948,1,-0,1181397861
11,9722980,8.181e-4,3.0872,1181397893
11,9723015,0.8193,0.0866,1181397928
11,9723054,1,-0,1181397967
11,9723058,0.3693,0.4326,1181397971
11,9723152,0.5155,0.2878,1181398065
11,9723168,1,-0,1181398081
11,9723174,1,-0,1181398087
11,9723184,0.745,0.1278,1181398097
11,9723196,1,-0,1181398109
11,9723203,1,-0,1181398116
11,9723205,0.1266,0.8976,1181398118
11,9723219,0.5858,0.2323,1181398132
11,9723235,0.1454,0.8374,1181398148
11,9723237,0.4969,0.3037,1181398150
11,9723249,1,-0,1181398162
11,9723255,1,-0,1181398168
11,9723266,0.4969,0.3037,1181398179
11,9723273,1,-0,1181398186
11,9723274,0.4969,0.3037,1181398187
11,9723275,0.4969,0.3037,1181398188
11,9723279,0.4969,0.3037,1181398192
11,9723287,1,-0,1181398200
11,9777876,0.2234,0.6509,1181452789
11,9777887,2.723e-5,4.565,1181452800
11,9777900,0.2234,0.6509,1181452813
11,9777901,0.604,0.219,1181452814
11,9777916,0.003684,2.4337,1181452829
11,9777948,0.1045,0.9809,1181452861
11,9777960,1,-0,1181452873
11,9778077,0.4981,0.3027,1181452990
11,9778086,9.532e-19,18.0208,1181452999
11,9778098,1,-0,1181453011
11,9778099,2.907e-19,18.5366,1181453012
11,9778103,0.4744,0.3239,1181453016
11,9778117,0.002617,2.5822,1181453030
11,9778121,0.2234,0.6509,1181453034
11,9778125,9.532e-19,18.0208,1181453038
11,9778137,0.1045,0.9809,1181453050
11,9778165,0.003803,2.4199,1181453078
11,9778178,1.772e-6,5.7515,1181453091
11,9778195,1.014e-4,3.994,1181453108
11,9778199,1,-0,1181453112
11,9913129,1,-0,1181588042
11,9913132,1,-0,1181588045
11,9913141,0.4805,0.3183,1181588054
11,9913148,0.4805,0.3183,1181588061
11,9913155,1,-0,1181588068
11,9913204,0.4744,0.3239,1181588117
11,9913215,1,-0,1181588128
11,9913217,0.2471,0.6071,1181588130
11,9913219,1,-0,1181588132
11,9913227,1,-0,1181588140
11,9913231,1,-0,1181588144
11,9913238,0.05106,1.2919,1181588151
11,9913250,0.7171,0.1444,1181588163
11,9913253,1,-0,1181588166
11,9913254,1,-0,1181588167
11,9913258,0.664,0.1778,1181588171
11,9913276,0.119,0.9245,1181588189
11,9913397,0.001422,2.8471,1181588310
11,9913401,1.748e-7,6.7575,1181588314
11,9913402,0.4744,0.3239,1181588315
11,9913403,1,-0,1181588316
11,9913407,0.4981,0.3027,1181588320
11,9913409,0.3702,0.4316,1181588322
11,9913410,7.761e-4,3.1101,1181588323
11,9913412,1,-0,1181588325
11,9913414,1.748e-7,6.7575,1181588327
11,9913448,1,-0,1181588361
11,9913492,1,-0,1181588405
11,9913500,0.4981,0.3027,1181588413
11,9913501,0.3702,0.4316,1181588414
11,9913502,5.576e-16,15.2537,1181588415
11,9913507,0.02232,1.6513,1181588420
11,9913508,2.994e-9,8.5237,1181588421
11,9913518,1,-0,1181588431
11,9913527,1.748e-7,6.7575,1181588440
11,10020239,3.287e-7,6.4832,1181695152
11,10020252,0.1103,0.9574,1181695165
11,10020266,1,-0,1181695179
11,10020285,0.1208,0.9179,1181695198
11,10020286,0.03438,1.4637,1181695199
11,10020287,0.2679,0.572,1181695200
11,10020296,2.305e-4,3.6373,1181695209
11,10020297,1,-0,1181695210
11,10020301,1,-0,1181695214
11,10020305,0.4343,0.3622,1181695218
11,10020307,0.3945,0.404,1181695220
11,10020311,1,-0,1181695224
11,10020315,0.2458,0.6094,1181695228
11,10020316,0.007784,2.1088,1181695229
11,10020332,1,-0,1181695245
11,10020336,0.6207,0.2071,1181695249
11,10020338,1,-0,1181695251
11,10020340,1,-0,1181695253
11,10020341,0.4969,0.3037,1181695254
11,10020366,0.6133,0.2123,1181695279
11,10020367,0.2361,0.6269,1181695280
11,10020369,0.1322,0.8788,1181695282
11,10020370,0.6207,0.2071,1181695283
11,10020380,1,-0,1181695293
11,10020610,1,-0,1181695523
11,10020628,3.287e-7,6.4832,1181695541
11,10020633,1,-0,1181695546
11,10020639,0.2361,0.6269,1181695552
11,10020640,0.2016,0.6955,1181695553
11,10020670,0.49370000000000003,0.3065,1181695583
11,10020672,1,-0,1181695585
11,10020689,1.428e-4,3.8453,1181695602
11,10020704,0.6133,0.2123,1181695617
11,10020713,1,-0,1181695626
11,10020716,0.6758,0.1702,1181695629
11,10150994,0.4872,0.3123,1181825907
11,10151054,0.613,0.2125,1181825967
11,10151098,0.1593,0.7978,1181826011
11,10151112,0.2011,0.6966,1181826025
11,10151260,0.1956,0.7086,1181826173
11,10151285,1,-0,1181826198
11,10151288,0.3894,0.4096,1181826201
11,10151316,1,-0,1181826229
11,10151317,0.7265,0.1388,1181826230
11,10151365,0.2293,0.6396,1181826278
11,10151368,4.202e-9,8.3765,1181826281
11,10151371,4.202e-9,8.3765,1181826284
11,10151372,0.002345,2.6299,1181826285
11,10520043,1.05e-15,14.9788,1182194956
11,10520048,1,-0,1182194961
11,10520049,1.05e-15,14.9788,1182194962
11,10520050,1.05e-15,14.9788,1182194963
11,10520051,1,-0,1182194964
11,10520055,0.4954,0.305,1182194968
11,10520058,1.284e-6,5.8914,1182194971
11,10520060,1,-0,1182194973
11,10520065,1,-0,1182194978
11,10520067,1.05e-15,14.9788,1182194980
11,10520083,0.03311,1.48,1182194996
11,10520116,1,-0,1182195029
11,10520120,1.05e-15,14.9788,1182195033
11,10520137,1,-0,1182195050
11,10520140,1.05e-15,14.9788,1182195053
11,10520141,1.05e-15,14.9788,1182195054
11,10520142,0.6204,0.2073,1182195055
11,10520148,1.05e-15,14.9788,1182195061
11,10520276,0.4969,0.3037,1182195189
11,10520280,1,-0,1182195193
11,10520294,1.05e-15,14.9788,1182195207
11,10520295,1.05e-15,14.9788,1182195208
11,10520296,1.05e-15,14.9788,1182195209
11,10520298,1,-0,1182195211
11,10520311,9.369e-8,7.0283,1182195224
11,10520316,0.4969,0.3037,1182195229
11,10520325,1,-0,1182195238
11,10520332,1.174e-6,5.9303,1182195245
11,10520341,1,-0,1182195254
11,10520343,0.5345,0.2721,1182195256
11,10520351,1,-0,1182195264
11,10520368,0.7197,0.1428,1182195281
11,10520379,1,-0,1182195292
11,10520384,1,-0,1182195297
11,10520399,1,-0,1182195312
11,10520401,0.6816,0.1665,1182195314
11,10520402,0.6204,0.2073,1182195315
11,10520406,0.3056,0.5148,1182195319
11,10654016,0.1961,0.7075,1182328929
11,10654020,0.2298,0.6386,1182328933
11,10654028,0.1552,0.8091,1182328941
11,10654031,0.5228,0.2817,1182328944
11,10654044,0.2357,0.6276,1182328957
11,10654048,1,-0,1182328961
11,10654082,0.6127,0.2128,1182328995
11,10654094,1,-0,1182329007
11,10654205,0.05695,1.2445,1182329118
11,10654212,0.604,0.219,1182329125
11,10654219,0.2234,0.6509,1182329132
11,10654239,1,-0,1182329152
11,10654251,1,-0,1182329164
11,10654262,0.2298,0.6386,1182329175
11,10654266,1,-0,1182329179
11,10654267,0.7115,0.1478,1182329180
11,10654276,1,-0,1182329189
11,10654292,1,-0,1182329205
11,10654322,0.02858,1.5439,1182329235
11,10654327,0.1961,0.7075,1182329240
11,10654335,0.2298,0.6386,1182329248
11,10718754,1,-0,1182393667
11,10718796,1,-0,1182393709
11,10718838,1,-0,1182393751
11,10718851,0.2291,0.64,1182393764
11,10718855,0.01326,1.8775,1182393768
11,10719028,1,-0,1182393941
11,10719035,1,-0,1182393948
11,10719037,1,-0,1182393950
11,10719048,1,-0,1182393961
11,10719050,0.4643,0.3332,1182393963
11,10719066,1,-0,1182393979
11,10719095,0.4725,0.3256,1182394008
11,10719101,0.00156,2.8069,1182394014
11,10719105,0.5548,0.2559,1182394018
11,10719110,0.01041,1.9825,1182394023
11,10719111,0.2868,0.5424,1182394024
11,10719113,1,-0,1182394026
11,10719122,0.3855,0.414,1182394035
11,10719127,1,-0,1182394040
11,10719130,0.00236,2.6271,1182394043
11,10719133,0.0114,1.9431,1182394046
11,10719168,0.2757,0.5596,1182394081
11,10719172,1,-0,1182394085
11,10719173,1,-0,1182394086
11,10719178,0.01355,1.8681,1182394091
11,10719179,0.4032,0.3945,1182394092
11,10719195,0.5049,0.2968,1182394108
11,10719197,0.1861,0.7303,1182394110
11,10719198,0.4681,0.3297,1182394111
11,10719214,1,-0,1182394127
11,10719220,1,-0,1182394133
11,10719233,1,-0,1182394146
11,10719234,1,-0,1182394147
11,10719256,0.4975,0.3032,1182394169
11,10719257,0.2462,0.6087,1182394170
11,10719278,1,-0,1182394191
11,10719289,0.8215,0.0854,1182394202
11,10719296,0.1622,0.7899,1182394209
11,10719309,0.5009,0.3002,1182394222
11,10719441,0.4975,0.3032,1182394354
11,10719494,0.4805,0.3183,1182394407
11,10719506,0.4975,0.3032,1182394419
11,10719519,0.2293,0.6396,1182394432
11,10719574,0.4474,0.3493,1182394487
11,10719639,1,-0,1182394552
11,10719691,0.09435,1.0253,1182394604
11,10719726,0.4,0.3979,1182394639
11,10719754,0.1514,0.8199,1182394667
11,10719760,1,-0,1182394673
11,10719804,0.5238,0.2808,1182394717
11,10719814,0.006981,2.1561,1182394727
11,10719815,0.1448,0.8392,1182394728
11,10719822,0.3548,0.45,1182394735
11,10743488,5.699e-8,7.2442,1182418401
11,10743489,0.4875,0.312,1182418402
11,10743490,0.4875,0.312,1182418403
11,10743507,0.006626,2.1787,1182418420
11,10743513,9.728e-17,16.012,1182418426
11,10743528,0.2458,0.6094,1182418441
11,10743530,0.4972,0.3035,1182418443
11,10743565,1.376e-7,6.8614,1182418478
11,10743577,9.728e-17,16.012,1182418490
11,10743605,0.4972,0.3035,1182418518
11,10743844,9.728e-17,16.012,1182418757
11,10743852,1,-0,1182418765
11,10743854,1,-0,1182418767
11,10743855,5.699e-8,7.2442,1182418768
11,10743864,0.4875,0.312,1182418777
11,10743871,3.425e-15,14.4653,1182418784
11,10743873,0.2361,0.6269,1182418786
11,10743876,0.4875,0.312,1182418789
11,10743881,0.4875,0.312,1182418794
11,10743885,1,-0,1182418798
11,10743891,1,-0,1182418804
11,10743892,0.4972,0.3035,1182418805
11,10743894,9.728e-17,16.012,1182418807
11,10743899,0.6207,0.2071,1182418812
11,10743910,0.4972,0.3035,1182418823
11,10743916,0.4875,0.312,1182418829
11,10743940,1,-0,1182418853
11,10942874,2.851e-4,3.545,1182617787
11,10942875,0.4938,0.3064,1182617788
11,10942889,7.044e-16,15.1522,1182617802
11,10942895,1,-0,1182617808
11,10942897,1,-0,1182617810
11,10942907,0.497,0.3036,1182617820
11,10942910,7.044e-16,15.1522,1182617823
11,10942913,0.7462,0.1271,1182617826
11,10942920,1,-0,1182617833
11,10942932,1,-0,1182617845
11,10942936,1,-0,1182617849
11,10942940,0.6207,0.2071,1182617853
11,10942942,0.2361,0.6269,1182617855
11,10942944,1,-0,1182617857
11,10942945,1,-0,1182617858
11,10942956,0.358,0.4461,1182617869
11,10942961,0.4972,0.3035,1182617874
11,10942964,9.531e-16,15.0209,1182617877
11,10942974,9.531e-16,15.0209,1182617887
11,10942987,0.4875,0.312,1182617900
11,10943000,0.4875,0.312,1182617913
11,10943143,1,-0,1182618056
11,10943166,0.4875,0.312,1182618079
11,10943173,0.4972,0.3035,1182618086
11,10943191,0.2348,0.6293,1182618104
11,10943206,0.4875,0.312,1182618119
11,10943224,0.4875,0.312,1182618137
11,10943226,1,-0,1182618139
11,10943232,7.78e-7,6.109,1182618145
11,10943261,9.531e-16,15.0209,1182618174
11,10943272,1,-0,1182618185
11,10943285,0.4875,0.312,1182618198
11,10943290,9.531e-16,15.0209,1182618203
11,11344377,0.4938,0.3064,1183019290
11,11344391,0.02153,1.667,1183019304
11,11344399,0.4938,0.3064,1183019312
11,11344400,0.4938,0.3064,1183019313
11,11344410,0.6797,0.1677,1183019323
11,11344422,7.219e-13,12.1415,1183019335
11,11344436,0.09653,1.0153,1183019349
11,11344453,0.4399,0.3566,1183019366
11,11344454,0.4938,0.3064,1183019367
11,11344458,0.4225,0.3742,1183019371
11,11344459,0.1649,0.7828,1183019372
11,11344469,0.04378,1.3587,1183019382
11,11344471,0.1147,0.9404,1183019384
11,11344476,7.898e-14,13.1025,1183019389
11,11344478,0.4399,0.3566,1183019391
11,11344482,0.4938,0.3064,1183019395
11,11344485,0.05515,1.2585,1183019398
11,11344491,1,-0,1183019404
11,11344494,1,-0,1183019407
11,11344495,0.1181,0.9278,1183019408
11,11344496,1,-0,1183019409
11,11344497,1,-0,1183019410
11,11344612,0.5819,0.2352,1183019525
11,11344618,0.3371,0.4722,1183019531
11,11344631,0.2557,0.5923,1183019544
11,11344634,0.2361,0.6269,1183019547
11,11344638,0.6133,0.2123,1183019551
11,11344649,0.6035,0.2193,1183019562
11,11344671,0.4938,0.3064,1183019584
11,11344675,7.898e-14,13.1025,1183019588
11,11344694,0.6073,0.2166,1183019607
11,11344704,1,-0,1183019617
11,11344706,7.898e-14,13.1025,1183019619
11,11344711,0.4399,0.3566,1183019624
11,11344712,0.4938,0.3064,1183019625
11,11344715,0.4399,0.3566,1183019628
11,11344719,0.3636,0.4394,1183019632
11,11344722,0.004038,2.3938,1183019635
11,11364477,1,-0,1183039390
11,11364481,1,-0,1183039394
11,11364536,1,-0,1183039449
11,11364595,1,-0,1183039508
11,11364957,1,-0,1183039870
11,11365119,0.2357,0.6276,1183040032
11,11365127,4.083e-6,5.389,1183040040
11,11365142,0.2357,0.6276,1183040055
11,11365146,1,-0,1183040059
11,11365156,1,-0,1183040069
11,11365194,1,-0,1183040107
11,11365206,1,-0,1183040119
11,11365225,0.8009,0.0964,1183040138
11,11365373,1,-0,1183040286
11,11365375,4.083e-6,5.389,1183040288
11,11365384,0.05891,1.2298,1183040297
11,11365417,1,-0,1183040330
11,11365428,0.09091,1.0414,1183040341
11,11365440,1,-0,1183040353
11,11365444,1,-0,1183040357
11,11365451,0.09091,1.0414,1183040364
11,11365467,1,-0,1183040380
11,11365481,0.09091,1.0414,1183040394
11,11365485,1,-0,1183040398
11,11495808,1.725e-15,14.7632,1183170721
11,11495836,1,-0,1183170749
11,11495880,1.725e-15,14.7632,1183170793
11,11495885,1,-0,1183170798
11,11495895,0.02546,1.5941,1183170808
11,11495904,0.4868,0.3126,1183170817
11,11495932,1.725e-15,14.7632,1183170845
11,11496038,1,-0,1183170951
11,11496042,1,-0,1183170955
11,11496061,0.4868,0.3126,1183170974
11,11496062,1,-0,1183170975
11,11496090,0.01374,1.862,1183171003
11,11496091,0.4868,0.3126,1183171004
11,11496106,0.3182,0.4973,1183171019
11,11496107,1,-0,1183171020
11,11496108,1,-0,1183171021
11,11496109,1.839e-6,5.7354,1183171022
11,11496115,0.1081,0.9662,1183171028
11,11496120,0.497,0.3036,1183171033
11,11496128,1.725e-15,14.7632,1183171041
11,11496131,1,-0,1183171044
11,11496136,1.725e-15,14.7632,1183171049
11,11496139,0.4868,0.3126,1183171052
11,11496171,0.2456,0.6098,1183171084
11,11560606,0.5171,0.2864,1183235519
11,11560613,0.6176,0.2093,1183235526
11,11560615,0.7458,0.1274,1183235528
11,11560624,1,-0,1183235537
11,11560633,0.2419,0.6164,1183235546
11,11560660,0.2636,0.5791,1183235573
11,11560661,1,-0,1183235574
11,11560677,0.3115,0.5065,1183235590
11,11560678,0.2419,0.6164,1183235591
11,11560684,0.401,0.3969,1183235597
11,11560690,0.6176,0.2093,1183235603
11,11560695,0.6892,0.1617,1183235608
11,11560696,1,-0,1183235609
11,11560697,0.7175,0.1442,1183235610
11,11560698,0.401,0.3969,1183235611
11,11560704,0.4392,0.3573,1183235617
11,11560708,0.4425,0.3541,1183235621
11,11560714,0.3799,0.4203,1183235627
11,11560719,0.7281,0.1378,1183235632
11,11560737,0.2763,0.5586,1183235650
11,11560738,0.2419,0.6164,1183235651
11,11560741,0.4952,0.3052,1183235654
11,11560966,0.01785,1.7484,1183235879
11,11560967,1,-0,1183235880
11,11560970,1,-0,1183235883
11,11560973,0.01739,1.7597,1183235886
11,11560984,1,-0,1183235897
11,11560994,1,-0,1183235907
11,11560999,0.2419,0.6164,1183235912
11,11561000,0.167,0.7773,1183235913
11,11561005,0.4501,0.3467,1183235918
11,11561009,0.09843,1.0069,1183235922
11,11561010,0.497,0.3036,1183235923
11,11561011,0.6127,0.2128,1183235924
11,11561014,0.09896,1.0045,1183235927
11,11561015,1,-0,1183235928
11,11561016,0.1588,0.7991,1183235929
11,11561032,1,-0,1183235945
11,11561046,0.3836,0.4161,1183235959
11,11561055,0.5948,0.2256,1183235968
11,11561059,0.4968,0.3038,1183235972
11,11561062,0.4968,0.3038,1183235975
11,11561063,0.4968,0.3038,1183235976
11,11561071,1,-0,1183235984
11,11561072,1,-0,1183235985
11,11561079,0.1202,0.9201,1183235992
11,11561081,1,-0,1183235994
11,11561087,0.01739,1.7597,1183236000
11,11715945,3.79e-11,10.4214,1183390858
11,11715955,0.03769,1.4238,1183390868
11,11715957,3.085e-24,23.5107,1183390870
11,11715960,0.2038,0.6908,1183390873
11,11715962,3.085e-24,23.5107,1183390875
11,11715966,0.09091,1.0414,1183390879
11,11715983,1,-0,1183390896
11,11715992,0.3294,0.4823,1183390905
11,11716000,0.1766,0.753,1183390913
11,11716004,3.085e-24,23.5107,1183390917
11,11716005,1.613e-4,3.7924,1183390918
11,11716012,0.07947,1.0998000000000001,1183390925
11,11716030,3.085e-24,23.5107,1183390943
11,11716031,0.002242,2.6494,1183390944
11,11716034,1,-0,1183390947
11,11716035,0.01649,1.7828,1183390948
11,11716037,0.4533,0.3436,1183390950
11,11716044,3.085e-24,23.5107,1183390957
11,11716052,1,-0,1183390965
11,11716060,0.1265,0.8979,1183390973
11,11716065,0.08644,1.0633,1183390978
11,11716075,2.141e-4,3.6694,1183390988
11,11716076,1,-0,1183390989
11,11716222,0.02037,1.691,1183391135
11,11716232,0.2038,0.6908,1183391145
11,11716235,8.244e-8,7.0839,1183391148
11,11716236,0.2038,0.6908,1183391149
11,11716240,0.4109,0.3863,1183391153
11,11716243,1,-0,1183391156
11,11716245,0.1766,0.753,1183391158
11,11716246,0.4533,0.3436,1183391159
11,11716248,8.244e-8,7.0839,1183391161
11,11716253,3.085e-24,23.5107,1183391166
11,11716261,8.806e-9,8.0552,1183391174
11,11716269,2.267e-7,6.6445,1183391182
11,11716281,7.751e-5,4.1106,1183391194
11,11716291,3.654e-9,8.4372,1183391204
11,11716293,0.1766,0.753,1183391206
11,11716306,1,-0,1183391219
11,11716307,2.488e-10,9.6041,1183391220
11,11716319,1,-0,1183391232
11,11716331,1,-0,1183391244
11,11716341,3.195e-10,9.4955,1183391254
11,11780801,0.1167,0.9329,1183455714
11,11780803,0.02836,1.5473,1183455716
11,11780806,0.4969,0.3037,1183455719
11,11780819,1,-0,1183455732
11,11780825,0.4969,0.3037,1183455738
11,11780829,0.2457,0.6096,1183455742
11,11780887,0.5233,0.2812,1183455800
11,11780888,1,-0,1183455801
11,11780892,0.4969,0.3037,1183455805
11,11780895,1,-0,1183455808
11,11780898,1,-0,1183455811
11,11780901,0.1218,0.9144,1183455814
11,11780902,1,-0,1183455815
11,11780906,0.1203,0.9197,1183455819
11,11780910,1,-0,1183455823
11,11780921,0.4969,0.3037,1183455834
11,11781129,1,-0,1183456042
11,11781148,0.02836,1.5473,1183456061
11,11781172,0.4969,0.3037,1183456085
11,11781187,1,-0,1183456100
11,11781190,0.7459,0.1273,1183456103
11,11781211,0.4969,0.3037,1183456124
11,11781215,1,-0,1183456128
11,11781219,0.2453,0.6103,1183456132
11,11781235,1,-0,1183456148
11,11781248,0.5705,0.2437,1183456161
11,11781257,0.8744,0.0583,1183456170
11,11781260,0.06232,1.2054,1183456173
11,11804674,0.6082,0.216,1183479587
11,11804693,0.4283,0.3683,1183479606
11,11804709,0.4975,0.3032,1183479622
11,11804719,1,-0,1183479632
11,11804720,0.01359,1.8668,1183479633
11,11804722,0.2227,0.6523,1183479635
11,11804731,0.6035,0.2193,1183479644
11,11804732,0.05939,1.2263,1183479645
11,11804740,0.05578,1.2535,1183479653
11,11804742,0.2278,0.6424,1183479655
11,11804753,0.4981,0.3027,1183479666
11,11804756,1,-0,1183479669
11,11804979,0.2584,0.5877,1183479892
11,11805061,0.7056,0.1514,1183479974
11,12028298,0.613,0.2125,1183703211
11,12028307,0.4971,0.3036,1183703220
11,12028312,0.7421,0.1295,1183703225
11,12028318,0.8724,0.0593,1183703231
11,12028319,1,-0,1183703232
11,12028320,0.2457,0.6096,1183703233
11,12028325,0.4338,0.3627,1183703238
11,12028331,0.4971,0.3036,1183703244
11,12028332,0.1897,0.7219,1183703245
11,12028351,1,-0,1183703264
11,12028373,0.05405,1.2672,1183703286
11,12028377,0.4971,0.3036,1183703290
11,12028378,0.2457,0.6096,1183703291
11,12028382,1,-0,1183703295
11,12028383,1,-0,1183703296
11,12028410,0.3392,0.4695,1183703323
11,12028414,0.1376,0.8614,1183703327
11,12028492,0.2541,0.595,1183703405
11,12028507,1,-0,1183703420
11,12028508,1,-0,1183703421
11,12028521,0.4474,0.3493,1183703434
11,12028546,0.2357,0.6276,1183703459
11,12028551,0.5726,0.2421,1183703464
11,12028568,1,-0,1183703481
11,12028570,0.4971,0.3036,1183703483
11,12028571,0.4971,0.3036,1183703484
11,12028575,1,-0,1183703488
11,12028602,1,-0,1183703515
11,12028603,0.2357,0.6276,1183703516
11,12028604,0.359,0.4449,1183703517
11,12028612,0.5749,0.2404,1183703525
11,12028616,0.5726,0.2421,1183703529
11,12028618,1,-0,1183703531
11,12028619,0.5726,0.2421,1183703532
11,12108518,0.5507,0.2591,1183783431
11,12108525,0.2766,0.5581,1183783438
11,12108535,1,-0,1183783448
11,12108556,0.06132,1.2124,1183783469
11,12108557,1,-0,1183783470
11,12108563,1,-0,1183783476
11,12108589,0.5507,0.2591,1183783502
11,12108591,0.6268,0.2029,1183783504
11,12108596,1,-0,1183783509
11,12108602,0.12,0.9208,1183783515
11,12108617,0.5238,0.2808,1183783530
11,12108625,0.1881,0.7256,1183783538
11,12108626,0.2554,0.5928,1183783539
11,12108627,0.1222,0.9129,1183783540
11,12108629,0.5766,0.2391,1183783542
11,12108678,0.04226,1.3741,1183783591
11,12108684,0.01724,1.7635,1183783597
11,12108689,0.072,1.1427,1183783602
11,12108713,0.5209,0.2832,1183783626
11,12108738,1,-0,1183783651
11,12108745,0.4304,0.3661,1183783658
11,12108771,1,-0,1183783684
11,12108776,1,-0,1183783689
11,12108787,1,-0,1183783700
11,12108797,0.5238,0.2808,1183783710
11,12108799,1,-0,1183783712
11,12108808,1,-0,1183783721
11,12108811,1,-0,1183783724
11,12108819,0.2423,0.6156,1183783732
11,12108843,0.3695,0.4324,1183783756
11,12108844,1,-0,1183783757
11,12108848,1,-0,1183783761
11,12108853,0.2072,0.6836,1183783766
11,12108859,0.6159,0.2105,1183783772
11,12108872,0.2423,0.6156,1183783785
11,12108877,1,-0,1183783790
11,12108879,1,-0,1183783792
11,12108882,0.618,0.209,1183783795
11,12108894,1,-0,1183783807
11,12108895,1,-0,1183783808
11,12108904,0.7462,0.1271,1183783817
11,12108932,0.5896,0.2294,1183783845
11,12108933,1,-0,1183783846
11,12109119,1,-0,1183784032
11,12109124,0.6174,0.2094,1183784037
11,12109125,0.618,0.209,1183784038
11,12109127,1,-0,1183784040
11,12109128,1,-0,1183784041
11,12109133,1,-0,1183784046
11,12109134,0.09833,1.0073,1183784047
11,12109135,0.7811,0.1073,1183784048
11,12109136,0.05515,1.2585,1183784049
11,12109137,0.7811,0.1073,1183784050
11,12109139,0.497,0.3036,1183784052
11,12109146,0.2423,0.6156,1183784059
11,12109147,0.618,0.209,1183784060
11,12109148,0.2423,0.6156,1183784061
11,12109149,0.497,0.3036,1183784062
11,12109154,1,-0,1183784067
11,12109157,0.2423,0.6156,1183784070
11,12109159,1,-0,1183784072
11,12109160,1,-0,1183784073
11,12109162,1,-0,1183784075
11,12109169,1,-0,1183784082
11,12109193,0.618,0.209,1183784106
11,12109197,0.618,0.209,1183784110
11,12109232,1,-0,1183784145
11,12109233,0.618,0.209,1183784146
11,12109240,0.618,0.209,1183784153
11,12109243,0.3507,0.4551,1183784156
11,12109246,1,-0,1183784159
11,12109247,0.2423,0.6156,1183784160
11,12109602,0.1333,0.8752,1183784515
11,12132708,0.0587,1.2314,1183807621
11,12132711,0.02843,1.5462,1183807624
11,12132720,3.5e-16,15.4559,1183807633
11,12132737,1,-0,1183807650
11,12132740,3.5e-16,15.4559,1183807653
11,12132757,0.4969,0.3037,1183807670
11,12132758,1,-0,1183807671
11,12132762,1,-0,1183807675
11,12132768,1,-0,1183807681
11,12132800,0.1204,0.9194,1183807713
11,12132826,1,-0,1183807739
11,12132936,0.4969,0.3037,1183807849
11,12132939,1,-0,1183807852
11,12132940,1,-0,1183807853
11,12132947,1,-0,1183807860
11,12132949,0.4969,0.3037,1183807862
11,12132958,1,-0,1183807871
11,12132967,0.4969,0.3037,1183807880
11,12132974,0.4969,0.3037,1183807887
11,12132985,9.369e-8,7.0283,1183807898
11,12132987,0.1204,0.9194,1183807900
11,12133013,1,-0,1183807926
11,12133014,0.7461,0.1272,1183807927
11,12133015,1,-0,1183807928
11,12133031,1,-0,1183807944
11,12133044,0.8256,0.0832,1183807957
11,12133050,0.004738,2.3244,1183807963
11,12302039,0.1181,0.9278,1183976952
11,12302045,1,-0,1183976958
11,12302046,1,-0,1183976959
11,12302054,1,-0,1183976967
11,12302055,1.587e-4,3.7994,1183976968
11,12302065,2.618e-21,20.582,1183976978
11,12302070,0.6797,0.1677,1183976983
11,12302077,0.3642,0.4387,1183976990
11,12302083,0.4938,0.3064,1183976996
11,12302095,1,-0,1183977008
11,12302116,0.4938,0.3064,1183977029
11,12302124,2.618e-21,20.582,1183977037
11,12302132,0.4938,0.3064,1183977045
11,12302134,0.2423,0.6156,1183977047
11,12302140,2.618e-21,20.582,1183977053
11,12302147,0.002503,2.6015,1183977060
11,12302152,0.03083,1.511,1183977065
11,12302153,5.981e-10,9.2232,1183977066
11,12302154,0.2423,0.6156,1183977067
11,12302160,0.4975,0.3032,1183977073
11,12302165,1.185e-9,8.9263,1183977078
11,12302405,0.09653,1.0153,1183977318
11,12302407,0.3642,0.4387,1183977320
11,12302408,1,-0,1183977321
11,12302410,0.2423,0.6156,1183977323
11,12302412,0.2423,0.6156,1183977325
11,12302429,1,-0,1183977342
11,12302434,2.618e-21,20.582,1183977347
11,12302436,1.185e-9,8.9263,1183977349
11,12302447,0.05515,1.2585,1183977360
11,12302452,0.07764,1.1099,1183977365
11,12302463,0.05721,1.2425,1183977376
11,12302473,1,-0,1183977386
11,12302482,4.274e-10,9.3692,1183977395
11,12302484,0.05125,1.2903,1183977397
11,12302486,4.274e-10,9.3692,1183977399
11,12302489,0.4938,0.3064,1183977402
11,12302494,1,-0,1183977407
11,12302504,0.2423,0.6156,1183977417
11,12302508,1,-0,1183977421
11,12302509,5.114e-21,20.2912,1183977422
11,12302513,0.003879,2.4113,1183977426
11,12302519,0.05721,1.2425,1183977432
11,12302521,0.2423,0.6156,1183977434
11,12302522,1.185e-9,8.9263,1183977435
11,12302526,0.2423,0.6156,1183977439
11,12302527,2.183e-8,7.6609,1183977440
11,12337404,0.2298,0.6386,1184012317
11,12337407,0.05945,1.2258,1184012320
11,12337426,1,-0,1184012339
11,12337433,1,-0,1184012346
11,12337435,0.2298,0.6386,1184012348
11,12337439,0.05945,1.2258,1184012352
11,12337443,0.7869,0.1041,1184012356
11,12337454,0.2234,0.6509,1184012367
11,12337462,0.2293,0.6396,1184012375
11,12337464,1,-0,1184012377
11,12337468,1,-0,1184012381
11,12337471,0.4448,0.3518,1184012384
11,12337472,0.2815,0.5505,1184012385
11,12337476,0.2227,0.6523,1184012389
11,12337484,0.2227,0.6523,1184012397
11,12337490,0.3725,0.4289,1184012403
11,12337495,0.2287,0.6407,1184012408
11,12337500,1,-0,1184012413
11,12337504,1,-0,1184012417
11,12337516,0.2592,0.5864,1184012429
11,12337601,0.6087,0.21560000000000001,1184012514
11,12337625,0.2298,0.6386,1184012538
11,12337630,0.4975,0.3032,1184012543
11,12337631,0.6087,0.21560000000000001,1184012544
11,12337632,0.6087,0.21560000000000001,1184012545
11,12337634,0.6087,0.21560000000000001,1184012547
11,12337637,0.6087,0.21560000000000001,1184012550
11,12337639,1,-0,1184012552
11,12337640,1,-0,1184012553
11,12337641,0.4975,0.3032,1184012554
11,12337642,0.4975,0.3032,1184012555
11,12337644,1,-0,1184012557
11,12337645,1,-0,1184012558
11,12337646,0.4975,0.3032,1184012559
11,12337647,0.05945,1.2258,1184012560
11,12337667,0.2463,0.6085,1184012580
11,12337669,1,-0,1184012582
11,12337674,0.8579,0.0666,1184012587
11,12337675,1,-0,1184012588
11,12337676,0.6087,0.21560000000000001,1184012589
11,12337690,0.2298,0.6386,1184012603
11,12337703,0.4338,0.3627,1184012616
11,12337717,0.4338,0.3627,1184012630
11,12389113,1,-0,1184064026
11,12389115,1,-0,1184064028
11,12389133,3.699e-17,16.4319,1184064046
11,12389144,0.2454,0.6101,1184064057
11,12389145,6.11e-15,14.214,1184064058
11,12389148,1,-0,1184064061
11,12389149,1,-0,1184064062
11,12389157,0.4969,0.3037,1184064070
11,12389160,1,-0,1184064073
11,12389167,0.4969,0.3037,1184064080
11,12389172,3.699e-17,16.4319,1184064085
11,12389182,0.2454,0.6101,1184064095
11,12389203,3.699e-17,16.4319,1184064116
11,12389215,3.671e-4,3.4352,1184064128
11,12389216,0.2423,0.6156,1184064129
11,12389382,1,-0,1184064295
11,12389396,1,-0,1184064309
11,12389405,0.5084,0.2938,1184064318
11,12389414,0.4938,0.3064,1184064327
11,12389415,0.4938,0.3064,1184064328
11,12389433,2.357e-17,16.6276,1184064346
11,12389434,1,-0,1184064347
11,12389442,0.2196,0.6584,1184064355
11,12389445,5.084e-4,3.2938,1184064358
11,12389452,2.357e-17,16.6276,1184064365
11,12389453,1,-0,1184064366
11,12389463,0.06375,1.1955,1184064376
11,12389478,0.001176,2.9296,1184064391
11,12389479,0.3674,0.4349,1184064392
11,12389480,0.497,0.3036,1184064393
11,12389500,1,-0,1184064413
11,12389512,0.497,0.3036,1184064425
11,12452067,1,-0,1184126980
11,12452071,0.2106,0.6765,1184126984
11,12452073,0.6839,0.165,1184126986
11,12452074,0.01438,1.8422,1184126987
11,12452078,0.2471,0.6071,1184126991
11,12452092,0.2227,0.6523,1184127005
11,12452096,1,-0,1184127009
11,12452102,0.6035,0.2193,1184127015
11,12452119,0.2227,0.6523,1184127032
11,12452126,0.6035,0.2193,1184127039
11,12452157,0.5185,0.2853,1184127070
11,12452162,1,-0,1184127075
11,12452172,1,-0,1184127085
11,12452443,0.2775,0.5567,1184127356
11,12452451,0.2357,0.6276,1184127364
11,12452465,1,-0,1184127378
11,12452470,1,-0,1184127383
11,12452473,1,-0,1184127386
11,12452475,1,-0,1184127388
11,12452484,1,-0,1184127397
11,12452486,1,-0,1184127399
11,12452499,0.3941,0.4044,1184127412
11,12452506,1,-0,1184127419
11,12452507,1,-0,1184127420
11,12452515,1,-0,1184127428
11,12452516,1,-0,1184127429
11,12452525,1,-0,1184127438
11,12452526,1,-0,1184127439
11,12452530,1,-0,1184127443
11,12452538,0.682,0.1662,1184127451
11,12452540,1,-0,1184127453
11,12452546,0.4971,0.3036,1184127459
11,12452548,0.4338,0.3627,1184127461
11,12452551,1,-0,1184127464
11,12452559,1,-0,1184127472
11,12452565,1,-0,1184127478
11,12452566,1,-0,1184127479
11,12622409,1,-0,1184297322
11,12622427,0.06302,1.2005,1184297340
11,12622434,1,-0,1184297347
11,12622437,1,-0,1184297350
11,12622439,1,-0,1184297352
11,12622448,3.324e-19,18.4783,1184297361
11,12622456,3.324e-19,18.4783,1184297369
11,12622461,1,-0,1184297374
11,12622475,6.862e-9,8.1635,1184297388
11,12622480,0.4969,0.3037,1184297393
11,12622484,0.2161,0.6653,1184297397
11,12622487,0.4969,0.3037,1184297400
11,12622488,1,-0,1184297401
11,12622497,1,-0,1184297410
11,12622512,3.324e-19,18.4783,1184297425
11,12622520,9.743e-20,19.0113,1184297433
11,12622522,1,-0,1184297435
11,12622528,3.324e-19,18.4783,1184297441
11,12622536,0.09846,1.0067,1184297449
11,12622539,4.512e-21,20.3456,1184297452
11,12622730,0.021329999999999998,1.671,1184297643
11,12622734,0.4969,0.3037,1184297647
11,12622748,1,-0,1184297661
11,12622754,1,-0,1184297667
11,12622760,3.959e-8,7.4024,1184297673
11,12622761,9.743e-20,19.0113,1184297674
11,12622762,2.796e-20,19.5535,1184297675
11,12622763,1.233e-5,4.909,1184297676
11,12622769,1,-0,1184297682
11,12622776,1,-0,1184297689
11,12622780,9.743e-20,19.0113,1184297693
11,12622783,1,-0,1184297696
11,12622784,2.796e-20,19.5535,1184297697
11,12622785,1,-0,1184297698
11,12622793,1,-0,1184297706
11,12622794,1,-0,1184297707
11,12622820,1,-0,1184297733
11,12622821,1,-0,1184297734
11,12622826,1,-0,1184297739
11,12622832,1,-0,1184297745
11,12622835,0.034,1.4685,1184297748
11,12622842,1,-0,1184297755
11,12622843,1.339e-17,16.8732,1184297756
11,12622845,1.339e-17,16.8732,1184297758
11,12622846,1.339e-17,16.8732,1184297759
11,12622849,5.693e-8,7.2447,1184297762
11,12622850,0.6204,0.2073,1184297763
11,12622859,0.497,0.3036,1184297772
11,12700451,9.662e-4,3.0149,1184375364
11,12700509,9.662e-4,3.0149,1184375422
11,12700532,9.662e-4,3.0149,1184375445
11,12700558,9.662e-4,3.0149,1184375471
11,12700574,9.662e-4,3.0149,1184375487
11,12700710,9.662e-4,3.0149,1184375623
11,12700718,9.662e-4,3.0149,1184375631
11,12700729,9.662e-4,3.0149,1184375642
11,12700742,9.662e-4,3.0149,1184375655
11,12700786,9.662e-4,3.0149,1184375699
11,12700870,1,-0,1184375783
11,12700896,0.10780000000000001,0.9674,1184375809
11,12700911,1,-0,1184375824
11,12700914,1,-0,1184375827
11,12700926,0.5853,0.2326,1184375839
11,12700958,1,-0,1184375871
11,12700993,1,-0,1184375906
11,12701000,0.07895,1.1026,1184375913
11,12701005,1,-0,1184375918
11,12701054,1,-0,1184375967
11,12701058,0.5686,0.2452,1184375971
11,12701079,1,-0,1184375992
11,12701085,1,-0,1184375998
11,12701086,1,-0,1184375999
11,12701087,1,-0,1184376000
11,12701124,0.4359,0.3606,1184376037
11,12701128,0.4472,0.3495,1184376041
11,12701133,0.4472,0.3495,1184376046
11,12701134,0.01785,1.7484,1184376047
11,12701141,0.493,0.3072,1184376054
11,12701151,0.493,0.3072,1184376064
11,12701157,0.007496,2.1252,1184376070
11,12701159,0.08754,1.0578,1184376072
11,12701168,0.493,0.3072,1184376081
11,12701183,1,-0,1184376096
11,12701185,9.379e-11,10.0278,1184376098
11,12701188,1,-0,1184376101
11,12701191,0.1628,0.7883,1184376104
11,12701192,1,-0,1184376105
11,12701204,1.135e-10,9.945,1184376117
11,12701205,1,-0,1184376118
11,12701207,0.1252,0.9024,1184376120
11,12701209,0.3639,0.439,1184376122
11,12701212,1,-0,1184376125
11,12701224,0.2412,0.6176,1184376137
11,12701226,0.006697,2.1741,1184376139
11,12701227,0.3639,0.439,1184376140
11,12701233,1.135e-10,9.945,1184376146
11,12701243,0.08904,1.0504,1184376156
11,12701248,0.001462,2.8351,1184376161
11,12701385,0.02073,1.6834,1184376298
11,12701397,1.135e-10,9.945,1184376310
11,12701403,0.01282,1.8921,1184376316
11,12701408,1,-0,1184376321
11,12701414,1,-0,1184376327
11,12701416,0.06641,1.1778,1184376329
11,12701417,1,-0,1184376330
11,12701437,1,-0,1184376350
11,12701447,1,-0,1184376360
11,12701451,0.173,0.762,1184376364
11,12701454,0.173,0.762,1184376367
11,12701462,1,-0,1184376375
11,12701465,1,-0,1184376378
11,12701478,0.3694,0.4325,1184376391
11,12701479,0.06237,1.205,1184376392
11,12701505,1,-0,1184376418
11,12816768,0.2462,0.6087,1184491681
11,12816771,0.4975,0.3032,1184491684
11,12816772,0.4975,0.3032,1184491685
11,12816779,0.05837,1.2338,1184491692
11,12816780,1,-0,1184491693
11,12816797,0.6133,0.2123,1184491710
11,12816804,1,-0,1184491717
11,12816813,0.4343,0.3622,1184491726
11,12816816,0.5204,0.2837,1184491729
11,12816818,0.6133,0.2123,1184491731
11,12816824,0.2778,0.5563,1184491737
11,12816828,1,-0,1184491741
11,12816829,1,-0,1184491742
11,12816831,1,-0,1184491744
11,12816836,1,-0,1184491749
11,12816841,0.2778,0.5563,1184491754
11,12816842,0.749,0.1255,1184491755
11,12816847,1,-0,1184491760
11,12816861,0.2361,0.6269,1184491774
11,12816871,1,-0,1184491784
11,12816872,0.05425,1.2656,1184491785
11,12816874,1,-0,1184491787
11,12816877,0.481,0.3179,1184491790
11,12816878,1,-0,1184491791
11,12816880,0.1213,0.9161,1184491793
11,12816890,1,-0,1184491803
11,12816905,0.5467,0.2623,1184491818
11,12817161,1,-0,1184492074
11,12817173,1,-0,1184492086
11,12817174,1,-0,1184492087
11,12817176,1,-0,1184492089
11,12817177,0.2361,0.6269,1184492090
11,12817182,0.4972,0.3035,1184492095
11,12817194,1,-0,1184492107
11,12817206,0.2974,0.5267,1184492119
11,12817215,0.3195,0.4955,1184492128
11,12817216,0.7152,0.1456,1184492129
11,12817217,1,-0,1184492130
11,12817248,1,-0,1184492161
11,12817250,0.807,0.0931,1184492163
11,12817251,0.5192,0.2847,1184492164
11,12817253,1,-0,1184492166
11,12817257,0.5192,0.2847,1184492170
11,12817260,0.5192,0.2847,1184492173
11,12817263,1,-0,1184492176
11,12817297,1,-0,1184492210
11,13044030,0.09139,1.0391,1184718943
11,13044033,1,-0,1184718946
11,13044054,0.2951,0.53,1184718967
11,13044061,1,-0,1184718974
11,13044062,0.1082,0.9658,1184718975
11,13044079,0.002648,2.5771,1184718992
11,13044088,0.56,0.2518,1184719001
11,13044090,0.5752,0.2402,1184719003
11,13044098,1,-0,1184719011
11,13044099,0.5553,0.2555,1184719012
11,13044103,0.06015,1.2208,1184719016
11,13044104,1,-0,1184719017
11,13044118,1,-0,1184719031
11,13044194,1,-0,1184719107
11,13044199,0.09256,1.0336,1184719112
11,13044227,1,-0,1184719140
11,13044230,0.5301,0.2756,1184719143
11,13044236,0.599,0.2226,1184719149
11,13044237,1,-0,1184719150
11,13044297,0.2104,0.677,1184719210
11,13044309,1,-0,1184719222
11,13044316,0.4998,0.3012,1184719229
11,13044319,1,-0,1184719232
11,13044335,0.4998,0.3012,1184719248
11,13044349,1,-0,1184719262
11,13044378,0.005113,2.2913,1184719291
11,13044386,0.4998,0.3012,1184719299
11,13044387,0.4998,0.3012,1184719300
11,13044394,1,-0,1184719307
11,13044416,1,-0,1184719329
11,13044426,0.6095,0.215,1184719339
11,13044754,0.003819,2.4181,1184719667
11,13044760,1,-0,1184719673
11,13044774,0.5142,0.2889,1184719687
11,13044785,1,-0,1184719698
11,13112587,1,-0,1184787500
11,13112595,1,-0,1184787508
11,13112596,0.4969,0.3037,1184787509
11,13112598,1,-0,1184787511
11,13112600,0.5341,0.2724,1184787513
11,13112603,1,-0,1184787516
11,13112608,1,-0,1184787521
11,13112615,0.4969,0.3037,1184787528
11,13112620,1,-0,1184787533
11,13112624,1,-0,1184787537
11,13112639,1,-0,1184787552
11,13112641,0.4969,0.3037,1184787554
11,13112643,1,-0,1184787556
11,13112645,1,-0,1184787558
11,13112646,0.4969,0.3037,1184787559
11,13112647,0.4969,0.3037,1184787560
11,13112649,1,-0,1184787562
11,13112650,1,-0,1184787563
11,13112659,1,-0,1184787572
11,13112660,1,-0,1184787573
11,13112664,0.2784,0.5553,1184787577
11,13112667,0.3849,0.4147,1184787580
11,13112670,0.7461,0.1272,1184787583
11,13112697,1,-0,1184787610
11,13112803,0.5649,0.248,1184787716
11,13112836,1,-0,1184787749
11,13112837,1,-0,1184787750
11,13112866,1,-0,1184787779
11,13112878,1,-0,1184787791
11,13112879,0.4969,0.3037,1184787792
11,13112882,1,-0,1184787795
11,13112884,1,-0,1184787797
11,13112889,1,-0,1184787802
11,13112893,1,-0,1184787806
11,13112897,1,-0,1184787810
11,13112901,0.4969,0.3037,1184787814
11,13112902,1,-0,1184787815
11,13112905,1,-0,1184787818
11,13167304,0.4,0.3979,1184842217
11,13167305,2.116e-11,10.6745,1184842218
11,13167319,2.116e-11,10.6745,1184842232
11,13167323,0.157,0.8041,1184842236
11,13167330,0.4,0.3979,1184842243
11,13167354,3.143e-11,10.5027,1184842267
11,13167358,0.4103,0.3869,1184842271
11,13167367,3.143e-11,10.5027,1184842280
11,13167376,0.5646,0.2483,1184842289
11,13167386,0.1396,0.8551,1184842299
11,13167391,5.102e-4,3.2923,1184842304
11,13167393,3.143e-11,10.5027,1184842306
11,13167397,0.4103,0.3869,1184842310
11,13167407,1,-0,1184842320
11,13167409,0.03333,1.4772,1184842322
11,13167414,0.2028,0.6929,1184842327
11,13167418,4.004e-5,4.3975,1184842331
11,13167725,2.116e-11,10.6745,1184842638
11,13167726,0.2963,0.5283,1184842639
11,13167727,0.4,0.3979,1184842640
11,13167739,0.4,0.3979,1184842652
11,13167761,0.01475,1.8312,1184842674
11,13167763,5.102e-4,3.2923,1184842676
11,13167769,8.081e-5,4.0925,1184842682
11,13167770,0.05422,1.2658,1184842683
11,13167771,0.5607,0.2513,1184842684
11,13167796,2.257e-5,4.6465,1184842709
11,13167799,2.257e-5,4.6465,1184842712
11,13167800,0.001725,2.7632,1184842713
11,13167803,0.02285,1.6411,1184842716
11,13167812,5.625e-5,4.2499,1184842725
11,13167832,1.024e-10,9.9897,1184842745
11,13167843,0.4,0.3979,1184842756
11,13167845,0.1291,0.8891,1184842758
11,13167866,1,-0,1184842779
11,13167868,1.05e-15,14.9788,1184842781
11,13167902,1,-0,1184842815
11,13167909,1,-0,1184842822
11,13167942,1.174e-6,5.9303,1184842855
11,13167949,1,-0,1184842862
11,13167961,1,-0,1184842874
11,13167987,0.1204,0.9194,1184842900
11,13167989,1.05e-15,14.9788,1184842902
11,13168212,1,-0,1184843125
11,13168220,1,-0,1184843133
11,13168235,1,-0,1184843148
11,13168237,1,-0,1184843150
11,13168240,1.284e-6,5.8914,1184843153
11,13168264,0.1,1,1184843177
11,13168280,0.1,1,1184843193
11,13168292,1,-0,1184843205
11,13168319,1,-0,1184843232
11,13168320,0.1,1,1184843233
11,13168327,0.1,1,1184843240
11,13193295,1,-0,1184868208
11,13193299,0.6204,0.2073,1184868212
11,13193329,9.692e-6,5.0136,1184868242
11,13193351,1.05e-15,14.9788,1184868264
11,13193366,0.06581,1.1817,1184868279
11,13193368,1.05e-15,14.9788,1184868281
11,13193369,0.4969,0.3037,1184868282
11,13193397,1,-0,1184868310
11,13193406,0.0587,1.2314,1184868319
11,13193410,1,-0,1184868323
11,13193412,7.099e-8,7.1488,1184868325
11,13193541,1,-0,1184868454
11,13193564,1,-0,1184868477
11,13193571,0.7461,0.1272,1184868484
11,13193572,1,-0,1184868485
11,13193573,0.7461,0.1272,1184868486
11,13193580,1,-0,1184868493
11,13193581,0.0986,1.0061,1184868494
11,13193599,1,-0,1184868512
11,13193600,0.04867,1.3127,1184868513
11,13193601,1,-0,1184868514
11,13193603,0.4969,0.3037,1184868516
11,13193608,1,-0,1184868521
11,13193610,0.3852,0.4143,1184868523
11,13193625,0.6204,0.2073,1184868538
11,13193631,0.003472,2.4594,1184868544
11,13193634,1,-0,1184868547
11,13193641,1,-0,1184868554
11,13193646,1,-0,1184868559
11,13195469,0.8311,0.0803,1184870382
11,13195484,0.2768,0.5578,1184870397
11,13195491,0.2768,0.5578,1184870404
11,13195494,0.2768,0.5578,1184870407
11,13195497,1,-0,1184870410
11,13195520,0.4969,0.3037,1184870433
11,13195525,0.1204,0.9194,1184870438
11,13195526,0.8681,0.0614,1184870439
11,13195536,0.1204,0.9194,1184870449
11,13195538,1,-0,1184870451
11,13195539,1,-0,1184870452
11,13195541,0.4969,0.3037,1184870454
11,13195543,1,-0,1184870456
11,13195560,1,-0,1184870473
11,13195572,0.2768,0.5578,1184870485
11,13195582,1,-0,1184870495
11,13195583,0.586,0.2321,1184870496
11,13195587,0.04635,1.334,1184870500
11,13195589,1,-0,1184870502
11,13195601,0.4969,0.3037,1184870514
11,13195610,0.7501,0.1249,1184870523
11,13195800,1,-0,1184870713
11,13195803,1,-0,1184870716
11,13195814,1,-0,1184870727
11,13195832,0.4969,0.3037,1184870745
11,13195849,1,-0,1184870762
11,13195864,0.1204,0.9194,1184870777
11,13195866,1,-0,1184870779
11,13195868,1,-0,1184870781
11,13195887,0.3673,0.435,1184870800
11,13195890,0.4552,0.3418,1184870803
11,13195894,1,-0,1184870807
11,13195899,0.02507,1.6008,1184870812
11,13195901,1,-0,1184870814
11,13195906,0.2768,0.5578,1184870819
11,13195909,0.001967,2.7062,1184870822
11,13195910,1,-0,1184870823
11,13195913,0.00779,2.1085,1184870826
11,13195918,0.00923,2.0348,1184870831
11,13195919,1,-0,1184870832
11,13232650,0.4875,0.312,1184907563
11,13232652,0.4875,0.312,1184907565
11,13232660,2.789e-16,15.5546,1184907573
11,13232667,0.2234,0.6509,1184907580
11,13232673,1.392e-8,7.8564,1184907586
11,13232674,0.604,0.219,1184907587
11,13232676,1,-0,1184907589
11,13232683,2.789e-16,15.5546,1184907596
11,13232688,0.4744,0.3239,1184907601
11,13232689,2.789e-16,15.5546,1184907602
11,13232693,1,-0,1184907606
11,13232710,0.03977,1.4004,1184907623
11,13232712,0.4744,0.3239,1184907625
11,13232735,2.789e-16,15.5546,1184907648
11,13232753,0.6296,0.2009,1184907666
11,13232756,0.02948,1.5305,1184907669
11,13232760,0.02948,1.5305,1184907673
11,13232769,0.4744,0.3239,1184907682
11,13232770,2.789e-16,15.5546,1184907683
11,13232771,0.4744,0.3239,1184907684
11,13232780,0.06935,1.159,1184907693
11,13232783,0.2234,0.6509,1184907696
11,13232784,1,-0,1184907697
11,13232871,0.01463,1.8348,1184907784
11,13232876,0.6087,0.21560000000000001,1184907789
11,13232883,0.1552,0.8091,1184907796
11,13232893,0.481,0.3179,1184907806
11,13232894,0.4975,0.3032,1184907807
11,13232896,1,-0,1184907809
11,13232897,0.2298,0.6386,1184907810
11,13232913,0.481,0.3179,1184907826
11,13232914,1,-0,1184907827
11,13232921,0.2298,0.6386,1184907834
11,13232924,3.483e-5,4.458,1184907837
11,13232929,1,-0,1184907842
11,13232935,0.481,0.3179,1184907848
11,13232937,0.481,0.3179,1184907850
11,13232947,6.817e-17,16.1664,1184907860
11,13232966,0.4875,0.312,1184907879
11,13232970,6.817e-17,16.1664,1184907883
11,13232971,0.4875,0.312,1184907884
11,13232975,1,-0,1184907888
11,13232982,1,-0,1184907895
11,13643441,1,-0,1185318354
11,13643474,1,-0,1185318387
11,13643516,0.443,0.3536,1185318429
11,13643519,0.2294,0.6394,1185318432
11,13643520,1,-0,1185318433
11,13643521,0.497,0.3036,1185318434
11,13643526,1,-0,1185318439
11,13643547,0.2441,0.61240000000000006,1185318460
11,13643762,0.05721,1.2425,1185318675
11,13643766,0.443,0.3536,1185318679
11,13643767,0.8313,0.0802,1185318680
11,13643779,1,-0,1185318692
11,13643788,0.2423,0.6156,1185318701
11,13643793,0.2423,0.6156,1185318706
11,13643811,0.1843,0.7345,1185318724
11,13643815,1,-0,1185318728
11,13643829,1,-0,1185318742
11,13643831,1,-0,1185318744
11,13643832,0.2423,0.6156,1185318745
11,13643858,1,-0,1185318771
11,13643864,1,-0,1185318777
11,13643870,1,-0,1185318783
11,13643872,0.2423,0.6156,1185318785
11,13643889,0.1649,0.7828,1185318802
11,13643901,0.5431,0.2651,1185318814
11,13643911,0.1154,0.9378,1185318824
11,13643915,1,-0,1185318828
11,13643923,0.1249,0.9034,1185318836
11,13643930,0.2137,0.6702,1185318843
11,13643936,0.2367,0.6258,1185318849
11,13643943,0.6918,0.16,1185318856
11,13643947,0.5385,0.2688,1185318860
11,13643962,0.1249,0.9034,1185318875
11,13643970,1,-0,1185318883
11,13643975,0.1249,0.9034,1185318888
11,13643984,0.5385,0.2688,1185318897
11,13643989,0.4248,0.3718,1185318902
11,13717727,8.297e-16,15.0811,1185392640
11,13717729,1,-0,1185392642
11,13717744,1,-0,1185392657
11,13717772,1,-0,1185392685
11,13717774,0.2098,0.6782,1185392687
11,13717781,1,-0,1185392694
11,13717788,0.2465,0.6082,1185392701
11,13717789,0.02314,1.6356,1185392702
11,13717796,8.297e-16,15.0811,1185392709
11,13717800,1,-0,1185392713
11,13717802,9.422e-5,4.0259,1185392715
11,13717808,0.2082,0.6815,1185392721
11,13717813,0.2578,0.5887,1185392726
11,13717820,0.006929,2.1593,1185392733
11,13717852,2.993e-4,3.5239,1185392765
11,13717854,0.6202,0.2075,1185392767
11,13717855,1,-0,1185392768
11,13717856,3.452e-13,12.4619,1185392769
11,13717858,0.2302,0.6379,1185392771
11,13718141,1,-0,1185393054
11,13718142,0.4969,0.3037,1185393055
11,13718148,1,-0,1185393061
11,13718153,4.81e-5,4.3179,1185393066
11,13718164,1,-0,1185393077
11,13718185,8.297e-16,15.0811,1185393098
11,13718187,1,-0,1185393100
11,13718193,0.05861,1.232,1185393106
11,13718198,1,-0,1185393111
11,13718223,1,-0,1185393136
11,13718231,0.4969,0.3037,1185393144
11,13718233,1,-0,1185393146
11,13718244,1,-0,1185393157
11,13718258,9.407e-11,10.0265,1185393171
11,13718272,1,-0,1185393185
11,13718288,8.297e-16,15.0811,1185393201
11,13718370,1,-0,1185393283
11,13718545,1,-0,1185393458
11,13718552,1,-0,1185393465
11,13718567,0.4968,0.3038,1185393480
11,13718576,1,-0,1185393489
11,13718585,1,-0,1185393498
11,13718589,1,-0,1185393502
11,13718590,1,-0,1185393503
11,13718598,1,-0,1185393511
11,13718602,0.3098,0.5089,1185393515
11,13718609,0.4968,0.3038,1185393522
11,13718613,0.3275,0.4848,1185393526
11,13718615,1,-0,1185393528
11,13718626,0.2096,0.6786,1185393539
11,13718629,1,-0,1185393542
11,13718640,1,-0,1185393553
11,13718643,1,-0,1185393556
11,13718668,1,-0,1185393581
11,13799501,0.05721,1.2425,1185474414
11,13799502,1,-0,1185474415
11,13799515,0.2423,0.6156,1185474428
11,13799516,0.2072,0.6836,1185474429
11,13799520,0.497,0.3036,1185474433
11,13799525,1,-0,1185474438
11,13799531,1,-0,1185474444
11,13799543,1,-0,1185474456
11,13799546,1,-0,1185474459
11,13799547,1,-0,1185474460
11,13799552,1,-0,1185474465
11,13799554,1,-0,1185474467
11,13799558,1,-0,1185474471
11,13799566,0.2423,0.6156,1185474479
11,13799571,0.2971,0.5271,1185474484
11,13799582,1,-0,1185474495
11,13799583,0.2423,0.6156,1185474496
11,13799793,1,-0,1185474706
11,13799804,0.855,0.068,1185474717
11,13799817,1,-0,1185474730
11,13799822,0.2423,0.6156,1185474735
11,13799833,0.1205,0.919,1185474746
11,13799856,0.8734,0.0588,1185474769
11,13799874,0.497,0.3036,1185474787
11,13799884,0.2423,0.6156,1185474797
11,13799887,0.7462,0.1271,1185474800
11,13799895,1,-0,1185474808
11,13799900,0.2423,0.6156,1185474813
11,13799904,0.8615,0.0647,1185474817
11,13799920,1,-0,1185474833
11,13799923,0.6731,0.1719,1185474836
11,13866279,1,-0,1185541192
11,13866296,0.2458,0.6094,1185541209
11,13866320,0.4468,0.3499,1185541233
11,13866331,0.6133,0.2123,1185541244
11,13866344,1,-0,1185541257
11,13866345,1,-0,1185541258
11,13866376,1,-0,1185541289
11,13866377,0.4972,0.3035,1185541290
11,13866378,0.7467,0.1269,1185541291
11,13866402,0.2361,0.6269,1185541315
11,13866549,0.6208,0.207,1185541462
11,13866550,1,-0,1185541463
11,13866551,1,-0,1185541464
11,13866569,1,-0,1185541482
11,13866593,0.1685,0.7734,1185541506
11,13866632,1,-0,1185541545
11,13866651,0.4327,0.3638,1185541564
11,13866652,1,-0,1185541565
11,13866661,1,-0,1185541574
11,13866664,1,-0,1185541577
11,13866669,1,-0,1185541582
11,13866677,0.01592,1.7981,1185541590
11,13866678,1,-0,1185541591
11,13942532,8.271e-4,3.0824,1185617445
11,13942534,1,-0,1185617447
11,13942543,0.2455,0.6099,1185617456
11,13942546,2.424e-4,3.6155,1185617459
11,13942553,0.03665,1.4359,1185617466
11,13942559,0.4938,0.3064,1185617472
11,13942581,0.618,0.209,1185617494
11,13942585,1,-0,1185617498
11,13942589,1.292e-16,15.8887,1185617502
11,13942590,0.4938,0.3064,1185617503
11,13942591,0.6244,0.2045,1185617504
11,13942599,0.618,0.209,1185617512
11,13942601,0.4938,0.3064,1185617514
11,13942615,1.292e-16,15.8887,1185617528
11,13942617,0.208,0.6819,1185617530
11,13942632,0.01675,1.776,1185617545
11,13942637,0.2423,0.6156,1185617550
11,13942645,8.757e-17,16.0576,1185617558
11,13942920,1.292e-16,15.8887,1185617833
11,13942922,1.829e-11,10.7378,1185617835
11,13942923,1,-0,1185617836
11,13942935,1.292e-16,15.8887,1185617848
11,13942977,5.196e-7,6.2843,1185617890
11,13943013,1.292e-16,15.8887,1185617926
11,13943014,3.882e-15,14.4109,1185617927
11,13943015,1.292e-16,15.8887,1185617928
11,13943029,0.4938,0.3064,1185617942
11,13943030,0.5624,0.25,1185617943
11,13972716,0.6813,0.1667,1185647629
11,13972739,1,-0,1185647652
11,13972742,0.4733,0.3249,1185647655
11,13972752,0.4968,0.3038,1185647665
11,13972760,0.4968,0.3038,1185647673
11,13972786,0.4857,0.3136,1185647699
11,13972788,0.4857,0.3136,1185647701
11,13972789,0.03284,1.4836,1185647702
11,13972806,0.09039,1.0439,1185647719
11,13972813,1,-0,1185647726
11,13972819,0.7735,0.1115,1185647732
11,13972877,0.6813,0.1667,1185647790
11,13972921,1,-0,1185647834
11,13972926,0.09245,1.0341,1185647839
11,13972927,1,-0,1185647840
11,13972933,0.4968,0.3038,1185647846
11,13972937,0.02733,1.5634,1185647850
11,13972939,0.02733,1.5634,1185647852
11,13972942,1,-0,1185647855
11,13972952,1,-0,1185647865
11,13972956,1,-0,1185647869
11,13972958,1,-0,1185647871
11,13972969,1,-0,1185647882
11,13972970,1,-0,1185647883
11,13972974,1,-0,1185647887
11,13972977,0.01954,1.7091,1185647890
11,13972978,0.4935,0.3067,1185647891
11,13972979,0.4968,0.3038,1185647892
11,13972980,0.1717,0.7652,1185647893
11,13972982,0.6813,0.1667,1185647895
11,13973004,1,-0,1185647917
11,13973010,3.739e-4,3.4272,1185647923
11,14044310,1,-0,1185719223
11,14044312,1,-0,1185719225
11,14044322,1,-0,1185719235
11,14044333,1,-0,1185719246
11,14044339,1,-0,1185719252
11,14044345,1.507e-12,11.8219,1185719258
11,14044348,0.4969,0.3037,1185719261
11,14044351,1.923e-6,5.716,1185719264
11,14044352,1,-0,1185719265
11,14044356,0.1204,0.9194,1185719269
11,14044357,5.766e-4,3.2391,1185719270
11,14044358,6.979e-4,3.1562,1185719271
11,14044366,1,-0,1185719279
11,14044372,1,-0,1185719285
11,14044378,0.3283,0.4837,1185719291
11,14044379,1,-0,1185719292
11,14044401,7.157e-4,3.1453,1185719314
11,14044403,1,-0,1185719316
11,14044413,0.2768,0.5578,1185719326
11,14044414,1,-0,1185719327
11,14044420,1,-0,1185719333
11,14044421,1.249e-9,8.9034,1185719334
11,14044422,1,-0,1185719335
11,14044432,0.3283,0.4837,1185719345
11,14044433,0.8359,0.0778,1185719346
11,14044655,1,-0,1185719568
11,14044658,1,-0,1185719571
11,14044671,0.02914,1.5355,1185719584
11,14044677,1,-0,1185719590
11,14044678,0.4,0.3979,1185719591
11,14044681,0.02914,1.5355,1185719594
11,14044686,1,-0,1185719599
11,14044695,1,-0,1185719608
11,14044696,6.663e-5,4.1763,1185719609
11,14044698,1,-0,1185719611
11,14044701,1,-0,1185719614
11,14044702,1.507e-12,11.8219,1185719615
11,14044706,1,-0,1185719619
11,14044709,0.001095,2.9606,1185719622
11,14044722,1,-0,1185719635
11,14044727,0.2691,0.5701,1185719640
11,14044729,0.4969,0.3037,1185719642
11,14044735,1,-0,1185719648
11,14044738,1.507e-12,11.8219,1185719651
11,14044742,1,-0,1185719655
11,14044755,1,-0,1185719668
11,14044764,1,-0,1185719677
11,14044770,0.2454,0.6101,1185719683
11,14044773,0.2454,0.6101,1185719686
11,14044774,6.663e-5,4.1763,1185719687
11,14766325,0.4926,0.3075,1186441238
11,14766335,5.196e-7,6.2843,1186441248
11,14766344,0.2076,0.6828,1186441257
11,14766366,0.497,0.3036,1186441279
11,14766369,0.4938,0.3064,1186441282
11,14766380,0.6797,0.1677,1186441293
11,14766386,0.02637,1.5789,1186441299
11,14766391,5.196e-7,6.2843,1186441304
11,14766400,0.1075,0.9686,1186441313
11,14766417,1,-0,1186441330
11,14766420,0.2423,0.6156,1186441333
11,14766431,0.2072,0.6836,1186441344
11,14766432,0.2072,0.6836,1186441345
11,14766433,1,-0,1186441346
11,14766450,1,-0,1186441363
11,14766452,1,-0,1186441365
11,14766457,0.06206,1.2072,1186441370
11,14766666,0.4909,0.309,1186441579
11,14766667,1,-0,1186441580
11,14766681,1,-0,1186441594
11,14766688,0.4938,0.3064,1186441601
11,14766709,1,-0,1186441622
11,14766720,5.196e-7,6.2843,1186441633
11,14766742,1,-0,1186441655
11,14766745,0.4875,0.312,1186441658
11,14766751,1,-0,1186441664
11,14766752,0.4875,0.312,1186441665
11,14766768,1,-0,1186441681
11,14766774,5.689e-7,6.245,1186441687
11,14766776,1,-0,1186441689
11,14766783,0.2361,0.6269,1186441696
11,14766791,1,-0,1186441704
11,14766793,1,-0,1186441706
11,14766797,1,-0,1186441710
11,14766799,0.4875,0.312,1186441712
11,14825695,0.03088,1.5103,1186500608
11,14825696,0.002572,2.5897,1186500609
11,14825700,0.1204,0.9194,1186500613
11,14825701,1,-0,1186500614
11,14825702,0.49370000000000003,0.3065,1186500615
11,14825703,0.002572,2.5897,1186500616
11,14825717,1,-0,1186500630
11,14825732,0.49370000000000003,0.3065,1186500645
11,14825746,1,-0,1186500659
11,14825750,0.49370000000000003,0.3065,1186500663
11,14825755,0.49370000000000003,0.3065,1186500668
11,14825758,0.1204,0.9194,1186500671
11,14825759,0.2421,0.616,1186500672
11,14825782,0.002572,2.5897,1186500695
11,14825818,1,-0,1186500731
11,14826070,1,-0,1186500983
11,14826077,0.2419,0.6164,1186500990
11,14826079,1,-0,1186500992
11,14826093,1,-0,1186501006
11,14826095,1,-0,1186501008
11,14826107,0.7175,0.1442,1186501020
11,14826111,0.6176,0.2093,1186501024
11,14826117,0.2419,0.6164,1186501030
11,14826122,1,-0,1186501035
11,14826157,0.2419,0.6164,1186501070
11,14826167,0.6176,0.2093,1186501080
11,14826178,0.2419,0.6164,1186501091
11,14826179,0.1202,0.9201,1186501092
11,14826188,1,-0,1186501101
11,14826193,0.2419,0.6164,1186501106
11,14883987,1,-0,1186558900
11,14884041,0.4972,0.3035,1186558954
11,14884048,0.4872,0.3123,1186558961
11,14884052,0.6305,0.2003,1186558965
11,14884064,0.4972,0.3035,1186558977
11,14884066,0.6758,0.1702,1186558979
11,14884068,0.4972,0.3035,1186558981
11,14884076,0.4343,0.3622,1186558989
11,14884080,0.3679,0.4343,1186558993
11,14884084,0.4875,0.312,1186558997
11,14884094,0.4875,0.312,1186559007
11,14884107,0.5213,0.2829,1186559020
11,14884248,0.2361,0.6269,1186559161
11,14884253,0.4875,0.312,1186559166
11,14884261,0.4875,0.312,1186559174
11,14884301,0.4964,0.3042,1186559214
11,14884323,0.6821,0.1662,1186559236
11,14922539,1.05e-15,14.9788,1186597452
11,14922551,1,-0,1186597464
11,14922569,0.4969,0.3037,1186597482
11,14922584,2.678e-6,5.5722,1186597497
11,14922629,1,-0,1186597542
11,14922645,1.05e-15,14.9788,1186597558
11,14922857,1,-0,1186597770
11,14922860,1,-0,1186597773
11,14922880,1.05e-15,14.9788,1186597793
11,14922884,3.959e-8,7.4024,1186597797
11,14922910,1,-0,1186597823
11,14922932,1,-0,1186597845
11,14922940,1,-0,1186597853
11,14922946,1.05e-15,14.9788,1186597859
11,14922954,0.3673,0.435,1186597867
11,14922958,1,-0,1186597871
11,14922959,1,-0,1186597872
11,15035061,0.446,0.3507,1186709974
11,15035075,1,-0,1186709988
11,15035113,1,-0,1186710026
11,15035114,0.2357,0.6276,1186710027
11,15035144,0.2357,0.6276,1186710057
11,15035145,0.241,0.618,1186710058
11,15035162,1,-0,1186710075
11,15035167,0.7321,0.1354,1186710080
11,15035419,0.5088,0.2935,1186710332
11,15035420,1,-0,1186710333
11,15035423,0.5088,0.2935,1186710336
11,15035430,1,-0,1186710343
11,15035445,1,-0,1186710358
11,15035466,0.1525,0.8167,1186710379
11,15035472,0.2357,0.6276,1186710385
11,15035474,1,-0,1186710387
11,15035476,1,-0,1186710389
11,15035486,1,-0,1186710399
11,15035494,0.7143,0.1461,1186710407
11,15035500,1,-0,1186710413
11,15035505,1,-0,1186710418
11,15035537,0.613,0.2125,1186710450
11,15035543,1,-0,1186710456
11,15035546,0.01204,1.9194,1186710459
11,15035549,0.4338,0.3627,1186710462
11,15035556,0.2011,0.6966,1186710469
11,15035559,0.7056,0.1514,1186710472
11,15035562,1,-0,1186710475
11,15237271,0.04992,1.3017,1186912184
11,15237291,1,-0,1186912204
11,15237295,1.384e-5,4.8589,1186912208
11,15237299,1.384e-5,4.8589,1186912212
11,15237325,2.424e-7,6.6155,1186912238
11,15237344,6.823e-4,3.166,1186912257
11,15237347,1,-0,1186912260
11,15237350,1,-0,1186912263
11,15237373,0.3673,0.435,1186912286
11,15237378,6.823e-4,3.166,1186912291
11,15237379,6.823e-4,3.166,1186912292
11,15237386,6.823e-4,3.166,1186912299
11,15237389,1,-0,1186912302
11,15237392,0.1454,0.8374,1186912305
11,15237407,0.2768,0.5578,1186912320
11,15237414,6.823e-4,3.166,1186912327
11,15237439,1,-0,1186912352
11,15237467,1,-0,1186912380
11,15237475,1,-0,1186912388
11,15237718,1,-0,1186912631
11,15237744,0.7462,0.1271,1186912657
11,15237757,0.587,0.2314,1186912670
11,15237761,0.7643,0.1167,1186912674
11,15237782,1,-0,1186912695
11,15237785,0.6816,0.1665,1186912698
11,15237804,0.4969,0.3037,1186912717
11,15237810,0.3673,0.435,1186912723
11,15237823,0.05037,1.2978,1186912736
11,15237846,6.823e-4,3.166,1186912759
11,15277722,1.978e-20,19.7038,1186952635
11,15277725,0.4989,0.302,1186952638
11,15277732,0.4675,0.3302,1186952645
11,15277743,1,-0,1186952656
11,15277762,1.978e-20,19.7038,1186952675
11,15277778,8.045e-4,3.0945,1186952691
11,15277781,6.845e-19,18.1646,1186952694
11,15277785,1,-0,1186952698
11,15277794,1,-0,1186952707
11,15277804,0.4989,0.302,1186952717
11,15277809,2.501e-9,8.6019,1186952722
11,15277814,1.978e-20,19.7038,1186952727
11,15277826,1.304e-17,16.8847,1186952739
11,15277829,0.06106,1.2142,1186952742
11,15277831,5.527e-13,12.2575,1186952744
11,15278005,5.979e-20,19.2234,1186952918
11,15278013,0.3403,0.4681,1186952926
11,15278042,3.555e-8,7.4492,1186952955
11,15278043,0.06079,1.2162,1186952956
11,15278070,1.978e-20,19.7038,1186952983
11,15278078,1.978e-20,19.7038,1186952991
11,15278079,1.978e-20,19.7038,1186952992
11,15278080,1.978e-20,19.7038,1186952993
11,15278116,1,-0,1186953029
11,15278120,1,-0,1186953033
11,15283124,0.1956,0.7086,1186958037
11,15283137,0.2293,0.6396,1186958050
11,15283139,1,-0,1186958052
11,15283140,0.08366,1.0775,1186958053
11,15283164,0.6082,0.216,1186958077
11,15283182,0.2293,0.6396,1186958095
11,15283196,1,-0,1186958109
11,15283210,1,-0,1186958123
11,15283212,1,-0,1186958125
11,15283213,0.1902,0.7208,1186958126
11,15283220,1,-0,1186958133
11,15283230,0.2161,0.6653,1186958143
11,15283234,1,-0,1186958147
11,15283543,1,-0,1186958456
11,15283551,0.2462,0.6087,1186958464
11,15283552,0.7111,0.1481,1186958465
11,15283584,1,-0,1186958497
11,15283610,0.1956,0.7086,1186958523
11,15283617,0.2293,0.6396,1186958530
11,15283638,0.3865,0.4129,1186958551
11,15283655,0.6143,0.2116,1186958568
11,15283662,0.7396,0.131,1186958575
11,15283668,0.6209,0.207,1186958581
11,15283675,1,-0,1186958588
11,15283679,0.1248,0.9038,1186958592
11,15283710,1,-0,1186958623
11,15283736,1,-0,1186958649
11,15283767,0.5353,0.2714,1186958680
11,15283778,0.5303,0.2755,1186958691
11,15283800,0.2891,0.539,1186958713
11,15283806,1,-0,1186958719
11,15370069,0.4238,0.3728,1187044982
11,15370070,0.4981,0.3027,1187044983
11,15370074,2.578e-9,8.5887,1187044987
11,15370095,1,-0,1187045008
11,15370099,0.4238,0.3728,1187045012
11,15370103,0.604,0.219,1187045016
11,15370106,0.02232,1.6513,1187045019
11,15370107,0.1909,0.7192,1187045020
11,15370111,6.954e-13,12.1578,1187045024
11,15370123,0.4238,0.3728,1187045036
11,15370124,1,-0,1187045037
11,15370341,0.005319,2.2742,1187045254
11,15370347,1,-0,1187045260
11,15370349,2.578e-9,8.5887,1187045262
11,15370353,0.604,0.219,1187045266
11,15370361,1,-0,1187045274
11,15370374,0.2234,0.6509,1187045287
11,15370376,3.095e-14,13.5093,1187045289
11,15370386,0.4675,0.3302,1187045299
11,15370396,1,-0,1187045309
11,15370397,0.217,0.6635,1187045310
11,15370400,0.4675,0.3302,1187045313
11,15370402,2.501e-9,8.6019,1187045315
11,15370403,0.4675,0.3302,1187045316
11,15370404,0.6651,0.1771,1187045317
11,15370411,2.501e-9,8.6019,1187045324
11,15370416,4.596e-10,9.3376,1187045329
11,15370445,0.2306,0.6371,1187045358
11,15370446,7.809e-5,4.1074,1187045359
11,15370475,0.1045,0.9809,1187045388
11,15370476,0.3461,0.4608,1187045389
11,15458806,0.4969,0.3037,1187133719
11,15458874,1,-0,1187133787
11,15458889,0.4969,0.3037,1187133802
11,15458918,1,-0,1187133831
11,15459119,1,-0,1187134032
11,15459187,0.4969,0.3037,1187134100
11,15459194,0.4969,0.3037,1187134107
11,15459222,1,-0,1187134135
11,15459224,0.2768,0.5578,1187134137
11,15588071,1,-0,1187262984
11,15588072,0.4989,0.302,1187262985
11,15588102,1,-0,1187263015
11,15588104,0.1205,0.919,1187263017
11,15588105,1,-0,1187263018
11,15588107,1,-0,1187263020
11,15588108,1,-0,1187263021
11,15588141,0.1513,0.8202,1187263054
11,15588161,1,-0,1187263074
11,15588163,1,-0,1187263076
11,15588164,1,-0,1187263077
11,15588286,1,-0,1187263199
11,15588432,0.5994,0.2223,1187263345
11,15588467,0.1122,0.95,1187263380
11,15588473,1,-0,1187263386
11,15588477,0.6,0.2218,1187263390
11,15588483,0.5994,0.2223,1187263396
11,15588484,0.5994,0.2223,1187263397
11,15588492,1,-0,1187263405
11,15588499,0.5994,0.2223,1187263412
11,15588500,0.217,0.6635,1187263413
11,15588503,0.359,0.4449,1187263416
11,15588505,0.217,0.6635,1187263418
11,15588508,0.1859,0.7307,1187263421
11,15588509,0.2603,0.5845,1187263422
11,15588522,0.1229,0.9104,1187263435
11,15588542,0.4989,0.302,1187263455
11,15588543,1,-0,1187263456
11,15653230,1,-0,1187328143
11,15653235,0.2227,0.6523,1187328148
11,15653238,1,-0,1187328151
11,15653239,1,-0,1187328152
11,15653258,0.1221,0.9133,1187328171
11,15653263,0.6035,0.2193,1187328176
11,15653266,0.5765,0.2392,1187328179
11,15653271,0.05304,1.2754,1187328184
11,15653292,1,-0,1187328205
11,15653318,0.5965,0.2244,1187328231
11,15653332,0.08986,1.0464,1187328245
11,15653335,0.29,0.5376,1187328248
11,15653337,0.6035,0.2193,1187328250
11,15653339,0.5383,0.269,1187328252
11,15653347,1,-0,1187328260
11,15653349,1,-0,1187328262
11,15653353,0.2227,0.6523,1187328266
11,15653638,0.7082,0.1498,1187328551
11,15653645,1,-0,1187328558
11,15653656,0.4981,0.3027,1187328569
11,15653666,1,-0,1187328579
11,15653668,0.4404,0.3562,1187328581
11,15653692,0.2227,0.6523,1187328605
11,15653693,0.6035,0.2193,1187328606
11,15653707,1,-0,1187328620
11,15653712,0.2471,0.6071,1187328625
11,15653713,1,-0,1187328626
11,15653714,0.4737,0.3245,1187328627
11,15653718,0.4981,0.3027,1187328631
11,15653731,1,-0,1187328644
11,15653732,0.6035,0.2193,1187328645
11,15653744,1,-0,1187328657
11,15653746,1,-0,1187328659
11,15653766,0.01008,1.9965,1187328679
11,15653768,0.6336,0.1982,1187328681
11,15653769,1,-0,1187328682
11,15808539,1,-0,1187483452
11,15808541,1,-0,1187483454
11,15808542,0.1674,0.7762,1187483455
11,15808568,1,-0,1187483481
11,15808569,0.6178,0.2092,1187483482
11,15808573,0.2661,0.575,1187483486
11,15808583,0.6178,0.2092,1187483496
11,15808585,1,-0,1187483498
11,15808591,1,-0,1187483504
11,15808592,0.2268,0.6444,1187483505
11,15808594,1,-0,1187483507
11,15808599,0.6238,0.205,1187483512
11,15808600,0.2421,0.616,1187483513
11,15808602,0.03364,1.4731,1187483515
11,15808644,0.2453,0.6103,1187483557
11,15808665,0.6178,0.2092,1187483578
11,15808794,0.4969,0.3037,1187483707
11,15808798,0.2421,0.616,1187483711
11,15808802,0.05708,1.2435,1187483715
11,15808804,0.2421,0.616,1187483717
11,15808811,1,-0,1187483724
11,15808824,1,-0,1187483737
11,15808841,1,-0,1187483754
11,15808848,0.2421,0.616,1187483761
11,15808849,0.6238,0.205,1187483762
11,15808858,0.3462,0.4607,1187483771
11,15808860,0.2421,0.616,1187483773
11,15808864,0.2421,0.616,1187483777
11,15808877,1,-0,1187483790
11,15808882,0.746,0.1273,1187483795
11,15808884,1,-0,1187483797
11,15808918,0.05708,1.2435,1187483831
11,15808925,0.2421,0.616,1187483838
11,15859256,0.2421,0.616,1187534169
11,15859258,1,-0,1187534171
11,15859261,1,-0,1187534174
11,15859274,1,-0,1187534187
11,15859275,0.746,0.1273,1187534188
11,15859278,0.2421,0.616,1187534191
11,15859281,0.2421,0.616,1187534194
11,15859300,1,-0,1187534213
11,15859307,0.5102,0.2923,1187534220
11,15859309,0.1593,0.7978,1187534222
11,15859312,0.682,0.1662,1187534225
11,15859317,1,-0,1187534230
11,15859328,0.2421,0.616,1187534241
11,15859329,0.1204,0.9194,1187534242
11,15859332,0.05708,1.2435,1187534245
11,15859336,1,-0,1187534249
11,15859346,1,-0,1187534259
11,15859349,0.4427,0.3539,1187534262
11,15859352,0.5343,0.2722,1187534265
11,15859353,0.4427,0.3539,1187534266
11,15859376,0.4969,0.3037,1187534289
11,15859619,0.8554,0.0678,1187534532
11,15859625,0.5077,0.2944,1187534538
11,15859631,0.4969,0.3037,1187534544
11,15859636,0.2069,0.6842,1187534549
11,15859644,1,-0,1187534557
11,15859647,1,-0,1187534560
11,15859652,1,-0,1187534565
11,15859669,0.2421,0.616,1187534582
11,15859676,0.2421,0.616,1187534589
11,15859680,0.0549,1.2604,1187534593
11,15859699,0.2421,0.616,1187534612
11,15859702,0.7007,0.1545,1187534615
11,15859723,0.2453,0.6103,1187534636
11,15859732,0.4745,0.3238,1187534645
11,15859735,0.2421,0.616,1187534648
11,15859738,0.4969,0.3037,1187534651
11,15859739,1,-0,1187534652
11,15859770,0.09091,1.0414,1187534683
11,15859786,0.5152,0.288,1187534699
11,15860049,0.5152,0.288,1187534962
11,15860112,0.5152,0.288,1187535025
11,15860130,0.5152,0.288,1187535043
11,15888628,1,-0,1187563541
11,15888632,1,-0,1187563545
11,15888646,1,-0,1187563559
11,15888647,0.1204,0.9194,1187563560
11,15888657,0.7461,0.1272,1187563570
11,15888662,1,-0,1187563575
11,15888670,0.4954,0.305,1187563583
11,15888682,0.2454,0.6101,1187563595
11,15888701,1,-0,1187563614
11,15888722,1,-0,1187563635
11,15888725,1,-0,1187563638
11,15888731,1,-0,1187563644
11,15888746,1,-0,1187563659
11,15888758,0.3059,0.5144,1187563671
11,15888990,0.4969,0.3037,1187563903
11,15889023,1,-0,1187563936
11,15889030,1,-0,1187563943
11,15889031,0.3056,0.5148,1187563944
11,15889039,1,-0,1187563952
11,15889045,0.4969,0.3037,1187563958
11,15889052,1,-0,1187563965
11,15889111,1,-0,1187564024
11,15889123,0.1597,0.7967,1187564036
11,15889125,1,-0,1187564038
11,16088453,0.4974,0.3033,1187763366
11,16088456,0.4795,0.3192,1187763369
11,16088469,0.4831,0.316,1187763382
11,16088474,1,-0,1187763387
11,16088485,1,-0,1187763398
11,16088524,9.2e-4,3.0362,1187763437
11,16088530,1,-0,1187763443
11,16088541,1,-0,1187763454
11,16088544,0.2298,0.6386,1187763457
11,16088552,0.2463,0.6085,1187763465
11,16088554,1,-0,1187763467
11,16088557,0.05134,1.2895,1187763470
11,16088559,1,-0,1187763472
11,16088562,0.6087,0.21560000000000001,1187763475
11,16088563,0.481,0.3179,1187763476
11,16088669,0.2463,0.6085,1187763582
11,16088672,0.6087,0.21560000000000001,1187763585
11,16088674,1,-0,1187763587
11,16088693,0.6087,0.21560000000000001,1187763606
11,16088696,0.6182,0.2089,1187763609
11,16088700,1,-0,1187763613
11,16088704,0.2793,0.5539,1187763617
11,16088706,3.296e-6,5.482,1187763619
11,16088710,3.296e-6,5.482,1187763623
11,16088712,1,-0,1187763625
11,16088720,1,-0,1187763633
11,16088727,0.2118,0.6741,1187763640
11,16088728,0.2298,0.6386,1187763641
11,16088730,3.296e-6,5.482,1187763643
11,16088737,0.2463,0.6085,1187763650
11,16088742,0.8415,0.0749,1187763655
11,16088752,1,-0,1187763665
11,16088775,0.4975,0.3032,1187763688
11,16088780,1,-0,1187763693
11,16130742,0.8058,0.0938,1187805655
11,16130753,0.4975,0.3032,1187805666
11,16130761,0.2298,0.6386,1187805674
11,16130762,0.1699,0.7698,1187805675
11,16130764,1,-0,1187805677
11,16130772,0.2298,0.6386,1187805685
11,16130781,1,-0,1187805694
11,16130788,0.2298,0.6386,1187805701
11,16130789,0.6828,0.1657,1187805702
11,16130797,1,-0,1187805710
11,16130808,1,-0,1187805721
11,16130811,0.6087,0.21560000000000001,1187805724
11,16130812,0.2298,0.6386,1187805725
11,16130829,0.6087,0.21560000000000001,1187805742
11,16130838,1,-0,1187805751
11,16130849,0.6087,0.21560000000000001,1187805762
11,16130850,0.783,0.1062,1187805763
11,16130865,0.5293,0.2763,1187805778
11,16130877,0.2298,0.6386,1187805790
11,16131062,1,-0,1187805975
11,16131069,0.6087,0.21560000000000001,1187805982
11,16131107,0.05837,1.2338,1187806020
11,16131113,0.2463,0.6085,1187806026
11,16131114,0.01849,1.7331,1187806027
11,16131133,1,-0,1187806046
11,16131134,1,-0,1187806047
11,16131166,0.6087,0.21560000000000001,1187806079
11,16131178,0.5374,0.2697,1187806091
11,16357804,1,-0,1188032717
11,16357808,0.6919,0.16,1188032721
11,16357811,1,-0,1188032724
11,16357812,0.1956,0.7086,1188032725
11,16357818,0.2739,0.5624,1188032731
11,16357823,0.2739,0.5624,1188032736
11,16357826,0.5462,0.2626,1188032739
11,16357828,0.6919,0.16,1188032741
11,16357840,0.1956,0.7086,1188032753
11,16357844,0.0367,1.4353,1188032757
11,16357845,0.0367,1.4353,1188032758
11,16357847,0.0367,1.4353,1188032760
11,16357855,0.5368,0.2702,1188032768
11,16357866,0.3216,0.4927,1188032779
11,16357868,1,-0,1188032781
11,16357883,0.8405,0.0755,1188032796
11,16357891,0.2423,0.6156,1188032804
11,16357892,0.792,0.1013,1188032805
11,16357893,0.1615,0.7918,1188032806
11,16357904,1,-0,1188032817
11,16357918,0.1287,0.8904,1188032831
11,16357933,0.5493,0.2602,1188032846
11,16357938,0.578,0.2381,1188032851
11,16357949,0.5965,0.2244,1188032862
11,16357972,0.5493,0.2602,1188032885
11,16357978,0.5965,0.2244,1188032891
11,16357986,0.7221,0.1414,1188032899
11,16357987,0.5965,0.2244,1188032900
11,16357992,0.5965,0.2244,1188032905
11,16358100,0.3729,0.4284,1188033013
11,16358116,0.7643,0.1167,1188033029
11,16358129,0.497,0.3036,1188033042
11,16358136,0.8477,0.0718,1188033049
11,16358138,0.2423,0.6156,1188033051
11,16358150,0.2521,0.5984,1188033063
11,16358152,0.277,0.5575,1188033065
11,16358156,0.3252,0.4878,1188033069
11,16358157,0.866,0.0625,1188033070
11,16358174,1,-0,1188033087
11,16358176,1,-0,1188033089
11,16358177,1,-0,1188033090
11,16358179,1,-0,1188033092
11,16358189,1,-0,1188033102
11,16358191,0.497,0.3036,1188033104
11,16358193,1,-0,1188033106
11,16358194,0.5319,0.2742,1188033107
11,16358202,0.7462,0.1271,1188033115
11,16358207,0.4449,0.3517,1188033120
11,16358209,0.4975,0.3032,1188033122
11,16358227,1,-0,1188033140
11,16461523,1,-0,1188136436
11,16461536,1,-0,1188136449
11,16461540,0.4969,0.3037,1188136453
11,16461546,0.3096,0.5092,1188136459
11,16461566,1,-0,1188136479
11,16461585,1,-0,1188136498
11,16461587,0.4969,0.3037,1188136500
11,16461596,1,-0,1188136509
11,16461605,1,-0,1188136518
11,16461610,1,-0,1188136523
11,16461614,1,-0,1188136527
11,16461618,1,-0,1188136531
11,16461623,1,-0,1188136536
11,16461638,1,-0,1188136551
11,16461859,1,-0,1188136772
11,16461863,0.618,0.209,1188136776
11,16461873,1,-0,1188136786
11,16461876,0.6204,0.2073,1188136789
11,16461888,1,-0,1188136801
11,16461892,0.1356,0.8677,1188136805
11,16461904,1,-0,1188136817
11,16461906,1,-0,1188136819
11,16461907,0.2101,0.6776,1188136820
11,16461912,1,-0,1188136825
11,16461916,0.2318,0.6349,1188136829
11,16461919,0.7439,0.1285,1188136832
11,16461933,0.3283,0.4837,1188136846
11,16461970,1,-0,1188136883
11,16461976,0.6204,0.2073,1188136889
11,16527464,0.4805,0.3183,1188202377
11,16527467,0.6082,0.216,1188202380
11,16527472,0.4975,0.3032,1188202385
11,16527474,1,-0,1188202387
11,16527480,1,-0,1188202393
11,16527484,0.4805,0.3183,1188202397
11,16527493,1,-0,1188202406
11,16527496,0.721,0.1421,1188202409
11,16527508,1,-0,1188202421
11,16527521,1,-0,1188202434
11,16527528,0.5536,0.2568,1188202441
11,16527534,0.4635,0.334,1188202447
11,16527545,0.2293,0.6396,1188202458
11,16527547,0.4737,0.3245,1188202460
11,16527553,1,-0,1188202466
11,16527554,1,-0,1188202467
11,16527563,0.6212,0.2068,1188202476
11,16527567,1,-0,1188202480
11,16527568,1,-0,1188202481
11,16527575,1,-0,1188202488
11,16527583,0.4496,0.3472,1188202496
11,16527585,0.1705,0.7683,1188202498
11,16527820,0.4933,0.3069,1188202733
11,16527838,0.6308,0.2001,1188202751
11,16527840,0.8334,0.0791,1188202753
11,16527849,0.2293,0.6396,1188202762
11,16527858,1,-0,1188202771
11,16527860,0.4805,0.3183,1188202773
11,16527879,1,-0,1188202792
11,16527880,1,-0,1188202793
11,16527884,1,-0,1188202797
11,16527885,0.6827,0.1658,1188202798
11,16527887,0.4283,0.3683,1188202800
11,16527893,0.8723,0.0593,1188202806
11,16527902,0.8473,0.072,1188202815
11,16527906,1,-0,1188202819
11,16527909,0.7113,0.1479,1188202822
11,16527919,0.4805,0.3183,1188202832
11,16527923,0.1086,0.9642,1188202836
11,16527924,0.4805,0.3183,1188202837
11,16527927,0.3514,0.4542,1188202840
11,16527934,0.482,0.317,1188202847
11,16527937,0.1086,0.9642,1188202850
11,16527938,0.4805,0.3183,1188202851
11,16527946,0.2293,0.6396,1188202859
11,16527949,0.265,0.5768,1188202862
11,16647192,0.7462,0.1271,1188322105
11,16647195,0.497,0.3036,1188322108
11,16647196,0.2102,0.6774,1188322109
11,16647207,0.4938,0.3064,1188322120
11,16647215,0.497,0.3036,1188322128
11,16647225,0.3823,0.4176,1188322138
11,16647234,1,-0,1188322147
11,16647249,0.4399,0.3566,1188322162
11,16647264,0.4399,0.3566,1188322177
11,16647267,0.497,0.3036,1188322180
11,16647269,1,-0,1188322182
11,16647271,1,-0,1188322184
11,16647278,0.4399,0.3566,1188322191
11,16647279,1,-0,1188322192
11,16647282,1,-0,1188322195
11,16647288,0.4938,0.3064,1188322201
11,16647292,1,-0,1188322205
11,16647297,1,-0,1188322210
11,16647311,0.3132,0.5042,1188322224
11,16647521,0.4938,0.3064,1188322434
11,16647528,1,-0,1188322441
11,16647540,0.2423,0.6156,1188322453
11,16647594,1,-0,1188322507
11,16647610,1,-0,1188322523
11,16686795,1,-0,1188361708
11,16686807,0.8686,0.0612,1188361720
11,16686809,0.7398,0.1309,1188361722
11,16686815,0.7062,0.1511,1188361728
11,16686821,0.6178,0.2092,1188361734
11,16686823,1,-0,1188361736
11,16686841,0.6715,0.173,1188361754
11,16686842,0.4967,0.3039,1188361755
11,16686843,0.6715,0.173,1188361756
11,16686844,0.49370000000000003,0.3065,1188361757
11,16686861,1,-0,1188361774
11,16686880,0.8689,0.061,1188361793
11,16686891,0.4969,0.3037,1188361804
11,16686898,1,-0,1188361811
11,16686900,1,-0,1188361813
11,16686908,0.764,0.1169,1188361821
11,16686909,1,-0,1188361822
11,16687120,0.4969,0.3037,1188362033
11,16687152,1,-0,1188362065
11,16687159,1,-0,1188362072
11,16687167,1,-0,1188362080
11,16687169,0.4396,0.3569,1188362082
11,16687170,1,-0,1188362083
11,16687173,1,-0,1188362086
11,16687186,0.5314,0.2746,1188362099
11,16687187,0.6178,0.2092,1188362100
11,16687188,1,-0,1188362101
11,16687190,1,-0,1188362103
11,16687191,0.2781,0.5558,1188362104
11,16687194,1,-0,1188362107
11,16687195,0.4969,0.3037,1188362108
11,16687196,0.4305,0.366,1188362109
11,16687205,0.02743,1.5618,1188362118
11,16687207,0.4305,0.366,1188362120
11,16687211,0.49370000000000003,0.3065,1188362124
11,16687215,1,-0,1188362128
11,16687219,0.4969,0.3037,1188362132
11,16687227,0.49370000000000003,0.3065,1188362140
11,16687231,0.49370000000000003,0.3065,1188362144
11,16687232,1,-0,1188362145
11,16687235,0.49370000000000003,0.3065,1188362148
11,16753451,1,-0,1188428364
11,16753456,0.7195,0.143,1188428369
11,16753481,0.4969,0.3037,1188428394
11,16753482,0.4969,0.3037,1188428395
11,16753488,0.3688,0.4332,1188428401
11,16753493,1,-0,1188428406
11,16753498,1,-0,1188428411
11,16753507,1,-0,1188428420
11,16753513,0.7655,0.1161,1188428426
11,16753518,1,-0,1188428431
11,16753536,0.1203,0.9197,1188428449
11,16753547,0.5341,0.2724,1188428460
11,16753549,1,-0,1188428462
11,16753551,1,-0,1188428464
11,16753574,0.4969,0.3037,1188428487
11,16753885,1,-0,1188428798
11,16753889,1,-0,1188428802
11,16753906,0.4969,0.3037,1188428819
11,16753911,0.6202,0.2075,1188428824
11,16753915,1,-0,1188428828
11,16753916,1,-0,1188428829
11,16753929,1,-0,1188428842
11,16753936,1,-0,1188428849
11,16753945,1,-0,1188428858
11,16753959,1,-0,1188428872
11,16753964,0.4969,0.3037,1188428877
11,16753966,0.2453,0.6103,1188428879
11,16753972,1,-0,1188428885
11,16753984,1,-0,1188428897
11,16835184,1,-0,1188510097
11,16835186,1,-0,1188510099
11,16835206,0.4933,0.3069,1188510119
11,16835209,1,-0,1188510122
11,16835216,1,-0,1188510129
11,16835217,0.4933,0.3069,1188510130
11,16835226,0.4933,0.3069,1188510139
11,16835227,0.4857,0.3136,1188510140
11,16835237,0.6174,0.2094,1188510150
11,16835241,0.2451,0.6107,1188510154
11,16835244,1,-0,1188510157
11,16835256,1,-0,1188510169
11,16835257,1,-0,1188510170
11,16835262,1,-0,1188510175
11,16835270,0.4865,0.3129,1188510183
11,16835287,0.4933,0.3069,1188510200
11,16835534,0.4933,0.3069,1188510447
11,16835535,0.4933,0.3069,1188510448
11,16835578,0.4933,0.3069,1188510491
11,16835592,1,-0,1188510505
11,16835607,0.7437,0.1286,1188510520
11,16835612,0.4933,0.3069,1188510525
11,16835623,0.4933,0.3069,1188510536
11,16835637,1,-0,1188510550
11,16835638,0.4933,0.3069,1188510551
11,16835639,1,-0,1188510552
11,16835641,0.2417,0.6167,1188510554
11,16835645,0.2422,0.6158,1188510558
11,16835648,0.4933,0.3069,1188510561
11,16942452,0.57,0.2441,1188617365
11,16942496,0.4969,0.3037,1188617409
11,16942507,1,-0,1188617420
11,16942553,0.0587,1.2314,1188617466
11,16942560,1,-0,1188617473
11,16942568,1,-0,1188617481
11,16942599,0.4899,0.3099,1188617512
11,16942628,1,-0,1188617541
11,16942908,0.6816,0.1665,1188617821
11,16942922,0.481,0.3179,1188617835
11,16942950,1,-0,1188617863
11,16942988,0.4969,0.3037,1188617901
11,16942993,1,-0,1188617906
11,16942995,1,-0,1188617908
11,16942997,1,-0,1188617910
11,16943028,1,-0,1188617941
11,16943032,0.4969,0.3037,1188617945
11,16943037,1,-0,1188617950
11,17102159,1,-0,1188777072
11,17102160,0.3277,0.4845,1188777073
11,17102167,0.4935,0.3067,1188777080
11,17102188,1,-0,1188777101
11,17102200,0.4935,0.3067,1188777113
11,17102213,1,-0,1188777126
11,17102221,1,-0,1188777134
11,17102236,0.4935,0.3067,1188777149
11,17102246,0.6176,0.2093,1188777159
11,17102249,1,-0,1188777162
11,17102260,1,-0,1188777173
11,17102265,0.2419,0.6164,1188777178
11,17102270,1,-0,1188777183
11,17102444,0.09804,1.0086,1188777357
11,17102454,1,-0,1188777367
11,17102456,1,-0,1188777369
11,17102458,0.4974,0.3033,1188777371
11,17102466,1,-0,1188777379
11,17102467,1,-0,1188777380
11,17102472,0.6202,0.2075,1188777385
11,17102477,1,-0,1188777390
11,17102480,1,-0,1188777393
11,17102495,1,-0,1188777408
11,17102500,1,-0,1188777413
11,17102505,0.113,0.9469,1188777418
11,17102510,0.8657,0.0626,1188777423
11,17102514,1,-0,1188777427
11,17102529,0.4918,0.3082,1188777442
11,17102537,0.3857,0.4138,1188777450
11,17102539,0.6635,0.1782,1188777452
11,17102540,0.6635,0.1782,1188777453
11,17102542,0.4868,0.3126,1188777455
11,17102543,0.4868,0.3126,1188777456
11,17102544,0.8353,0.0782,1188777457
11,17102547,1,-0,1188777460
11,17102550,1,-0,1188777463
11,17102553,0.7186,0.1435,1188777466
11,17102556,0.7175,0.1442,1188777469
11,17102559,0.7223,0.1413,1188777472
11,17102562,0.7175,0.1442,1188777475
11,17102565,0.7186,0.1435,1188777478
11,17102568,0.1142,0.9423,1188777481
11,17102569,0.2452,0.6105,1188777482
11,17102571,1,-0,1188777484
11,17102584,1,-0,1188777497
11,17102587,0.7458,0.1274,1188777500
11,17689662,0.5271,0.2781,1189364575
11,17689671,0.6346,0.1975,1189364584
11,17689702,1,-0,1189364615
11,17689710,1,-0,1189364623
11,17689711,0.4969,0.3037,1189364624
11,17689738,1,-0,1189364651
11,17689741,0.5183,0.2854,1189364654
11,17689765,1,-0,1189364678
11,17689946,0.2454,0.6101,1189364859
11,17689954,0.4969,0.3037,1189364867
11,17689965,1,-0,1189364878
11,17689970,1,-0,1189364883
11,17689991,1,-0,1189364904
11,17690014,0.3673,0.435,1189364927
11,17690024,1,-0,1189364937
11,17690027,1,-0,1189364940
11,17690034,1,-0,1189364947
11,17690036,1,-0,1189364949
11,17690043,1,-0,1189364956
11,17690047,1,-0,1189364960
11,17690054,1,-0,1189364967
11,17690056,0.5345,0.2721,1189364969
11,17690057,1,-0,1189364970
11,17690077,1,-0,1189364990
11,18152476,0.5325,0.2737,1189827389
11,18152481,1,-0,1189827394
11,18152487,0.5204,0.2837,1189827400
11,18152488,1,-0,1189827401
11,18152515,1,-0,1189827428
11,18152516,0.02733,1.5634,1189827429
11,18152517,0.2763,0.5586,1189827430
11,18152519,0.1142,0.9423,1189827432
11,18152522,0.6793,0.1679,1189827435
11,18152537,1,-0,1189827450
11,18152540,1,-0,1189827453
11,18152543,1,-0,1189827456
11,18152549,0.2988,0.5246,1189827462
11,18152550,0.4969,0.3037,1189827463
11,18152560,1,-0,1189827473
11,18152578,1,-0,1189827491
11,18152585,1,-0,1189827498
11,18152586,1,-0,1189827499
11,18152587,1,-0,1189827500
11,18152594,1,-0,1189827507
11,18152597,0.2452,0.6105,1189827510
11,18152601,1,-0,1189827514
11,18152839,0.2419,0.6164,1189827752
11,18152841,1,-0,1189827754
11,18152896,0.6202,0.2075,1189827809
11,18152904,0.1202,0.9201,1189827817
11,18152916,0.01574,1.803,1189827829
11,18152929,0.4968,0.3038,1189827842
11,18152937,0.5236,0.281,1189827850
11,18152949,0.4935,0.3067,1189827862
11,18152959,0.1202,0.9201,1189827872
11,18278812,0.2401,0.6196,1189953725
11,18278817,1,-0,1189953730
11,18278822,0.4875,0.312,1189953735
11,18278829,1,-0,1189953742
11,18278832,0.1136,0.9446,1189953745
11,18278841,0.1208,0.9179,1189953754
11,18278842,0.6133,0.2123,1189953755
11,18278843,1,-0,1189953756
11,18278848,1,-0,1189953761
11,18278855,0.4437,0.3529,1189953768
11,18278856,1,-0,1189953769
11,18278857,0.4437,0.3529,1189953770
11,18278889,0.6853,0.1641,1189953802
11,18278890,1,-0,1189953803
11,18278898,0.6289,0.2014,1189953811
11,18278915,0.558,0.2534,1189953828
11,18279169,1,-0,1189954082
11,18279170,1,-0,1189954083
11,18279175,1,-0,1189954088
11,18279178,0.4872,0.3123,1189954091
11,18279200,0.2395,0.6207,1189954113
11,18279244,0.4875,0.312,1189954157
11,18279261,0.626,0.2034,1189954174
11,18279263,1,-0,1189954176
11,18279266,1,-0,1189954179
11,18279288,1,-0,1189954201
11,18279294,0.8604,0.0653,1189954207
11,18279295,0.601,0.2211,1189954208
11,18279296,0.4722,0.3259,1189954209
11,18503496,0.245,0.6108,1190178409
11,18503512,1,-0,1190178425
11,18503539,0.4967,0.3039,1190178452
11,18503545,0.4967,0.3039,1190178458
11,18503546,1,-0,1190178459
11,18503553,0.3775,0.4231,1190178466
11,18503555,0.4967,0.3039,1190178468
11,18503559,1,-0,1190178472
11,18503560,0.4967,0.3039,1190178473
11,18503563,1,-0,1190178476
11,18503566,1,-0,1190178479
11,18503567,1,-0,1190178480
11,18503571,0.62,0.2076,1190178484
11,18503585,0.6812,0.1667,1190178498
11,18503600,0.3666,0.4358,1190178513
11,18503611,0.62,0.2076,1190178524
11,18503775,0.6174,0.2094,1190178688
11,18503795,1,-0,1190178708
11,18503801,0.4933,0.3069,1190178714
11,18503849,0.1176,0.9296,1190178762
11,18503903,1,-0,1190178816
11,18503924,0.2533,0.5964,1190178837
11,18503954,1,-0,1190178867
11,18503993,0.06968,1.1569,1190178906
11,18503999,1,-0,1190178912
11,18504015,0.5023,0.299,1190178928
11,18663544,0.7035,0.1527,1190338457
11,18663546,1,-0,1190338459
11,18663572,0.5082,0.294,1190338485
11,18663574,1,-0,1190338487
11,18663578,1,-0,1190338491
11,18663579,1,-0,1190338492
11,18663581,0.4545,0.3425,1190338494
11,18663584,1,-0,1190338497
11,18663588,0.5082,0.294,1190338501
11,18663591,1,-0,1190338504
11,18663616,0.4969,0.3037,1190338529
11,18663632,1,-0,1190338545
11,18663634,1,-0,1190338547
11,18663639,1,-0,1190338552
11,18663644,1,-0,1190338557
11,18663677,0.7139,0.1464,1190338590
11,18663772,1,-0,1190338685
11,18663773,1,-0,1190338686
11,18663779,1,-0,1190338692
11,18663785,0.73,0.1367,1190338698
11,18663791,1,-0,1190338704
11,18663800,1,-0,1190338713
11,18663812,1,-0,1190338725
11,18663817,1,-0,1190338730
11,18663830,1,-0,1190338743
11,18663831,1,-0,1190338744
11,18663852,1,-0,1190338765
11,18663857,1,-0,1190338770
11,18663862,1,-0,1190338775
11,18663870,1,-0,1190338783
11,18663890,1,-0,1190338803
11,18663922,0.4,0.3979,1190338835
11,18663932,1,-0,1190338845
11,18663966,1,-0,1190338879
11,18663985,1,-0,1190338898
11,18663994,1,-0,1190338907
11,18664000,0.4643,0.3332,1190338913
11,18664016,1,-0,1190338929
11,18664023,1,-0,1190338936
11,18674732,1,-0,1190349645
11,18674779,1,-0,1190349692
11,18674780,1,-0,1190349693
11,18674790,1,-0,1190349703
11,18674791,1,-0,1190349704
11,18674821,0.6176,0.2093,1190349734
11,18674824,1,-0,1190349737
11,18674833,0.4933,0.3069,1190349746
11,18674837,0.4933,0.3069,1190349750
11,18674861,0.4933,0.3069,1190349774
11,18674966,1,-0,1190349879
11,18674970,0.4935,0.3067,1190349883
11,18674986,0.4935,0.3067,1190349899
11,18674991,1,-0,1190349904
11,18675025,1,-0,1190349938
11,18675042,1,-0,1190349955
11,18675043,1,-0,1190349956
11,18675049,1,-0,1190349962
11,18675060,1,-0,1190349973
11,18675061,1,-0,1190349974
11,18724249,0.5018,0.2995,1190399162
11,18724275,0.4699,0.328,1190399188
11,18724283,1,-0,1190399196
11,18724286,1,-0,1190399199
11,18724292,0.4801,0.3187,1190399205
11,18724303,0.2527,0.5974,1190399216
11,18724304,0.1222,0.9129,1190399217
11,18724309,0.06655,1.1769,1190399222
11,18724314,0.4474,0.3493,1190399227
11,18724335,1,-0,1190399248
11,18724336,1,-0,1190399249
11,18724362,1,-0,1190399275
11,18724382,1,-0,1190399295
11,18724397,0.6769,0.1695,1190399310
11,18724407,0.3929,0.4057,1190399320
11,18724444,0.4675,0.3302,1190399357
11,18724456,0.3396,0.469,1190399369
11,18724460,1,-0,1190399373
11,18724466,1,-0,1190399379
11,18724489,0.4989,0.302,1190399402
11,18724512,0.5988,0.2227,1190399425
11,18724549,0.217,0.6635,1190399462
11,18724817,0.4974,0.3033,1190399730
11,18724819,0.4932,0.307,1190399732
11,18724834,1,-0,1190399747
11,18724835,0.2287,0.6407,1190399748
11,18724837,0.4974,0.3033,1190399750
11,18724875,0.4119,0.3852,1190399788
11,18724876,0.4974,0.3033,1190399789
11,18724879,0.1773,0.7513,1190399792
11,18724883,0.1082,0.9658,1190399796
11,18724884,0.08396,1.0759,1190399797
11,18724885,1,-0,1190399798
11,18724888,0.48,0.3188,1190399801
11,18724896,0.1301,0.8857,1190399809
11,18724901,0.05934,1.2267,1190399814
11,18724919,1,-0,1190399832
11,18724925,0.2287,0.6407,1190399838
11,18724932,0.6826,0.1658,1190399845
11,18724940,1,-0,1190399853
11,18875648,1,-0,1190550561
11,18875652,1,-0,1190550565
11,18875654,1,-0,1190550567
11,18875659,1,-0,1190550572
11,18875660,1,-0,1190550573
11,18875671,0.1204,0.9194,1190550584
11,18875672,0.1204,0.9194,1190550585
11,18875684,0.8035,0.095,1190550597
11,18875685,0.1204,0.9194,1190550598
11,18875689,1,-0,1190550602
11,18875695,0.4969,0.3037,1190550608
11,18875701,0.4969,0.3037,1190550614
11,18875727,1,-0,1190550640
11,18875729,1,-0,1190550642
11,18875743,0.4932,0.307,1190550656
11,18875746,0.4519,0.345,1190550659
11,18875754,0.4684,0.3294,1190550667
11,18875765,0.05964,1.2245,1190550678
11,18875771,1,-0,1190550684
11,18875774,0.02843,1.5462,1190550687
11,18875776,0.4947,0.3057,1190550689
11,18876043,0.006844,2.1647,1190550956
11,18876046,0.006844,2.1647,1190550959
11,18876049,0.03908,1.408,1190550962
11,18876054,0.4956,0.3049,1190550967
11,18876055,0.1607,0.794,1190550968
11,18876056,0.497,0.3036,1190550969
11,18876059,1,-0,1190550972
11,18876064,1,-0,1190550977
11,18876067,0.6797,0.1677,1190550980
11,18876072,0.1181,0.9278,1190550985
11,18876084,0.4938,0.3064,1190550997
11,18876085,0.318,0.4976,1190550998
11,18876088,0.2455,0.6099,1190551001
11,18876090,0.1923,0.716,1190551003
11,18876098,0.4938,0.3064,1190551011
11,18876107,1,-0,1190551020
11,18876112,1,-0,1190551025
11,18876120,0.7198,0.1428,1190551033
11,18876122,1,-0,1190551035
11,18876123,0.6204,0.2073,1190551036
11,18876124,0.6204,0.2073,1190551037
11,18876127,0.3674,0.4349,1190551040
11,18876128,0.587,0.2314,1190551041
11,18876130,0.6797,0.1677,1190551043
11,18876132,0.3294,0.4823,1190551045
11,18876135,0.2112,0.6753,1190551048
11,18876146,0.4938,0.3064,1190551059
11,18876160,0.1043,0.9817,1190551073
11,18876161,1,-0,1190551074
11,18876173,0.2455,0.6099,1190551086
11,18876176,0.6203,0.2074,1190551089
11,18876181,0.3846,0.415,1190551094
11,18876183,0.01843,1.7345,1190551096
11,18876186,0.1385,0.8586,1190551099
11,18876200,0.3846,0.415,1190551113
11,18876202,0.4167,0.3802,1190551115
11,18876213,0.01843,1.7345,1190551126
11,18876214,0.01843,1.7345,1190551127
11,18876221,0.1385,0.8586,1190551134
11,18876224,0.2642,0.5781,1190551137
11,18876225,0.3846,0.415,1190551138
11,18876228,0.5077,0.2944,1190551141
11,18876236,0.1385,0.8586,1190551149
11,18876237,0.163,0.7878,1190551150
11,18876251,0.2615,0.5825,1190551164
11,18876253,0.2615,0.5825,1190551166
11,18944531,0.3793,0.421,1190619444
11,18944543,0.5756,0.2399,1190619456
11,18944544,0.5756,0.2399,1190619457
11,18944546,0.3646,0.4382,1190619459
11,18944550,0.5756,0.2399,1190619463
11,18944557,1,-0,1190619470
11,18944558,0.5209,0.2832,1190619471
11,18944564,0.3793,0.421,1190619477
11,18944565,0.2288,0.6405,1190619478
11,18944573,0.5756,0.2399,1190619486
11,18944585,0.5209,0.2832,1190619498
11,18944605,1,-0,1190619518
11,18944606,1,-0,1190619519
11,18944614,1,-0,1190619527
11,18944615,1,-0,1190619528
11,18944632,0.3572,0.4471,1190619545
11,18944695,0.2628,0.5804,1190619608
11,18944703,1,-0,1190619616
11,18944719,0.8754,0.0578,1190619632
11,18944734,1,-0,1190619647
11,18944735,0.4322,0.3643,1190619648
11,18944746,1,-0,1190619659
11,18944770,1,-0,1190619683
11,18944779,1,-0,1190619692
11,18944784,1,-0,1190619697
11,18944786,0.4969,0.3037,1190619699
11,18944788,0.6204,0.2073,1190619701
11,18944830,1,-0,1190619743
11,18944835,1,-0,1190619748
11,18944844,1,-0,1190619757
11,18944849,1,-0,1190619762
11,18945059,1,-0,1190619972
11,18945069,0.6797,0.1677,1190619982
11,18945070,0.4938,0.3064,1190619983
11,18945071,0.4938,0.3064,1190619984
11,18945087,0.4938,0.3064,1190620000
11,18945098,0.2423,0.6156,1190620011
11,18945118,0.4938,0.3064,1190620031
11,18945119,1,-0,1190620032
11,18945120,1,-0,1190620033
11,18945136,1,-0,1190620049
11,18945147,1,-0,1190620060
11,18945150,1,-0,1190620063
11,18945162,0.4938,0.3064,1190620075
11,18945168,0.7179,0.1439,1190620081
11,18945173,0.497,0.3036,1190620086
11,18945193,1,-0,1190620106
11,18945194,1,-0,1190620107
11,18945200,0.8256,0.0832,1190620113
11,18945224,1,-0,1190620137
11,18945229,0.4938,0.3064,1190620142
11,18945232,1,-0,1190620145
11,18945233,1,-0,1190620146
11,18945243,0.618,0.209,1190620156
11,18945247,0.7039,0.1525,1190620160
11,18945249,0.3642,0.4387,1190620162
11,18945255,0.4938,0.3064,1190620168
11,18945261,0.2455,0.6099,1190620174
11,18945277,0.8606,0.0652,1190620190
11,18945292,0.1181,0.9278,1190620205
11,18945298,0.4938,0.3064,1190620211
11,18945306,1,-0,1190620219
11,18945422,0.4972,0.3035,1190620335
11,18945427,1,-0,1190620340
11,18945435,1,-0,1190620348
11,18945439,0.7174,0.1442,1190620352
11,18945468,0.4181,0.3787,1190620381
11,18945469,0.4,0.3979,1190620382
11,18945472,0.4,0.3979,1190620385
11,18945494,1,-0,1190620407
11,18945504,1,-0,1190620417
11,18945511,1,-0,1190620424
11,19215038,0.7462,0.1271,1190889951
11,19215079,1,-0,1190889992
11,19215086,0.4865,0.3129,1190889999
11,19215088,0.497,0.3036,1190890001
11,19215130,0.2475,0.6064,1190890043
11,19215138,1,-0,1190890051
11,19215392,0.0783,1.1062,1190890305
11,19215403,0.4966,0.304,1190890316
11,19215404,0.4932,0.307,1190890317
11,19215453,1,-0,1190890366
11,19215456,1,-0,1190890369
11,19215457,0.06374,1.1956,1190890370
11,19215467,0.7462,0.1271,1190890380
11,19215490,1,-0,1190890403
11,19215505,1,-0,1190890418
11,19215514,0.4865,0.3129,1190890427
11,19215527,1,-0,1190890440
11,19215542,0.1238,0.9073,1190890455
11,19215552,0.1699,0.7698,1190890465
11,19215556,0.3732,0.4281,1190890469
11,19215561,1,-0,1190890474
11,19215570,0.1941,0.712,1190890483
11,19215573,0.5815,0.2355,1190890486
11,19215589,0.08317,1.08,1190890502
11,19215602,0.08317,1.08,1190890515
11,19215604,0.1941,0.712,1190890517
11,19215643,0.2054,0.6874,1190890556
11,19215646,0.1438,0.8422,1190890559
11,19215717,1,-0,1190890630
11,19215718,0.4921,0.3079,1190890631
11,19215745,1,-0,1190890658
11,19215761,0.2092,0.6794,1190890674
11,19215767,0.4667,0.331,1190890680
11,19215771,0.4921,0.3079,1190890684
11,19215788,0.4667,0.331,1190890701
11,19215792,0.4921,0.3079,1190890705
11,19215805,0.4967,0.3039,1190890718
11,19215829,0.2178,0.6619,1190890742
11,19215860,0.4792,0.3195,1190890773
11,19215862,0.4016,0.3962,1190890775
11,19215870,0.4815,0.3174,1190890783
11,19215894,0.4694,0.3285,1190890807
11,19215932,0.2796,0.5535,1190890845
11,19215937,0.4967,0.3039,1190890850
11,19215938,0.4694,0.3285,1190890851
11,19282265,1,-0,1190957178
11,19282270,0.2454,0.6101,1190957183
11,19282272,1,-0,1190957185
11,19282277,1,-0,1190957190
11,19282278,1,-0,1190957191
11,19282282,1,-0,1190957195
11,19282293,1,-0,1190957206
11,19282296,0.6096,0.215,1190957209
11,19282306,0.4969,0.3037,1190957219
11,19282308,1,-0,1190957221
11,19282318,1,-0,1190957231
11,19282326,1,-0,1190957239
11,19282327,1,-0,1190957240
11,19282332,1,-0,1190957245
11,19282344,0.2454,0.6101,1190957257
11,19282359,0.6204,0.2073,1190957272
11,19282360,1,-0,1190957273
11,19282362,1,-0,1190957275
11,19282373,1,-0,1190957286
11,19282383,0.4969,0.3037,1190957296
11,19282388,0.2454,0.6101,1190957301
11,19282393,1,-0,1190957306
11,19282514,0.6191,0.2082,1190957427
11,19282515,1,-0,1190957428
11,19282518,1,-0,1190957431
11,19282519,1,-0,1190957432
11,19282522,1,-0,1190957435
11,19282523,1,-0,1190957436
11,19282524,1,-0,1190957437
11,19282525,1,-0,1190957438
11,19282534,0.4969,0.3037,1190957447
11,19282535,0.021329999999999998,1.671,1190957448
11,19282540,0.2454,0.6101,1190957453
11,19282541,1,-0,1190957454
11,19282545,1,-0,1190957458
11,19282549,1,-0,1190957462
11,19282554,0.4969,0.3037,1190957467
11,19282561,0.196,0.7077,1190957474
11,19282587,0.7197,0.1428,1190957500
11,19282600,1,-0,1190957513
11,19282602,0.4969,0.3037,1190957515
11,19282603,0.6204,0.2073,1190957516
11,19282615,0.1015,0.9935,1190957528
11,19282616,0.4969,0.3037,1190957529
11,19282626,0.01775,1.7508,1190957539
11,19282633,0.01775,1.7508,1190957546
11,19363298,0.2213,0.655,1191038211
11,19363302,0.2298,0.6386,1191038215
11,19363308,0.481,0.3179,1191038221
11,19363321,0.4289,0.3676,1191038234
11,19363333,1,-0,1191038246
11,19363342,0.4289,0.3676,1191038255
11,19363351,0.1213,0.9161,1191038264
11,19363360,1,-0,1191038273
11,19363378,0.481,0.3179,1191038291
11,19363381,0.3937,0.4048,1191038294
11,19363382,1,-0,1191038295
11,19363385,0.2298,0.6386,1191038298
11,19363387,1,-0,1191038300
11,19363392,0.481,0.3179,1191038305
11,19363398,1,-0,1191038311
11,19363405,0.6087,0.21560000000000001,1191038318
11,19363408,1,-0,1191038321
11,19363409,1,-0,1191038322
11,19363423,0.4975,0.3032,1191038336
11,19363658,0.4979,0.3029,1191038571
11,19363661,1,-0,1191038574
11,19363662,0.6721,0.1726,1191038575
11,19363670,0.4975,0.3032,1191038583
11,19363671,0.4975,0.3032,1191038584
11,19363692,1,-0,1191038605
11,19363698,1,-0,1191038611
11,19363703,0.4289,0.3676,1191038616
11,19363712,0.1185,0.9263,1191038625
11,19363719,0.6087,0.21560000000000001,1191038632
11,19363723,1,-0,1191038636
11,19363738,0.481,0.3179,1191038651
11,19363740,1,-0,1191038653
11,19363742,0.4975,0.3032,1191038655
11,19363743,1,-0,1191038656
11,19363746,1,-0,1191038659
11,19363749,0.481,0.3179,1191038662
11,19363753,0.1062,0.9739,1191038666
11,19363759,0.4449,0.3517,1191038672
11,19363763,0.2298,0.6386,1191038676
11,19363768,1,-0,1191038681
11,19363775,1,-0,1191038688
11,19363776,0.481,0.3179,1191038689
11,19363782,0.2298,0.6386,1191038695
11,19390064,1,-0,1191064977
11,19390067,0.1223,0.9126,1191064980
11,19390070,1,-0,1191064983
11,19390079,1,-0,1191064992
11,19390081,0.7141,0.1462,1191064994
11,19390082,0.4899,0.3099,1191064995
11,19390090,0.4969,0.3037,1191065003
11,19390105,1,-0,1191065018
11,19390127,0.02969,1.5274,1191065040
11,19390145,1,-0,1191065058
11,19390146,0.4969,0.3037,1191065059
11,19390158,1,-0,1191065071
11,19390159,1,-0,1191065072
11,19390164,0.4969,0.3037,1191065077
11,19390165,0.1204,0.9194,1191065078
11,19390166,1,-0,1191065079
11,19390192,0.5233,0.2812,1191065105
11,19390199,1,-0,1191065112
11,19390293,0.2728,0.5642,1191065206
11,19390299,1,-0,1191065212
11,19390304,0.4969,0.3037,1191065217
11,19390305,0.1611,0.7929,1191065218
11,19390313,0.1204,0.9194,1191065226
11,19390314,0.02573,1.5896,1191065227
11,19390330,1,-0,1191065243
11,19390331,1,-0,1191065244
11,19390336,1,-0,1191065249
11,19390338,1,-0,1191065251
11,19390341,1,-0,1191065254
11,19390346,0.3673,0.435,1191065259
11,19390347,1,-0,1191065260
11,19390354,1,-0,1191065267
11,19390372,0.6816,0.1665,1191065285
11,19390377,0.6266,0.203,1191065290
11,19390378,1,-0,1191065291
11,19390389,1,-0,1191065302
11,19390395,1,-0,1191065308
11,19390403,0.1204,0.9194,1191065316
11,19390405,0.2108,0.6761,1191065318
11,19390406,0.3783,0.4222,1191065319
11,19390416,1,-0,1191065329
11,19390427,0.6816,0.1665,1191065340
11,19390523,0.4615,0.3358,1191065436
11,19390553,0.1149,0.9397,1191065466
11,19390584,0.4615,0.3358,1191065497
11,19390589,0.4615,0.3358,1191065502
11,19390613,0.4615,0.3358,1191065526
11,19390625,0.5895,0.2295,1191065538
11,19390634,1,-0,1191065547
11,19390816,0.6475,0.1888,1191065729
11,19390826,1,-0,1191065739
11,19390828,0.6241,0.2047,1191065741
11,19390842,0.07867,1.1042,1191065755
11,19390849,0.4255,0.3711,1191065762
11,19390850,0.5547,0.2559,1191065763
11,19390852,1,-0,1191065765
11,19390855,0.413,0.384,1191065768
11,19390856,1,-0,1191065769
11,19390864,1,-0,1191065777
11,19390882,1,-0,1191065795
11,19390912,0.5402,0.2674,1191065825
11,19390917,1,-0,1191065830
11,19390920,1,-0,1191065833
11,19390922,0.4857,0.3136,1191065835
11,19390930,0.3498,0.4562,1191065843
11,19390939,0.6087,0.21560000000000001,1191065852
11,19390941,1,-0,1191065854
11,19409622,1,-0,1191084535
11,19409623,1,-0,1191084536
11,19409624,1,-0,1191084537
11,19409667,1,-0,1191084580
11,19409669,1,-0,1191084582
11,19409675,1,-0,1191084588
11,19409681,0.2398,0.6202,1191084594
11,19409907,1,-0,1191084820
11,19409944,1,-0,1191084857
11,19409955,1,-0,1191084868
11,19432833,1,-0,1191107746
11,19432854,1,-0,1191107767
11,19432860,1,-0,1191107773
11,19432896,1,-0,1191107809
11,19433232,0.7266,0.1387,1191108145
11,19433255,1,-0,1191108168
11,19498661,0.08938,1.0488,1191173574
11,19498663,1,-0,1191173576
11,19498666,1,-0,1191173579
11,19498668,0.3767,0.424,1191173581
11,19498705,0.5007,0.3004,1191173618
11,19498707,0.08592,1.0659,1191173620
11,19498713,0.5422,0.2658,1191173626
11,19498714,0.7302,0.1366,1191173627
11,19498715,0.06777,1.169,1191173628
11,19498720,0.2019,0.6949,1191173633
11,19498738,0.4516,0.3452,1191173651
11,19498760,0.8579,0.0666,1191173673
11,19498762,1,-0,1191173675
11,19498770,0.8579,0.0666,1191173683
11,19498778,1,-0,1191173691
11,19498782,0.2019,0.6949,1191173695
11,19498783,0.5007,0.3004,1191173696
11,19498789,0.2212,0.6552,1191173702
11,19498967,0.1129,0.9473,1191173880
11,19498970,0.7283,0.1377,1191173883
11,19498971,0.3269,0.4856,1191173884
11,19498988,1,-0,1191173901
11,19498989,0.4556,0.3414,1191173902
11,19498992,0.5007,0.3004,1191173905
11,19498997,0.626,0.2034,1191173910
11,19499006,0.5783,0.2378,1191173919
11,19499029,0.2019,0.6949,1191173942
11,19499031,0.2019,0.6949,1191173944
11,19499032,0.4622,0.3352,1191173945
11,19499033,0.3593,0.4445,1191173946
11,19499034,0.2019,0.6949,1191173947
11,19499037,0.5007,0.3004,1191173950
11,19499058,0.5007,0.3004,1191173971
11,19499074,1,-0,1191173987
11,19499076,0.5007,0.3004,1191173989
11,19499087,0.5007,0.3004,1191174000
11,19499102,0.4967,0.3039,1191174015
11,19499108,1,-0,1191174021
11,19499111,1,-0,1191174024
11,19499116,0.6812,0.1667,1191174029
11,19499132,1,-0,1191174045
11,19499135,0.3656,0.437,1191174048
11,19499136,1,-0,1191174049
11,19499149,0.245,0.6108,1191174062
11,19499182,0.4967,0.3039,1191174095
11,19499187,0.4967,0.3039,1191174100
11,19499194,1,-0,1191174107
11,19499198,1,-0,1191174111
11,19499199,1,-0,1191174112
11,19499207,0.62,0.2076,1191174120
11,19499327,1,-0,1191174240
11,19499331,1,-0,1191174244
11,19499346,0.7191,0.1432,1191174259
11,19499349,1,-0,1191174262
11,19499355,1,-0,1191174268
11,19499358,1,-0,1191174271
11,19499362,1,-0,1191174275
11,19499368,0.62,0.2076,1191174281
11,19499377,1,-0,1191174290
11,19499401,0.4967,0.3039,1191174314
11,19499408,1,-0,1191174321
11,19499413,1,-0,1191174326
11,19499414,1,-0,1191174327
11,19499422,0.4944,0.3059,1191174335
11,19499426,0.62,0.2076,1191174339
11,19499427,1,-0,1191174340
11,19499428,1,-0,1191174341
11,19499433,1,-0,1191174346
11,19499441,0.6812,0.1667,1191174354
11,19499453,1,-0,1191174366
11,19499458,1,-0,1191174371
11,19568368,0.4938,0.3064,1191243281
11,19568393,1,-0,1191243306
11,19568430,0.2423,0.6156,1191243343
11,19568431,1,-0,1191243344
11,19568447,0.497,0.3036,1191243360
11,19568459,0.4938,0.3064,1191243372
11,19568462,0.4938,0.3064,1191243375
11,19568467,0.1181,0.9278,1191243380
11,19568472,1,-0,1191243385
11,19568477,0.1572,0.8035,1191243390
11,19568587,0.4909,0.309,1191243500
11,19568597,0.618,0.209,1191243510
11,19568600,0.2455,0.6099,1191243513
11,19568609,0.3059,0.5144,1191243522
11,19568612,1,-0,1191243525
11,19568619,0.618,0.209,1191243532
11,19568633,1,-0,1191243546
11,19568637,1,-0,1191243550
11,19568655,0.2102,0.6774,1191243568
11,19568657,0.4938,0.3064,1191243570
11,19568663,0.4938,0.3064,1191243576
11,19568672,0.4938,0.3064,1191243585
11,19568682,0.4938,0.3064,1191243595
11,19568683,1,-0,1191243596
11,19568688,0.618,0.209,1191243601
11,19568689,0.497,0.3036,1191243602
11,19568690,0.2423,0.6156,1191243603
11,19568697,0.4938,0.3064,1191243610
11,19568701,1,-0,1191243614
11,19568702,1,-0,1191243615
11,19568703,1,-0,1191243616
11,19644421,0.5649,0.248,1191319334
11,19644427,1,-0,1191319340
11,19644432,1,-0,1191319345
11,19644444,0.4969,0.3037,1191319357
11,19644451,1,-0,1191319364
11,19644462,1,-0,1191319375
11,19644473,1,-0,1191319386
11,19644483,1,-0,1191319396
11,19644511,0.8693,0.0608,1191319424
11,19644512,1,-0,1191319425
11,19644513,1,-0,1191319426
11,19644766,1,-0,1191319679
11,19644779,0.4545,0.3425,1191319692
11,19644800,0.5649,0.248,1191319713
11,19644806,1,-0,1191319719
11,19644810,0.5894,0.2296,1191319723
11,19644825,0.5121,0.2906,1191319738
11,19644826,0.4969,0.3037,1191319739
11,19644850,0.3673,0.435,1191319763
11,19644853,0.329,0.4828,1191319766
11,19644856,0.4969,0.3037,1191319769
11,19644870,0.4969,0.3037,1191319783
11,19644879,0.6743,0.1711,1191319792
11,19644882,0.06789,1.1682,1191319795
11,19644886,1,-0,1191319799
11,19644893,1,-0,1191319806
11,19766994,1,-0,1191441907
11,19767003,0.09551,1.02,1191441916
11,19767022,1,-0,1191441935
11,19767036,1,-0,1191441949
11,19767037,0.4933,0.3069,1191441950
11,19767041,1,-0,1191441954
11,19767050,0.8097,0.0917,1191441963
11,19767053,1,-0,1191441966
11,19767054,0.4933,0.3069,1191441967
11,19767055,0.7172,0.1444,1191441968
11,19767059,0.7064,0.1509,1191441972
11,19767069,0.2417,0.6167,1191441982
11,19767072,1,-0,1191441985
11,19767073,0.2095,0.6788,1191441986
11,19767080,0.4967,0.3039,1191441993
11,19767084,0.4933,0.3069,1191441997
11,19767085,0.2451,0.6107,1191441998
11,19767093,0.4865,0.3129,1191442006
11,19767112,0.4933,0.3069,1191442025
11,19767343,1,-0,1191442256
11,19767345,1,-0,1191442258
11,19767362,1,-0,1191442275
11,19767369,0.4933,0.3069,1191442282
11,19767377,1,-0,1191442290
11,19767385,0.2725,0.5646,1191442298
11,19767393,0.2725,0.5646,1191442306
11,19767396,1,-0,1191442309
11,19767397,0.5128,0.2901,1191442310
11,19767400,0.4967,0.3039,1191442313
11,19767403,0.1028,0.988,1191442316
11,19767413,0.4967,0.3039,1191442326
11,19767416,0.4933,0.3069,1191442329
11,19767430,0.7437,0.1286,1191442343
11,19767432,0.4933,0.3069,1191442345
11,19767440,0.4967,0.3039,1191442353
11,19767442,0.3645,0.4383,1191442355
11,19767448,1,-0,1191442361
11,19767489,0.4729,0.3252,1191442402
11,19767490,0.8655,0.0627,1191442403
11,19767491,1,-0,1191442404
11,19767498,1,-0,1191442411
11,19767504,0.4935,0.3067,1191442417
11,19767510,1,-0,1191442423
11,19767512,1,-0,1191442425
11,19767518,0.2419,0.6164,1191442431
11,19767526,0.5035,0.298,1191442439
11,19767531,1,-0,1191442444
11,19767535,0.488,0.3116,1191442448
11,19767538,0.6468,0.1892,1191442451
11,19767539,1,-0,1191442452
11,19767550,0.01663,1.7791,1191442463
11,19767556,0.6176,0.2093,1191442469
11,19767562,0.6814,0.1666,1191442475
11,19767577,0.7654,0.1161,1191442490
11,19767588,0.6917,0.1601,1191442501
11,19767589,0.1178,0.9289,1191442502
11,19767590,0.1259,0.9,1191442503
11,19767591,0.1586,0.7997,1191442504
11,19767592,0.7654,0.1161,1191442505
11,19767594,1,-0,1191442507
11,19767598,0.6917,0.1601,1191442511
11,19767601,0.5035,0.298,1191442514
11,19767604,1,-0,1191442517
11,19767610,0.04194,1.3774,1191442523
11,19767614,0.427,0.3696,1191442527
11,19767877,0.1835,0.7364,1191442790
11,19767885,1,-0,1191442798
11,19767906,0.1178,0.9289,1191442819
11,19767919,0.4968,0.3038,1191442832
11,19767922,1,-0,1191442835
11,19767923,0.4737,0.3245,1191442836
11,19767924,0.4968,0.3038,1191442837
11,19767939,1,-0,1191442852
11,19767943,0.6176,0.2093,1191442856
11,19767956,1,-0,1191442869
11,19870762,0.2454,0.6101,1191545675
11,19870779,1,-0,1191545692
11,19870780,1,-0,1191545693
11,19870781,1,-0,1191545694
11,19870783,1,-0,1191545696
11,19870784,1,-0,1191545697
11,19870800,1,-0,1191545713
11,19870821,0.3673,0.435,1191545734
11,19870849,1,-0,1191545762
11,19870861,1,-0,1191545774
11,19870866,1,-0,1191545779
11,19871005,0.2454,0.6101,1191545918
11,19871013,1,-0,1191545926
11,19871015,1,-0,1191545928
11,19871016,0.6204,0.2073,1191545929
11,19871017,1,-0,1191545930
11,19871021,0.2454,0.6101,1191545934
11,19871023,1,-0,1191545936
11,19871027,1,-0,1191545940
11,19871030,1,-0,1191545943
11,19871033,1,-0,1191545946
11,19871039,1,-0,1191545952
11,19871054,1,-0,1191545967
11,19871064,0.07949,1.0997,1191545977
11,19871065,1,-0,1191545978
11,19871082,0.6816,0.1665,1191545995
11,19871083,0.7461,0.1272,1191545996
11,19871092,0.5894,0.2296,1191546005
11,19871103,0.6816,0.1665,1191546016
11,19871118,1,-0,1191546031
11,19871119,0.3673,0.435,1191546032
11,19871121,0.6816,0.1665,1191546034
11,19892255,0.49370000000000003,0.3065,1191567168
11,19892256,0.49370000000000003,0.3065,1191567169
11,19892260,1,-0,1191567173
11,19892276,0.49370000000000003,0.3065,1191567189
11,19892280,0.49370000000000003,0.3065,1191567193
11,19892281,1,-0,1191567194
11,19892291,1,-0,1191567204
11,19892292,0.49370000000000003,0.3065,1191567205
11,19892305,1,-0,1191567218
11,19892306,1,-0,1191567219
11,19892324,1,-0,1191567237
11,19892339,0.2421,0.616,1191567252
11,19892343,1,-0,1191567256
11,19892349,1,-0,1191567262
11,19892354,0.4969,0.3037,1191567267
11,19892360,0.489,0.3107,1191567273
11,19892363,0.6203,0.2074,1191567276
11,19892366,0.5567,0.2544,1191567279
11,19892369,0.04502,1.3466,1191567282
11,19892372,0.4662,0.3314,1191567285
11,19892375,1,-0,1191567288
11,19892377,0.2354,0.6282,1191567290
11,19892378,0.4868,0.3126,1191567291
11,19892380,1,-0,1191567293
11,19892383,0.3333,0.4772,1191567296
11,19892482,1,-0,1191567395
11,19892490,1,-0,1191567403
11,19892493,0.49370000000000003,0.3065,1191567406
11,19892499,0.4969,0.3037,1191567412
11,19892500,0.3672,0.4351,1191567413
11,19892509,0.2421,0.616,1191567422
11,19892511,1,-0,1191567424
11,19892520,1,-0,1191567433
11,19892522,1,-0,1191567435
11,19892536,0.49370000000000003,0.3065,1191567449
11,19892540,0.6203,0.2074,1191567453
11,19892546,0.49370000000000003,0.3065,1191567459
11,19892550,1,-0,1191567463
11,19892552,0.49370000000000003,0.3065,1191567465
11,19892556,0.2421,0.616,1191567469
11,19892560,1,-0,1191567473
11,19892565,0.49370000000000003,0.3065,1191567478
11,19946150,1,-0,1191621063
11,19946157,0.812,0.0904,1191621070
11,19946160,1,-0,1191621073
11,19946161,1,-0,1191621074
11,19946164,1,-0,1191621077
11,19946179,0.4969,0.3037,1191621092
11,19946186,1,-0,1191621099
11,19946218,1,-0,1191621131
11,19946228,0.4969,0.3037,1191621141
11,19946253,1,-0,1191621166
11,19946254,1,-0,1191621167
11,19946259,1,-0,1191621172
11,19946265,0.6204,0.2073,1191621178
11,19946266,1,-0,1191621179
11,19946267,1,-0,1191621180
11,19946268,1,-0,1191621181
11,19946271,1,-0,1191621184
11,19946275,1,-0,1191621188
11,19946280,1,-0,1191621193
11,19946284,1,-0,1191621197
11,19946513,1,-0,1191621426
11,19946514,0.4969,0.3037,1191621427
11,19946519,0.2101,0.6776,1191621432
11,19946520,0.6816,0.1665,1191621433
11,19946521,1,-0,1191621434
11,19946547,0.4969,0.3037,1191621460
11,19946556,1,-0,1191621469
11,19946557,1,-0,1191621470
11,19946558,0.6816,0.1665,1191621471
11,19946562,0.4969,0.3037,1191621475
11,19946567,1,-0,1191621480
11,19946570,0.3693,0.4326,1191621483
11,19946586,1,-0,1191621499
11,19946599,0.6816,0.1665,1191621512
11,19946607,1,-0,1191621520
11,19946608,0.2454,0.6101,1191621521
11,19946624,0.1015,0.9935,1191621537
11,19946640,1,-0,1191621553
11,19946641,1,-0,1191621554
11,19946645,1,-0,1191621558
11,19946646,0.2101,0.6776,1191621559
11,19946682,0.3333,0.4772,1191621595
11,19946722,0.3333,0.4772,1191621635
11,19991119,0.3965,0.4018,1191666032
11,19991132,1,-0,1191666045
11,19991145,0.812,0.0904,1191666058
11,19991152,0.1672,0.7768,1191666065
11,19991153,0.4969,0.3037,1191666066
11,19991160,0.5323,0.2738,1191666073
11,19991161,1,-0,1191666074
11,19991171,1,-0,1191666084
11,19991176,0.1169,0.9322,1191666089
11,19991184,1,-0,1191666097
11,19991185,0.4954,0.305,1191666098
11,19991193,1,-0,1191666106
11,19991201,0.4426,0.354,1191666114
11,19991217,0.1454,0.8374,1191666130
11,19991224,0.1204,0.9194,1191666137
11,19991225,1,-0,1191666138
11,19991228,0.3293,0.4824,1191666141
11,19991233,1,-0,1191666146
11,19991238,1,-0,1191666151
11,19991245,0.6359,0.1966,1191666158
11,19991252,1,-0,1191666165
11,19991253,0.009238,2.0344,1191666166
11,19991489,1,-0,1191666402
11,19991493,1,-0,1191666406
11,19991495,1,-0,1191666408
11,19991497,1,-0,1191666410
11,19991503,1,-0,1191666416
11,19991512,0.8721,0.0594,1191666425
11,19991525,1,-0,1191666438
11,19991528,0.7461,0.1272,1191666441
11,19991530,1,-0,1191666443
11,19991533,0.8311,0.0803,1191666446
11,19991534,1,-0,1191666447
11,19991543,0.4969,0.3037,1191666456
11,19991551,1,-0,1191666464
11,19991552,1,-0,1191666465
11,19991553,1,-0,1191666466
11,19991555,0.3673,0.435,1191666468
11,19991557,1,-0,1191666470
11,19991558,1,-0,1191666471
11,19991568,1,-0,1191666481
11,19991572,0.8681,0.0614,1191666485
11,19991573,1,-0,1191666486
11,19991574,0.7386,0.1316,1191666487
11,19991585,1,-0,1191666498
11,19991586,0.4954,0.305,1191666499
11,19991593,0.7483,0.1259,1191666506
11,19991603,1,-0,1191666516
11,19991606,1,-0,1191666519
11,19991608,0.2454,0.6101,1191666521
11,19991613,1,-0,1191666526
11,19991614,0.4969,0.3037,1191666527
11,19991617,0.2454,0.6101,1191666530
11,20042608,0.09294,1.0318,1191717521
11,20042614,1,-0,1191717527
11,20042618,0.7197,0.1428,1191717531
11,20042619,1,-0,1191717532
11,20042620,1,-0,1191717533
11,20042625,0.1675,0.776,1191717538
11,20042633,1,-0,1191717546
11,20042644,1,-0,1191717557
11,20042651,1,-0,1191717564
11,20042653,1,-0,1191717566
11,20042656,1,-0,1191717569
11,20042659,1,-0,1191717572
11,20042662,1,-0,1191717575
11,20042676,1,-0,1191717589
11,20042686,1,-0,1191717599
11,20042688,0.4969,0.3037,1191717601
11,20042696,1,-0,1191717609
11,20042699,0.2454,0.6101,1191717612
11,20042703,0.4969,0.3037,1191717616
11,20042705,1,-0,1191717618
11,20042726,1,-0,1191717639
11,20042731,1,-0,1191717644
11,20042733,1,-0,1191717646
11,20042740,1,-0,1191717653
11,20042859,1,-0,1191717772
11,20042863,1,-0,1191717776
11,20042865,1,-0,1191717778
11,20042873,1,-0,1191717786
11,20042894,0.4254,0.3712,1191717807
11,20042931,1,-0,1191717844
11,20042932,1,-0,1191717845
11,20042940,1,-0,1191717853
11,20042954,1,-0,1191717867
11,20042961,1,-0,1191717874
11,20042962,1,-0,1191717875
11,20042966,1,-0,1191717879
11,20042979,1,-0,1191717892
11,20042980,1,-0,1191717893
11,20089762,0.497,0.3036,1191764675
11,20089767,0.2423,0.6156,1191764680
11,20089770,0.4938,0.3064,1191764683
11,20089786,0.4938,0.3064,1191764699
11,20089805,0.4938,0.3064,1191764718
11,20089810,0.4938,0.3064,1191764723
11,20089812,1,-0,1191764725
11,20089817,0.4956,0.3049,1191764730
11,20089824,1,-0,1191764737
11,20089855,1,-0,1191764768
11,20089860,0.6797,0.1677,1191764773
11,20089863,0.8195,0.0865,1191764776
11,20089867,0.7179,0.1439,1191764780
11,20090144,0.4938,0.3064,1191765057
11,20090150,0.3642,0.4387,1191765063
11,20090151,0.7643,0.1167,1191765064
11,20090155,1,-0,1191765068
11,20090165,0.4938,0.3064,1191765078
11,20090195,0.6204,0.2073,1191765108
11,20090207,1,-0,1191765120
11,20090229,0.4938,0.3064,1191765142
11,20090230,1,-0,1191765143
11,20090241,0.3674,0.4349,1191765154
11,20090249,1,-0,1191765162
11,20090250,0.8122,0.0903,1191765163
11,20090251,1,-0,1191765164
11,20090260,0.4938,0.3064,1191765173
11,20090267,0.4938,0.3064,1191765180
11,20090270,1,-0,1191765183
11,20090272,0.4938,0.3064,1191765185
11,20119171,1,-0,1191794084
11,20119174,1,-0,1191794087
11,20119193,0.2101,0.6776,1191794106
11,20119206,1,-0,1191794119
11,20119224,0.6204,0.2073,1191794137
11,20119225,1,-0,1191794138
11,20119226,1,-0,1191794139
11,20119235,1,-0,1191794148
11,20119236,1,-0,1191794149
11,20119240,1,-0,1191794153
11,20119249,1,-0,1191794162
11,20119252,1,-0,1191794165
11,20119262,1,-0,1191794175
11,20119270,1,-0,1191794183
11,20119272,0.6204,0.2073,1191794185
11,20119286,1,-0,1191794199
11,20119304,1,-0,1191794217
11,20119442,1,-0,1191794355
11,20119453,1,-0,1191794366
11,20119461,0.6204,0.2073,1191794374
11,20119470,0.7933,0.1006,1191794383
11,20119472,1,-0,1191794385
11,20119474,1,-0,1191794387
11,20119480,1,-0,1191794393
11,20119481,1,-0,1191794394
11,20119494,0.6816,0.1665,1191794407
11,20119495,1,-0,1191794408
11,20119498,1,-0,1191794411
11,20119501,1,-0,1191794414
11,20119509,1,-0,1191794422
11,20119514,1,-0,1191794427
11,20119517,0.4429,0.3537,1191794430
11,20119525,1,-0,1191794438
11,20119533,0.1855,0.7317,1191794446
11,20119534,1,-0,1191794447
11,20119536,1,-0,1191794449
11,20119539,1,-0,1191794452
11,20119540,1,-0,1191794453
11,20119541,1,-0,1191794454
11,20119543,1,-0,1191794456
11,20119545,1,-0,1191794458
11,20119549,1,-0,1191794462
11,20119565,1,-0,1191794478
11,20119566,1,-0,1191794479
11,20128408,1,-0,1191803321
11,20128411,0.48,0.3188,1191803324
11,20128423,1,-0,1191803336
11,20128439,0.4446,0.352,1191803352
11,20128440,0.4065,0.3909,1191803353
11,20128472,1,-0,1191803385
11,20128475,0.02365,1.6262,1191803388
11,20128491,0.2848,0.5455,1191803404
11,20128495,0.4658,0.3318,1191803408
11,20128515,0.2152,0.6672,1191803428
11,20128520,0.4989,0.302,1191803433
11,20128523,0.664,0.1778,1191803436
11,20128525,0.5981,0.2232,1191803438
11,20128534,0.5975,0.2237,1191803447
11,20128741,1,-0,1191803654
11,20128746,1,-0,1191803659
11,20128747,0.4989,0.302,1191803660
11,20128750,1,-0,1191803663
11,20128757,0.4658,0.3318,1191803670
11,20128766,1,-0,1191803679
11,20128770,0.4496,0.3472,1191803683
11,20128774,0.2484,0.6048,1191803687
11,20128777,0.6187,0.2085,1191803690
11,20128792,1,-0,1191803705
11,20128793,0.4989,0.302,1191803706
11,20128804,0.5981,0.2232,1191803717
11,20128818,1,-0,1191803731
11,20128819,0.4731,0.325,1191803732
11,20128831,0.5036,0.2979,1191803744
11,20128836,1,-0,1191803749
11,20128840,0.4989,0.302,1191803753
11,20128844,0.4989,0.302,1191803757
11,20128854,0.4658,0.3318,1191803767
11,20128860,0.2152,0.6672,1191803773
11,20128866,0.3386,0.4703,1191803779
11,20129101,0.3333,0.4772,1191804014
11,20129140,0.3333,0.4772,1191804053
11,20129155,0.3333,0.4772,1191804068
11,20297000,1,-0,1191971913
11,20297004,0.49370000000000003,0.3065,1191971917
11,20297008,0.2421,0.616,1191971921
11,20297010,1,-0,1191971923
11,20297017,1,-0,1191971930
11,20297021,1,-0,1191971934
11,20297027,0.09847,1.0067,1191971940
11,20297031,1,-0,1191971944
11,20297035,0.49370000000000003,0.3065,1191971948
11,20297041,1,-0,1191971954
11,20297049,0.49370000000000003,0.3065,1191971962
11,20297050,0.3992,0.3988,1191971963
11,20297058,0.6203,0.2074,1191971971
11,20297063,1,-0,1191971976
11,20297066,0.6178,0.2092,1191971979
11,20297071,1,-0,1191971984
11,20297082,0.118,0.9281,1191971995
11,20297087,0.7932,0.1006,1191972000
11,20297088,1,-0,1191972001
11,20297096,1,-0,1191972009
11,20297097,0.49370000000000003,0.3065,1191972010
11,20297100,1,-0,1191972013
11,20297107,1,-0,1191972020
11,20297108,0.49370000000000003,0.3065,1191972021
11,20297111,1,-0,1191972024
11,20297115,0.49370000000000003,0.3065,1191972028
11,20297132,0.7932,0.1006,1191972045
11,20297346,1,-0,1191972259
11,20297352,1,-0,1191972265
11,20297353,0.2421,0.616,1191972266
11,20297358,0.8345,0.0786,1191972271
11,20297361,0.4969,0.3037,1191972274
11,20297378,0.6263,0.2032,1191972291
11,20297381,1,-0,1191972294
11,20297391,0.2103,0.6772,1191972304
11,20297392,1,-0,1191972305
11,20297412,0.4396,0.3569,1191972325
11,20297418,1,-0,1191972331
11,20297423,0.49370000000000003,0.3065,1191972336
11,20297424,0.49370000000000003,0.3065,1191972337
11,20297442,0.49370000000000003,0.3065,1191972355
11,20297443,0.49370000000000003,0.3065,1191972356
11,20297451,1,-0,1191972364
11,20297457,1,-0,1191972370
11,20297460,1,-0,1191972373
11,20440824,1,-0,1192115737
11,20440825,0.5894,0.2296,1192115738
11,20440828,1,-0,1192115741
11,20440835,1,-0,1192115748
11,20440841,1,-0,1192115754
11,20440843,1,-0,1192115756
11,20440844,0.4969,0.3037,1192115757
11,20440847,1,-0,1192115760
11,20440848,1,-0,1192115761
11,20440865,0.4969,0.3037,1192115778
11,20440871,1,-0,1192115784
11,20440875,0.7197,0.1428,1192115788
11,20440876,1,-0,1192115789
11,20440882,1,-0,1192115795
11,20440889,1,-0,1192115802
11,20440893,0.6816,0.1665,1192115806
11,20440899,0.6204,0.2073,1192115812
11,20440917,1,-0,1192115830
11,20440927,0.4429,0.3537,1192115840
11,20440935,0.6411,0.1931,1192115848
11,20440952,1,-0,1192115865
11,20440954,1,-0,1192115867
11,20441081,0.6743,0.1711,1192115994
11,20441087,0.2108,0.6761,1192116000
11,20441092,1,-0,1192116005
11,20441116,0.4969,0.3037,1192116029
11,20441117,1,-0,1192116030
11,20441123,1,-0,1192116036
11,20441138,1,-0,1192116051
11,20441148,0.271,0.567,1192116061
11,20441149,1,-0,1192116062
11,20441156,0.2454,0.6101,1192116069
11,20441159,1,-0,1192116072
11,20441172,1,-0,1192116085
11,20441188,0.497,0.3036,1192116101
11,20441205,0.4938,0.3064,1192116118
11,20532930,0.2361,0.6269,1192207843
11,20532959,0.4875,0.312,1192207872
11,20532986,1,-0,1192207899
11,20533003,1,-0,1192207916
11,20533008,0.4875,0.312,1192207921
11,20533012,1,-0,1192207925
11,20533037,0.4875,0.312,1192207950
11,20533046,0.4875,0.312,1192207959
11,20533160,0.7467,0.1269,1192208073
11,20533163,0.4875,0.312,1192208076
11,20533178,0.4972,0.3035,1192208091
11,20533181,1,-0,1192208094
11,20533190,0.4875,0.312,1192208103
11,20533193,0.4875,0.312,1192208106
11,20533244,1,-0,1192208157
11,20533271,1,-0,1192208184
11,20533280,0.4875,0.312,1192208193
11,20533285,0.3758,0.425,1192208198
11,20533286,0.6133,0.2123,1192208199
11,20533287,0.4875,0.312,1192208200
11,20570343,1,-0,1192245256
11,20570351,0.2096,0.6786,1192245264
11,20570403,1,-0,1192245316
11,20570406,1,-0,1192245319
11,20570409,1,-0,1192245322
11,20570419,1,-0,1192245332
11,20570424,0.07661,1.1157,1192245337
11,20570426,1,-0,1192245339
11,20570437,1,-0,1192245350
11,20570438,1,-0,1192245351
11,20570440,1,-0,1192245353
11,20570441,1,-0,1192245354
11,20570443,1,-0,1192245356
11,20570446,1,-0,1192245359
11,20570452,1,-0,1192245365
11,20570455,0.6813,0.1667,1192245368
11,20570458,1,-0,1192245371
11,20570474,1,-0,1192245387
11,20570482,0.3323,0.4785,1192245395
11,20570483,0.05851,1.2328,1192245396
11,20570492,0.6462,0.1896,1192245405
11,20570499,0.4771,0.3214,1192245412
11,20570501,0.3213,0.4931,1192245414
11,20570715,1,-0,1192245628
11,20570721,1,-0,1192245634
11,20570724,1,-0,1192245637
11,20570739,1,-0,1192245652
11,20570757,1,-0,1192245670
11,20570760,1,-0,1192245673
11,20570780,1,-0,1192245693
11,20570784,1,-0,1192245697
11,20570788,0.4295,0.367,1192245701
11,20570791,0.4968,0.3038,1192245704
11,20570797,1,-0,1192245710
11,20570798,0.3669,0.4355,1192245711
11,20570806,1,-0,1192245719
11,20570835,1,-0,1192245748
11,20570836,0.6254,0.2038,1192245749
11,20570840,1,-0,1192245753
11,20570845,0.1165,0.9337,1192245758
11,20633357,0.4969,0.3037,1192308270
11,20633363,1,-0,1192308276
11,20633366,0.741,0.1302,1192308279
11,20633391,1,-0,1192308304
11,20633393,1,-0,1192308306
11,20633398,0.4969,0.3037,1192308311
11,20633410,1,-0,1192308323
11,20633442,1,-0,1192308355
11,20633446,1,-0,1192308359
11,20633457,1,-0,1192308370
11,20633656,0.1923,0.716,1192308569
11,20633684,1.441e-4,3.8413,1192308597
11,20633688,1,-0,1192308601
11,20633692,1,-0,1192308605
11,20633693,1,-0,1192308606
11,20633695,0.1204,0.9194,1192308608
11,20633701,1,-0,1192308614
11,20633721,1,-0,1192308634
11,20633732,1,-0,1192308645
11,20633762,0.5044,0.2972,1192308675
11,20633765,1,-0,1192308678
11,20633779,0.2454,0.6101,1192308692
11,20699265,1,-0,1192374178
11,20699279,1,-0,1192374192
11,20699291,1,-0,1192374204
11,20699296,1,-0,1192374209
11,20699298,1,-0,1192374211
11,20699308,0.4969,0.3037,1192374221
11,20699309,1,-0,1192374222
11,20699313,0.7197,0.1428,1192374226
11,20699314,1,-0,1192374227
11,20699315,1,-0,1192374228
11,20699328,1,-0,1192374241
11,20699333,1,-0,1192374246
11,20699337,1,-0,1192374250
11,20699340,1,-0,1192374253
11,20699370,1,-0,1192374283
11,20699384,1,-0,1192374297
11,20699391,0.6743,0.1711,1192374304
11,20699416,0.5686,0.2452,1192374329
11,20699563,0.4969,0.3037,1192374476
11,20699564,1,-0,1192374477
11,20699582,0.4969,0.3037,1192374495
11,20699585,1,-0,1192374498
11,20699586,1,-0,1192374499
11,20699595,1,-0,1192374508
11,20699609,0.4969,0.3037,1192374522
11,20699616,1,-0,1192374529
11,20699629,0.6204,0.2073,1192374542
11,20699634,1,-0,1192374547
11,20699635,1,-0,1192374548
11,20699637,0.4969,0.3037,1192374550
11,20699640,1,-0,1192374553
11,20699642,0.4969,0.3037,1192374555
11,20699645,0.4969,0.3037,1192374558
11,20699672,1,-0,1192374585
11,20699675,1,-0,1192374588
11,20699686,0.2105,0.6767,1192374599
11,20699698,0.1279,0.8931,1192374611
11,20699699,0.4474,0.3493,1192374612
11,20699702,1,-0,1192374615
11,20699707,0.6096,0.215,1192374620
11,20699708,0.5926,0.2272,1192374621
11,20699709,0.4615,0.3358,1192374622
11,20699710,0.2211,0.6554,1192374623
11,20699712,1,-0,1192374625
11,20699713,1,-0,1192374626
11,20699714,1,-0,1192374627
11,20699715,0.08965,1.0474,1192374628
11,20699717,1,-0,1192374630
11,20699718,1,-0,1192374631
11,20699729,0.2937,0.5321,1192374642
11,20699746,1,-0,1192374659
11,20699766,0.4737,0.3245,1192374679
11,20699776,0.472,0.3261,1192374689
11,20699777,1,-0,1192374690
11,20699779,0.3864,0.413,1192374692
11,20699790,1,-0,1192374703
11,20699793,1,-0,1192374706
11,20699799,0.2211,0.6554,1192374712
11,20732762,1,-0,1192407675
11,20732773,0.4938,0.3064,1192407686
11,20732790,1,-0,1192407703
11,20732795,0.4938,0.3064,1192407708
11,20732808,1,-0,1192407721
11,20732836,0.4938,0.3064,1192407749
11,20732857,0.4938,0.3064,1192407770
11,20732876,0.618,0.209,1192407789
11,20732881,1,-0,1192407794
11,20732887,1,-0,1192407800
11,20733065,0.2423,0.6156,1192407978
11,20733070,0.4938,0.3064,1192407983
11,20733076,1,-0,1192407989
11,20733083,0.4938,0.3064,1192407996
11,20733087,0.4938,0.3064,1192408000
11,20733090,0.7462,0.1271,1192408003
11,20733098,0.1181,0.9278,1192408011
11,20733101,0.4938,0.3064,1192408014
11,20733116,1,-0,1192408029
11,20733118,0.618,0.209,1192408031
11,20733121,1,-0,1192408034
11,20733129,0.4938,0.3064,1192408042
11,20733136,1,-0,1192408049
11,20733148,0.3285,0.4835,1192408061
11,20733158,1,-0,1192408071
11,20733160,0.2423,0.6156,1192408073
11,20923587,1,-0,1192598500
11,20923590,1,-0,1192598503
11,20923592,1,-0,1192598505
11,20923593,0.2454,0.6101,1192598506
11,20923601,1,-0,1192598514
11,20923602,1,-0,1192598515
11,20923603,1,-0,1192598516
11,20923612,0.2454,0.6101,1192598525
11,20923613,0.1204,0.9194,1192598526
11,20923629,1,-0,1192598542
11,20923630,0.196,0.7077,1192598543
11,20923631,1,-0,1192598544
11,20923641,1,-0,1192598554
11,20923643,1,-0,1192598556
11,20923664,0.4969,0.3037,1192598577
11,20923665,1,-0,1192598578
11,20923675,1,-0,1192598588
11,20923678,1,-0,1192598591
11,20923680,1,-0,1192598593
11,20923684,1,-0,1192598597
11,20923687,1,-0,1192598600
11,20923697,1,-0,1192598610
11,20923698,1,-0,1192598611
11,20923714,1,-0,1192598627
11,20923716,1,-0,1192598629
11,20923892,1,-0,1192598805
11,20923893,0.5082,0.294,1192598806
11,20923894,1,-0,1192598807
11,20923895,0.4938,0.3064,1192598808
11,20923897,1,-0,1192598810
11,20923900,1,-0,1192598813
11,20923901,0.5718,0.2428,1192598814
11,20923909,1,-0,1192598822
11,20923916,0.4969,0.3037,1192598829
11,20923918,0.8193,0.0866,1192598831
11,20923928,1,-0,1192598841
11,20923932,1,-0,1192598845
11,20923942,1,-0,1192598855
11,20923971,1,-0,1192598884
11,20923975,0.4969,0.3037,1192598888
11,20923977,1,-0,1192598890
11,20923990,1,-0,1192598903
11,20923991,1,-0,1192598904
11,20923992,0.4969,0.3037,1192598905
11,20923998,1,-0,1192598911
11,20924005,0.4969,0.3037,1192598918
11,20924008,1,-0,1192598921
11,20924009,1,-0,1192598922
11,20924013,0.812,0.0904,1192598926
11,20924020,1,-0,1192598933
11,20924021,0.2564,0.5911,1192598934
11,20924022,0.5649,0.248,1192598935
11,20944118,0.01174,1.9303,1192619031
11,20944119,1,-0,1192619032
11,20944125,1,-0,1192619038
11,20944126,1,-0,1192619039
11,20944137,0.6202,0.2075,1192619050
11,20944145,1,-0,1192619058
11,20944156,1,-0,1192619069
11,20944181,1,-0,1192619094
11,20944255,1,-0,1192619168
11,20944267,1,-0,1192619180
11,20944278,1,-0,1192619191
11,20944302,1,-0,1192619215
11,20944308,1,-0,1192619221
11,20944310,1,-0,1192619223
11,20944311,1,-0,1192619224
11,20944336,1,-0,1192619249
11,20944339,1,-0,1192619252
11,20944347,0.4969,0.3037,1192619260
11,20944370,1,-0,1192619283
11,20944378,0.4969,0.3037,1192619291
11,20953729,0.3642,0.4387,1192628642
11,20953730,0.1649,0.7828,1192628643
11,20953734,1,-0,1192628647
11,20953736,0.587,0.2314,1192628649
11,20953755,1,-0,1192628668
11,20953757,1,-0,1192628670
11,20953761,1,-0,1192628674
11,20953765,0.618,0.209,1192628678
11,20953770,1,-0,1192628683
11,20953775,0.618,0.209,1192628688
11,20953816,1,-0,1192628729
11,20953819,0.002503,2.6015,1192628732
11,20953821,0.3642,0.4387,1192628734
11,20953834,0.2423,0.6156,1192628747
11,20954014,0.7796,0.1081,1192628927
11,20954015,0.7796,0.1081,1192628928
11,20954041,0.4938,0.3064,1192628954
11,20954066,1,-0,1192628979
11,20954084,0.4938,0.3064,1192628997
11,20954090,1,-0,1192629003
11,20954098,0.618,0.209,1192629011
11,20954105,0.4279,0.36870000000000003,1192629018
11,20954106,0.6626,0.1787,1192629019
11,20954114,1,-0,1192629027
11,20954115,1,-0,1192629028
11,20977409,0.2452,0.6105,1192652322
11,20977417,1,-0,1192652330
11,20977427,0.4958,0.3047,1192652340
11,20977450,1,-0,1192652363
11,20977484,0.4706,0.3273,1192652397
11,20977487,0.8276,0.0822,1192652400
11,20977488,1,-0,1192652401
11,20977527,0.2999,0.523,1192652440
11,20977539,0.4633,0.3341,1192652452
11,20977540,1,-0,1192652453
11,20977550,1,-0,1192652463
11,20977565,1,-0,1192652478
11,20977568,1,-0,1192652481
11,20977569,0.2423,0.6156,1192652482
11,20977573,1,-0,1192652486
11,20977574,0.2455,0.6099,1192652487
11,20977579,1,-0,1192652492
11,20977584,0.4399,0.3566,1192652497
11,20977589,1,-0,1192652502
11,20977604,0.4956,0.3049,1192652517
11,20977608,0.618,0.209,1192652521
11,20977609,1,-0,1192652522
11,20977613,1,-0,1192652526
11,20977615,0.2072,0.6836,1192652528
11,20977616,0.1181,0.9278,1192652529
11,20977619,0.4938,0.3064,1192652532
11,20977639,0.5725,0.2422,1192652552
11,20977643,1,-0,1192652556
11,20977669,1,-0,1192652582
11,20977670,0.2072,0.6836,1192652583
11,20977673,1,-0,1192652586
11,20977875,0.7796,0.1081,1192652788
11,20977877,0.4938,0.3064,1192652790
11,20977881,1,-0,1192652794
11,20977897,0.4938,0.3064,1192652810
11,20977907,1,-0,1192652820
11,20977929,1,-0,1192652842
11,20977933,0.618,0.209,1192652846
11,20977940,1,-0,1192652853
11,20977944,0.4938,0.3064,1192652857
11,20977983,0.4938,0.3064,1192652896
11,20978986,1,-0,1192653899
11,20978991,1,-0,1192653904
11,20978999,0.4966,0.304,1192653912
11,20979001,1,-0,1192653914
11,20979002,0.4966,0.304,1192653915
11,20979010,1,-0,1192653923
11,20979011,1,-0,1192653924
11,20979020,1,-0,1192653933
11,20979032,1,-0,1192653945
11,20979033,1,-0,1192653946
11,20979035,0.4514,0.3454,1192653948
11,20979038,0.3672,0.4351,1192653951
11,20979045,1,-0,1192653958
11,20979051,0.4417,0.3549,1192653964
11,20979052,0.3664,0.436,1192653965
11,20979063,1,-0,1192653976
11,20979068,1,-0,1192653981
11,20979088,1,-0,1192654001
11,20979106,1,-0,1192654019
11,20979327,0.617,0.2097,1192654240
11,20979329,1,-0,1192654242
11,20979330,1,-0,1192654243
11,20979331,1,-0,1192654244
11,20979332,1,-0,1192654245
11,20979336,1,-0,1192654249
11,20979341,1,-0,1192654254
11,20979345,1,-0,1192654258
11,20979354,1,-0,1192654267
11,20979356,1,-0,1192654269
11,20979361,1,-0,1192654274
11,20979367,0.4966,0.304,1192654280
11,20979370,0.1294,0.8881,1192654283
11,20979388,1,-0,1192654301
11,20979414,0.8088,0.0922,1192654327
11,20979446,0.2449,0.611,1192654359
11,20979449,1,-0,1192654362
11,21371444,0.5896,0.2294,1193046357
11,21371445,0.1843,0.7345,1193046358
11,21371464,0.4938,0.3064,1193046377
11,21371465,0.2455,0.6099,1193046378
11,21371471,0.4938,0.3064,1193046384
11,21371486,0.8431,0.0741,1193046399
11,21371491,1,-0,1193046404
11,21371528,0.2362,0.6267,1193046441
11,21371535,0.2423,0.6156,1193046448
11,21371544,0.8405,0.0755,1193046457
11,21371558,0.6813,0.1667,1193046471
11,21371562,1,-0,1193046475
11,21371656,0.1242,0.9059,1193046569
11,21371660,0.2455,0.6099,1193046573
11,21371664,1,-0,1193046577
11,21371674,1,-0,1193046587
11,21371680,0.866,0.0625,1193046593
11,21371682,0.4938,0.3064,1193046595
11,21371701,1,-0,1193046614
11,21371705,0.4938,0.3064,1193046618
11,21371715,0.2441,0.61240000000000006,1193046628
11,21371729,0.4938,0.3064,1193046642
11,21371744,0.6204,0.2073,1193046657
11,21371758,0.2455,0.6099,1193046671
11,21371781,0.2423,0.6156,1193046694
11,21371784,1,-0,1193046697
11,21424373,1,-0,1193099286
11,21424386,1,-0,1193099299
11,21424387,0.4875,0.312,1193099300
11,21424395,1,-0,1193099308
11,21424408,1,-0,1193099321
11,21424417,1,-0,1193099330
11,21424427,0.4875,0.312,1193099340
11,21424437,0.4875,0.312,1193099350
11,21424446,1,-0,1193099359
11,21424449,1,-0,1193099362
11,21424492,1,-0,1193099405
11,21424493,0.4972,0.3035,1193099406
11,21424502,1,-0,1193099415
11,21433320,1,-0,1193108233
11,21433329,1,-0,1193108242
11,21433357,1,-0,1193108270
11,21433361,1,-0,1193108274
11,21433362,1,-0,1193108275
11,21433364,1,-0,1193108277
11,21433384,1,-0,1193108297
11,21433386,0.812,0.0904,1193108299
11,21433389,1,-0,1193108302
11,21433390,1,-0,1193108303
11,21433446,1,-0,1193108359
11,21433447,1,-0,1193108360
11,21433673,0.6204,0.2073,1193108586
11,21433677,1,-0,1193108590
11,21433683,0.187,0.7282,1193108596
11,21433684,0.6204,0.2073,1193108597
11,21433692,1,-0,1193108605
11,21433699,1,-0,1193108612
11,21433707,1,-0,1193108620
11,21433710,1,-0,1193108623
11,21433723,1,-0,1193108636
11,21433746,0.2768,0.5578,1193108659
11,21433750,1,-0,1193108663
11,21433761,1,-0,1193108674
11,21433770,1,-0,1193108683
11,21433771,1,-0,1193108684
11,21433772,1,-0,1193108685
11,21433773,1,-0,1193108686
11,21433774,0.6204,0.2073,1193108687
11,21433783,0.2768,0.5578,1193108696
11,21433791,1,-0,1193108704
11,21433793,1,-0,1193108706
11,21456136,1,-0,1193131049
11,21456143,0.04536,1.3433,1193131056
11,21456148,0.4843,0.3149,1193131061
11,21456181,0.4493,0.3475,1193131094
11,21456193,1,-0,1193131106
11,21456201,0.4493,0.3475,1193131114
11,21456203,0.326,0.4868,1193131116
11,21456207,0.03857,1.4138,1193131120
11,21456210,0.4585,0.3387,1193131123
11,21456214,0.4493,0.3475,1193131127
11,21456215,0.3446,0.4627,1193131128
11,21456221,0.4493,0.3475,1193131134
11,21456224,0.4493,0.3475,1193131137
11,21456257,0.5086,0.2936,1193131170
11,21456544,0.08984,1.0465,1193131457
11,21456545,0.326,0.4868,1193131458
11,21456567,0.4412,0.3554,1193131480
11,21456569,1,-0,1193131482
11,21456570,0.379,0.4214,1193131483
11,21456580,0.5033,0.2982,1193131493
11,21456588,0.1389,0.8573,1193131501
11,21456603,1,-0,1193131516
11,21456607,0.5117,0.291,1193131520
11,21456608,1,-0,1193131521
11,21456631,1,-0,1193131544
11,21456632,1,-0,1193131545
11,21456636,0.3864,0.413,1193131549
11,21456654,0.2606,0.584,1193131567
11,21456666,0.08825,1.0543,1193131579
11,21456670,0.6233,0.2053,1193131583
11,21456684,0.06548,1.1839,1193131597
11,21456686,0.03628,1.4403,1193131599
11,21456712,1,-0,1193131625
11,21456751,0.3593,0.4445,1193131664
11,21456752,0.004726,2.3255,1193131665
11,21456764,0.2447,0.6114,1193131677
11,21456772,0.2341,0.6306,1193131685
11,21456783,0.4933,0.3069,1193131696
11,21456789,1,-0,1193131702
11,21456790,0.4932,0.307,1193131703
11,21456798,0.04508,1.346,1193131711
11,21456809,0.4872,0.3123,1193131722
11,21456822,0.4872,0.3123,1193131735
11,21456827,1,-0,1193131740
11,21456856,1,-0,1193131769
11,21456860,0.4737,0.3245,1193131773
11,21456881,0.2308,0.6368,1193131794
11,21474649,0.21,0.6778,1193149562
11,21474650,1,-0,1193149563
11,21474652,1,-0,1193149565
11,21474660,0.49370000000000003,0.3065,1193149573
11,21474669,1,-0,1193149582
11,21474682,1,-0,1193149595
11,21474683,1,-0,1193149596
11,21474691,1,-0,1193149604
11,21474704,1,-0,1193149617
11,21474705,1,-0,1193149618
11,21474727,1,-0,1193149640
11,21474746,1,-0,1193149659
11,21474753,1,-0,1193149666
11,21474754,0.6203,0.2074,1193149667
11,21474762,0.49370000000000003,0.3065,1193149675
11,21475019,1,-0,1193149932
11,21475031,0.4872,0.3123,1193149944
11,21475036,0.49370000000000003,0.3065,1193149949
11,21475044,0.369,0.433,1193149957
11,21475046,1,-0,1193149959
11,21475051,0.1194,0.923,1193149964
11,21475055,1,-0,1193149968
11,21475059,0.6178,0.2092,1193149972
11,21475060,0.5314,0.2746,1193149973
11,21475079,1,-0,1193149992
11,21475100,0.2453,0.6103,1193150013
11,21475108,1,-0,1193150021
11,21475126,0.746,0.1273,1193150039
11,21475133,0.49370000000000003,0.3065,1193150046
11,21475139,0.49370000000000003,0.3065,1193150052
11,21475140,1,-0,1193150053
11,21475141,0.3018,0.5203,1193150054
11,21475153,0.008756,2.0577,1193150066
11,21475156,0.49370000000000003,0.3065,1193150069
11,21479676,1,-0,1193154589
11,21479816,1,-0,1193154729
11,21479829,1,-0,1193154742
11,21479852,1,-0,1193154765
11,21479881,1,-0,1193154794
11,21479886,1,-0,1193154799
11,21479890,0.4975,0.3032,1193154803
11,21479891,1,-0,1193154804
11,21479892,0.435,0.3615,1193154805
11,21479893,0.5259,0.2791,1193154806
11,21479915,1,-0,1193154828
11,21479933,0.4975,0.3032,1193154846
11,21479934,0.5053,0.2965,1193154847
11,21479935,1,-0,1193154848
11,21479943,0.473,0.3251,1193154856
11,21479944,1,-0,1193154857
11,21479975,1,-0,1193154888
11,21479982,1,-0,1193154895
11,21479986,0.613,0.2125,1193154899
11,21479990,1,-0,1193154903
11,21480000,1,-0,1193154913
11,21480003,1,-0,1193154916
11,21480004,0.3576,0.4466,1193154917
11,21480019,0.2674,0.5728,1193154932
11,21480020,1,-0,1193154933
11,21480026,0.1025,0.9893,1193154939
11,21480031,0.2357,0.6276,1193154944
11,21480042,1,-0,1193154955
11,21480043,1,-0,1193154956
11,21480061,0.2357,0.6276,1193154974
11,21480063,1,-0,1193154976
11,21480076,1,-0,1193154989
11,21480089,1,-0,1193155002
11,21480251,1,-0,1193155164
11,21480253,0.2011,0.6966,1193155166
11,21480261,0.4971,0.3036,1193155174
11,21480262,1,-0,1193155175
11,21480263,0.6206,0.2072,1193155176
11,21480271,0.4872,0.3123,1193155184
11,21480278,0.4971,0.3036,1193155191
11,21480282,0.613,0.2125,1193155195
11,21480283,1,-0,1193155196
11,21480286,0.4872,0.3123,1193155199
11,21480288,0.1133,0.9458,1193155201
11,21480295,0.682,0.1662,1193155208
11,21480311,1,-0,1193155224
11,21480316,0.3189,0.4963,1193155229
11,21480317,1,-0,1193155230
11,21480321,0.2357,0.6276,1193155234
11,21480322,1,-0,1193155235
11,21480334,0.6217,0.2064,1193155247
11,21480336,1,-0,1193155249
11,21480340,1,-0,1193155253
11,21480342,1,-0,1193155255
11,21480345,1,-0,1193155258
11,21480348,1,-0,1193155261
11,21480362,0.3576,0.4466,1193155275
11,21480370,0.4589,0.3383,1193155283
11,21480375,0.4971,0.3036,1193155288
11,21494245,1,-0,1193169158
11,21494246,0.1132,0.9462,1193169159
11,21494247,0.4894,0.3103,1193169160
11,21494248,0.6178,0.2092,1193169161
11,21494253,0.4812,0.3177,1193169166
11,21494256,0.4894,0.3103,1193169169
11,21494262,1,-0,1193169175
11,21494263,0.4894,0.3103,1193169176
11,21494296,0.4894,0.3103,1193169209
11,21494313,1,-0,1193169226
11,21494322,1,-0,1193169235
11,21494326,1,-0,1193169239
11,21494330,0.3096,0.5092,1193169243
11,21494331,1,-0,1193169244
11,21494347,1,-0,1193169260
11,21494360,0.497,0.3036,1193169273
11,21494379,0.4938,0.3064,1193169292
11,21494380,1,-0,1193169293
11,21494393,0.3642,0.4387,1193169306
11,21494400,0.7796,0.1081,1193169313
11,21494401,0.4938,0.3064,1193169314
11,21494402,0.447,0.3497,1193169315
11,21494411,1,-0,1193169324
11,21494421,0.4938,0.3064,1193169334
11,21494428,0.4938,0.3064,1193169341
11,21494441,1,-0,1193169354
11,21494636,1,-0,1193169549
11,21494663,1,-0,1193169576
11,21494673,0.4938,0.3064,1193169586
11,21494710,1,-0,1193169623
11,21494722,0.497,0.3036,1193169635
11,21494725,0.4938,0.3064,1193169638
11,21494743,1,-0,1193169656
11,21494744,1,-0,1193169657
11,21494760,0.4938,0.3064,1193169673
11,21613072,1,-0,1193287985
11,21613073,1,-0,1193287986
11,21613075,1,-0,1193287988
11,21613118,0.05861,1.232,1193288031
11,21613130,1,-0,1193288043
11,21613139,0.4969,0.3037,1193288052
11,21613143,0.3688,0.4332,1193288056
11,21613154,1,-0,1193288067
11,21613163,0.4969,0.3037,1193288076
11,21613164,1,-0,1193288077
11,21613168,0.2319,0.6347,1193288081
11,21613173,0.6178,0.2092,1193288086
11,21613181,1,-0,1193288094
11,21613194,1,-0,1193288107
11,21613241,0.2453,0.6103,1193288154
11,21613242,0.2421,0.616,1193288155
11,21613244,0.2421,0.616,1193288157
11,21613245,1,-0,1193288158
11,21613249,0.49370000000000003,0.3065,1193288162
11,21613250,0.2421,0.616,1193288163
11,21613384,1,-0,1193288297
11,21613413,0.4951,0.3053,1193288326
11,21613424,0.4951,0.3053,1193288337
11,21613429,0.2453,0.6103,1193288342
11,21613433,0.4951,0.3053,1193288346
11,21613447,1,-0,1193288360
11,21613449,1,-0,1193288362
11,21613452,0.7195,0.143,1193288365
11,21613456,1,-0,1193288369
11,21613479,0.4348,0.3617,1193288392
11,21613484,0.4969,0.3037,1193288397
11,21613502,1,-0,1193288415
11,21613505,1,-0,1193288418
11,21613509,0.4922,0.3079,1193288422
11,21613516,1,-0,1193288429
11,21613517,1,-0,1193288430
11,21613521,1,-0,1193288434
11,21613603,0.6044,0.2187,1193288516
11,21613671,1,-0,1193288584
11,21613677,1,-0,1193288590
11,21613680,1,-0,1193288593
11,21613684,1,-0,1193288597
11,21613708,1,-0,1193288621
11,21613709,0.2335,0.6317,1193288622
11,21613735,0.638,0.1952,1193288648
11,21613750,1,-0,1193288663
11,21713130,1,-0,1193388043
11,21713155,1,-0,1193388068
11,21713171,1,-0,1193388084
11,21713173,1,-0,1193388086
11,21713182,0.7197,0.1428,1193388095
11,21713199,1,-0,1193388112
11,21713210,1,-0,1193388123
11,21713223,1,-0,1193388136
11,21713230,0.6411,0.1931,1193388143
11,21713232,0.3673,0.435,1193388145
11,21713248,1,-0,1193388161
11,21713422,1,-0,1193388335
11,21713425,1,-0,1193388338
11,21713429,1,-0,1193388342
11,21713435,0.4969,0.3037,1193388348
11,21713436,1,-0,1193388349
11,21713437,0.781,0.1073,1193388350
11,21713441,1,-0,1193388354
11,21713445,0.285,0.5452,1193388358
11,21713466,1,-0,1193388379
11,21713475,0.6204,0.2073,1193388388
11,21713482,1,-0,1193388395
11,21713487,1,-0,1193388400
11,21713489,1,-0,1193388402
11,21713503,1,-0,1193388416
11,21713512,0.4979,0.3029,1193388425
11,21713528,1,-0,1193388441
11,21713532,0.1169,0.9322,1193388445
11,21713533,1,-0,1193388446
11,21713545,1,-0,1193388458
11,21713546,1,-0,1193388459
11,21713547,1,-0,1193388460
11,21713552,1,-0,1193388465
11,21713576,1,-0,1193388489
11,21860524,0.2454,0.6101,1193535437
11,21860531,1,-0,1193535444
11,21860542,0.6816,0.1665,1193535455
11,21860554,1,-0,1193535467
11,21860581,1,-0,1193535494
11,21860586,1,-0,1193535499
11,21860587,1,-0,1193535500
11,21860589,1,-0,1193535502
11,21860615,1,-0,1193535528
11,21860625,1,-0,1193535538
11,21860644,1,-0,1193535557
11,21860645,1,-0,1193535558
11,21860649,1,-0,1193535562
11,21860651,1,-0,1193535564
11,21860835,1,-0,1193535748
11,21860846,1,-0,1193535759
11,21860847,1,-0,1193535760
11,21860848,1,-0,1193535761
11,21860857,0.6204,0.2073,1193535770
11,21860858,1,-0,1193535771
11,21860860,0.6204,0.2073,1193535773
11,21860868,0.4969,0.3037,1193535781
11,21860872,1,-0,1193535785
11,21860877,0.6905,0.1608,1193535790
11,21860879,1,-0,1193535792
11,21860890,1,-0,1193535803
11,21860894,1,-0,1193535807
11,21860895,0.4969,0.3037,1193535808
11,21860898,1,-0,1193535811
11,21860909,0.6816,0.1665,1193535822
11,21860910,1,-0,1193535823
11,21860925,1,-0,1193535838
11,21860931,0.2454,0.6101,1193535844
11,21860937,1,-0,1193535850
11,21860938,1,-0,1193535851
11,21860946,0.2454,0.6101,1193535859
11,21860947,1,-0,1193535860
11,21860950,1,-0,1193535863
11,21860954,1,-0,1193535867
11,21860955,1,-0,1193535868
11,21860960,1,-0,1193535873
11,21904978,0.8287,0.0816,1193579891
11,21904979,0.4933,0.3069,1193579892
11,21904984,0.1176,0.9296,1193579897
11,21904989,0.2417,0.6167,1193579902
11,21904992,0.2417,0.6167,1193579905
11,21905017,0.4967,0.3039,1193579930
11,21905021,0.7452,0.1277,1193579934
11,21905027,1,-0,1193579940
11,21905032,1,-0,1193579945
11,21905035,0.2417,0.6167,1193579948
11,21905044,0.4967,0.3039,1193579957
11,21905046,0.02825,1.549,1193579959
11,21905059,1,-0,1193579972
11,21905069,0.4933,0.3069,1193579982
11,21905084,0.4933,0.3069,1193579997
11,21905088,0.4967,0.3039,1193580001
11,21905090,0.1176,0.9296,1193580003
11,21905092,1,-0,1193580005
11,21905093,1,-0,1193580006
11,21905095,1,-0,1193580008
11,21905103,0.4967,0.3039,1193580016
11,21905195,1,-0,1193580108
11,21905206,1,-0,1193580119
11,21905211,1,-0,1193580124
11,21905222,0.2994,0.5237,1193580135
11,21905226,0.4933,0.3069,1193580139
11,21905233,1,-0,1193580146
11,21905234,1,-0,1193580147
11,21905238,1,-0,1193580151
11,21905240,0.1667,0.7781,1193580153
11,21905243,0.4933,0.3069,1193580156
11,21905246,1,-0,1193580159
11,21905248,0.4933,0.3069,1193580161
11,21905253,0.2417,0.6167,1193580166
11,21905265,0.4933,0.3069,1193580178
11,21905272,0.6174,0.2094,1193580185
11,21905282,0.4933,0.3069,1193580195
11,21905283,0.6174,0.2094,1193580196
11,21905300,1,-0,1193580213
11,21905306,1,-0,1193580219
11,21905344,1,-0,1193580257
11,21905361,1,-0,1193580274
11,21905370,0.1862,0.73,1193580283
11,21905377,1,-0,1193580290
11,21905417,1,-0,1193580330
11,21905446,1,-0,1193580359
11,21905449,0.4969,0.3037,1193580362
11,21905455,0.2454,0.6101,1193580368
11,21905460,1,-0,1193580373
11,21905666,1,-0,1193580579
11,21905674,1,-0,1193580587
11,21905679,1,-0,1193580592
11,21905680,1,-0,1193580593
11,21905681,1,-0,1193580594
11,21905690,1,-0,1193580603
11,21905691,0.6816,0.1665,1193580604
11,21905693,1,-0,1193580606
11,21905696,1,-0,1193580609
11,21905704,0.4969,0.3037,1193580617
11,21905712,0.4363,0.3602,1193580625
11,21905722,0.4969,0.3037,1193580635
11,21905729,1,-0,1193580642
11,21905741,0.2454,0.6101,1193580654
11,21905752,1,-0,1193580665
11,21905762,1,-0,1193580675
11,21905765,0.7461,0.1272,1193580678
11,21905767,1,-0,1193580680
11,21905769,1,-0,1193580682
11,21905771,1,-0,1193580684
11,21905775,1,-0,1193580688
11,21905781,0.6204,0.2073,1193580694
11,21905790,0.3673,0.435,1193580703
11,21905805,0.4694,0.3285,1193580718
11,21905809,0.09596,1.0179,1193580722
11,21905816,0.2313,0.6358,1193580729
11,21905819,0.4694,0.3285,1193580732
11,21905857,0.4967,0.3039,1193580770
11,21905872,0.2178,0.6619,1193580785
11,21905877,0.4694,0.3285,1193580790
11,21905878,0.4694,0.3285,1193580791
11,21905909,0.09981,1.0008,1193580822
11,21905919,1,-0,1193580832
11,21905927,0.6813,0.1667,1193580840
11,21905928,0.2249,0.648,1193580841
11,21906052,0.3333,0.4772,1193580965
11,21906061,1,-0,1193580974
11,21906081,1,-0,1193580994
11,21906096,1,-0,1193581009
11,21906137,1,-0,1193581050
11,21928553,0.4815,0.3174,1193603466
11,21928574,0.4954,0.305,1193603487
11,21928583,0.4815,0.3174,1193603496
11,21928584,1,-0,1193603497
11,21928588,0.4959,0.3046,1193603501
11,21928625,0.7596,0.1194,1193603538
11,21928626,0.4717,0.3263,1193603539
11,21928636,1,-0,1193603549
11,21928644,1,-0,1193603557
11,21928650,1,-0,1193603563
11,21928651,1,-0,1193603564
11,21928654,1,-0,1193603567
11,21928665,0.4815,0.3174,1193603578
11,21928672,0.4717,0.3263,1193603585
11,21928676,1,-0,1193603589
11,21928723,0.1689,0.7724,1193603636
11,21928736,0.4694,0.3285,1193603649
11,21928756,1,-0,1193603669
11,21929035,0.2407,0.6185,1193603948
11,21929041,1,-0,1193603954
11,21929042,0.07464,1.127,1193603955
11,21929050,0.2048,0.6887,1193603963
11,21929063,0.2407,0.6185,1193603976
11,21929072,0.002193,2.659,1193603985
11,21929090,0.2048,0.6887,1193604003
11,21929105,0.3986,0.3995,1193604018
11,21929111,0.2084,0.6811,1193604024
11,21929116,0.01266,1.8976,1193604029
11,21929130,0.445,0.3516,1193604043
11,21929133,0.678,0.1688,1193604046
11,21929135,1,-0,1193604048
11,21929145,0.678,0.1688,1193604058
11,21929149,1,-0,1193604062
11,21929387,1,-0,1193604300
11,21929390,0.4966,0.304,1193604303
11,21929391,0.2093,0.6792,1193604304
11,21929404,1,-0,1193604317
11,21929407,0.6811,0.1668,1193604320
11,21929408,1,-0,1193604321
11,21929423,0.2636,0.5791,1193604336
11,21929435,0.4848,0.3144,1193604348
11,21929437,0.6109,0.214,1193604350
11,21929441,0.5777,0.2383,1193604354
11,21929442,0.6109,0.214,1193604355
11,21929450,1,-0,1193604363
11,21929479,1,-0,1193604392
11,21929490,1,-0,1193604403
11,21929496,0.6109,0.214,1193604409
11,21929497,0.6199,0.2077,1193604410
11,21964065,1,-0,1193638978
11,21964075,0.6133,0.2123,1193638988
11,21964087,0.4437,0.3529,1193639000
11,21964095,0.4875,0.312,1193639008
11,21964110,0.4875,0.312,1193639023
11,21964115,1,-0,1193639028
11,21964119,0.4972,0.3035,1193639032
11,21964124,0.4972,0.3035,1193639037
11,21964134,1,-0,1193639047
11,21964139,1,-0,1193639052
11,21964143,1,-0,1193639056
11,21964147,0.1673,0.7765,1193639060
11,21964148,0.2361,0.6269,1193639061
11,21964149,0.479,0.3197,1193639062
11,21964151,0.6112,0.2138,1193639064
11,21964154,1,-0,1193639067
11,21964161,0.6207,0.2071,1193639074
11,21964162,1,-0,1193639075
11,21964170,0.3679,0.4343,1193639083
11,21964173,1,-0,1193639086
11,21964185,1,-0,1193639098
11,21964190,1,-0,1193639103
11,21964408,0.3679,0.4343,1193639321
11,21964410,1,-0,1193639323
11,21964424,0.1467,0.8336,1193639337
11,21964426,0.6029,0.2198,1193639339
11,21964446,1,-0,1193639359
11,21964450,0.6133,0.2123,1193639363
11,21964453,0.358,0.4461,1193639366
11,21964456,0.6133,0.2123,1193639369
11,21964475,0.8551,0.068,1193639388
11,21964484,1,-0,1193639397
11,21964491,0.6943,0.1585,1193639404
11,21964498,0.4875,0.312,1193639411
11,21964501,0.2486,0.6045,1193639414
11,21964503,0.3968,0.4014,1193639416
11,21964508,0.5356,0.2712,1193639421
11,21964529,0.7202,0.1425,1193639442
11,22010904,1,-0,1193685817
11,22010912,1,-0,1193685825
11,22010929,1,-0,1193685842
11,22010944,1,-0,1193685857
11,22010945,1,-0,1193685858
11,22010947,0.6204,0.2073,1193685860
11,22010960,1,-0,1193685873
11,22010964,1,-0,1193685877
11,22011092,1,-0,1193686005
11,22011127,1,-0,1193686040
11,22011136,1,-0,1193686049
11,22011137,1,-0,1193686050
11,22011138,1,-0,1193686051
11,22011139,0.247,0.6073,1193686052
11,22011149,1,-0,1193686062
11,22011168,1,-0,1193686081
11,22011169,1,-0,1193686082
11,22011176,1,-0,1193686089
11,22011195,1,-0,1193686108
11,22011196,1,-0,1193686109
11,22011207,1,-0,1193686120
11,22011210,1,-0,1193686123
11,22011212,0.4462,0.3505,1193686125
11,22011221,1,-0,1193686134
11,22011256,1,-0,1193686169
11,22011273,1,-0,1193686186
11,22011274,1,-0,1193686187
11,22011276,0.4969,0.3037,1193686189
11,22011304,1,-0,1193686217
11,22011307,1,-0,1193686220
11,22011310,1,-0,1193686223
11,22011316,0.2454,0.6101,1193686229
11,22011324,1,-0,1193686237
11,22011330,0.8713,0.0598,1193686243
11,22011331,1,-0,1193686244
11,22011336,1,-0,1193686249
11,22011337,0.7461,0.1272,1193686250
11,22011549,1,-0,1193686462
11,22011550,1,-0,1193686463
11,22011557,1,-0,1193686470
11,22011559,1,-0,1193686472
11,22011561,1,-0,1193686474
11,22011572,1,-0,1193686485
11,22011576,1,-0,1193686489
11,22011580,1,-0,1193686493
11,22011606,1,-0,1193686519
11,22011615,1,-0,1193686528
11,22011635,1,-0,1193686548
11,22011651,1,-0,1193686564
11,22011663,1,-0,1193686576
11,22011667,0.6204,0.2073,1193686580
11,22037868,1,-0,1193712781
11,22037884,1,-0,1193712797
11,22037885,1,-0,1193712798
11,22037902,1,-0,1193712815
11,22037908,1,-0,1193712821
11,22037912,0.4028,0.3949,1193712825
11,22037928,0.4969,0.3037,1193712841
11,22037929,1,-0,1193712842
11,22037930,0.4969,0.3037,1193712843
11,22037933,0.4969,0.3037,1193712846
11,22037934,1,-0,1193712847
11,22037959,1,-0,1193712872
11,22037960,1,-0,1193712873
11,22037961,1,-0,1193712874
11,22037962,1,-0,1193712875
11,22037979,1,-0,1193712892
11,22037980,1,-0,1193712893
11,22037984,0.4969,0.3037,1193712897
11,22037986,1,-0,1193712899
11,22037987,1,-0,1193712900
11,22037988,1,-0,1193712901
11,22038160,1,-0,1193713073
11,22038172,1,-0,1193713085
11,22038173,0.3283,0.4837,1193713086
11,22038175,1,-0,1193713088
11,22038176,1,-0,1193713089
11,22038177,0.7657,0.1159,1193713090
11,22038188,0.4969,0.3037,1193713101
11,22038198,1,-0,1193713111
11,22038199,0.4954,0.305,1193713112
11,22038205,1,-0,1193713118
11,22038209,1,-0,1193713122
11,22038218,1,-0,1193713131
11,22038244,1,-0,1193713157
11,22038256,1,-0,1193713169
11,22038266,1,-0,1193713179
11,22038272,1,-0,1193713185
11,22038277,1,-0,1193713190
11,22038281,1,-0,1193713194
11,22063900,0.6793,0.1679,1193738813
11,22063911,0.4968,0.3038,1193738824
11,22063923,1,-0,1193738836
11,22063932,0.7194,0.143,1193738845
11,22064060,0.6174,0.2094,1193738973
11,22064073,0.4933,0.3069,1193738986
11,22064085,0.4933,0.3069,1193738998
11,22064127,1,-0,1193739040
11,22064142,1,-0,1193739055
11,22064145,0.4968,0.3038,1193739058
11,22098892,0.48,0.3188,1193773805
11,22098910,0.48,0.3188,1193773823
11,22098915,1,-0,1193773828
11,22098923,0.6098,0.2148,1193773836
11,22098924,0.3129,0.5046,1193773837
11,22098932,0.4974,0.3033,1193773845
11,22098946,0.48,0.3188,1193773859
11,22098953,0.5215,0.2827,1193773866
11,22098956,1,-0,1193773869
11,22098960,1,-0,1193773873
11,22098978,0.6078,0.2162,1193773891
11,22098982,0.2287,0.6407,1193773895
11,22099001,0.48,0.3188,1193773914
11,22099002,1,-0,1193773915
11,22099008,0.1082,0.9658,1193773921
11,22099012,1,-0,1193773925
11,22099288,0.05934,1.2267,1193774201
11,22099327,1,-0,1193774240
11,22099355,0.48,0.3188,1193774268
11,22106355,0.375,0.426,1193781268
11,22106360,1,-0,1193781273
11,22106377,0.1331,0.8758,1193781290
11,22106386,1,-0,1193781299
11,22106414,0.1746,0.758,1193781327
11,22106511,0.2769,0.5577,1193781424
11,22106589,0.8144,0.0892,1193781502
11,22106612,0.4805,0.3183,1193781525
11,22106615,0.7674,0.115,1193781528
11,22106619,0.1213,0.9161,1193781532
11,22106620,1,-0,1193781533
11,22106623,0.4805,0.3183,1193781536
11,22106624,0.2508,0.6007,1193781537
11,22106625,0.1659,0.7802,1193781538
11,22106632,0.4975,0.3032,1193781545
11,22106655,0.4975,0.3032,1193781568
11,22106658,1,-0,1193781571
11,22106674,0.4805,0.3183,1193781587
11,22106688,1,-0,1193781601
11,22106692,0.4805,0.3183,1193781605
11,22106693,1,-0,1193781606
11,22106697,1,-0,1193781610
11,22106702,0.4975,0.3032,1193781615
11,22106942,1,-0,1193781855
11,22106994,1,-0,1193781907
11,22106998,0.7376,0.1322,1193781911
11,22107036,0.4868,0.3126,1193781949
11,22107037,0.497,0.3036,1193781950
11,22107047,0.4868,0.3126,1193781960
11,22107067,1,-0,1193781980
11,22254443,0.7101,0.1487,1193929356
11,22254450,0.4974,0.3033,1193929363
11,22254455,1,-0,1193929368
11,22254456,0.48,0.3188,1193929369
11,22254458,1,-0,1193929371
11,22254460,0.2462,0.6087,1193929373
11,22254465,0.111,0.9547,1193929378
11,22254466,0.2566,0.5907,1193929379
11,22254471,0.1755,0.7557,1193929384
11,22254479,0.05356,1.2712,1193929392
11,22254487,0.4814,0.3175,1193929400
11,22254488,0.2287,0.6407,1193929401
11,22254499,1,-0,1193929412
11,22254504,1,-0,1193929417
11,22254505,1,-0,1193929418
11,22254508,1,-0,1193929421
11,22254523,0.1205,0.919,1193929436
11,22254527,1,-0,1193929440
11,22254538,0.2612,0.583,1193929451
11,22254551,0.8685,0.0612,1193929464
11,22254553,1,-0,1193929466
11,22254559,1,-0,1193929472
11,22254560,0.6211,0.2068,1193929473
11,22254568,0.4519,0.345,1193929481
11,22254662,1,-0,1193929575
11,22254691,1,-0,1193929604
11,22254699,0.2287,0.6407,1193929612
11,22254706,1,-0,1193929619
11,22254716,1,-0,1193929629
11,22254717,1,-0,1193929630
11,22254720,0.1212,0.9165,1193929633
11,22254727,1,-0,1193929640
11,22254732,1,-0,1193929645
11,22254737,1,-0,1193929650
11,22254738,1,-0,1193929651
11,22254740,0.2287,0.6407,1193929653
11,22254770,1,-0,1193929683
11,22254783,0.773,0.1118,1193929696
11,22254786,1,-0,1193929699
11,22254793,1,-0,1193929706
11,22254795,0.48,0.3188,1193929708
11,22280509,1,-0,1193955422
11,22280519,0.4969,0.3037,1193955432
11,22280524,0.034,1.4685,1193955437
11,22280525,1,-0,1193955438
11,22280540,1,-0,1193955453
11,22280595,0.4969,0.3037,1193955508
11,22280608,1,-0,1193955521
11,22280634,1,-0,1193955547
11,22280759,1,-0,1193955672
11,22280760,1,-0,1193955673
11,22280761,0.1169,0.9322,1193955674
11,22280762,0.3673,0.435,1193955675
11,22280770,0.4969,0.3037,1193955683
11,22280812,0.4899,0.3099,1193955725
11,22280829,1,-0,1193955742
11,22280832,1,-0,1193955745
11,22280833,1,-0,1193955746
11,22280834,0.3673,0.435,1193955747
11,22280850,1,-0,1193955763
11,22280856,1,-0,1193955769
11,22280889,1,-0,1193955802
11,22293643,1,-0,1193968556
11,22293655,0.1204,0.9194,1193968568
11,22293656,1,-0,1193968569
11,22293660,1,-0,1193968573
11,22293663,1,-0,1193968576
11,22293673,0.4028,0.3949,1193968586
11,22293674,1,-0,1193968587
11,22293712,1,-0,1193968625
11,22293728,1,-0,1193968641
11,22293740,1,-0,1193968653
11,22293741,1,-0,1193968654
11,22293747,1,-0,1193968660
11,22293757,0.4969,0.3037,1193968670
11,22293759,1,-0,1193968672
11,22293765,1,-0,1193968678
11,22293767,1,-0,1193968680
11,22293772,0.7186,0.1435,1193968685
11,22294005,0.4831,0.316,1193968918
11,22294007,1,-0,1193968920
11,22294009,0.3293,0.4824,1193968922
11,22294050,1,-0,1193968963
11,22294055,1,-0,1193968968
11,22294057,0.6204,0.2073,1193968970
11,22294080,1,-0,1193968993
11,22294089,1,-0,1193969002
11,22294094,1,-0,1193969007
11,22294096,0.5549,0.2558,1193969009
11,22294097,1,-0,1193969010
11,22294102,1,-0,1193969015
11,22294110,0.4954,0.305,1193969023
11,22294124,1,-0,1193969037
11,22294130,0.5345,0.2721,1193969043
11,22397536,1,-0,1194072449
11,22397541,0.7447,0.128,1194072454
11,22397544,0.4872,0.3123,1194072457
11,22397548,1,-0,1194072461
11,22397549,0.2357,0.6276,1194072462
11,22397550,0.2941,0.5315,1194072463
11,22397559,0.4869,0.3126,1194072472
11,22397560,0.8621,0.0644,1194072473
11,22397561,1,-0,1194072474
11,22397562,0.7895,0.1026,1194072475
11,22397572,0.2293,0.6396,1194072485
11,22397575,1,-0,1194072488
11,22397580,1,-0,1194072493
11,22397584,0.2106,0.6765,1194072497
11,22397592,0.2357,0.6276,1194072505
11,22397603,0.2357,0.6276,1194072516
11,22397613,1,-0,1194072526
11,22397616,0.4872,0.3123,1194072529
11,22397623,1,-0,1194072536
11,22397638,0.3271,0.4853,1194072551
11,22397643,1,-0,1194072556
11,22397649,0.2457,0.6096,1194072562
11,22397658,1,-0,1194072571
11,22397662,0.4872,0.3123,1194072575
11,22397663,1,-0,1194072576
11,22397933,1,-0,1194072846
11,22397946,0.2457,0.6096,1194072859
11,22397955,0.4872,0.3123,1194072868
11,22397956,0.2357,0.6276,1194072869
11,22397960,1,-0,1194072873
11,22397961,1,-0,1194072874
11,22397963,0.6028,0.2198,1194072876
11,22397964,0.5904,0.2289,1194072877
11,22397967,1,-0,1194072880
11,22397972,0.6755,0.1704,1194072885
11,22397973,0.4872,0.3123,1194072886
11,22397975,0.6028,0.2198,1194072888
11,22397986,0.6206,0.2072,1194072899
11,22397987,0.3576,0.4466,1194072900
11,22397990,0.5121,0.2906,1194072903
11,22397991,0.1343,0.8719,1194072904
11,22397993,0.3704,0.4313,1194072906
11,22398002,0.6755,0.1704,1194072915
11,22398014,1,-0,1194072927
11,22398019,0.2457,0.6096,1194072932
11,22398026,1,-0,1194072939
11,22398030,0.7319,0.1355,1194072943
11,22398033,0.4233,0.3734,1194072946
11,22398047,1,-0,1194072960
11,22398051,0.8224,0.0849,1194072964
11,22398053,0.4634,0.334,1194072966
11,22398056,1,-0,1194072969
11,22398059,1,-0,1194072972
11,22398060,0.3631,0.44,1194072973
11,22398061,1,-0,1194072974
11,22398066,0.4338,0.3627,1194072979
11,22398067,0.4872,0.3123,1194072980
11,22404324,1,-0,1194079237
11,22404343,1,-0,1194079256
11,22404353,1,-0,1194079266
11,22404354,1,-0,1194079267
11,22404363,1,-0,1194079276
11,22404370,1,-0,1194079283
11,22404375,1,-0,1194079288
11,22404379,0.6204,0.2073,1194079292
11,22404409,1,-0,1194079322
11,22404411,0.3673,0.435,1194079324
11,22404412,1,-0,1194079325
11,22404418,0.6816,0.1665,1194079331
11,22404422,1,-0,1194079335
11,22404427,1,-0,1194079340
11,22404433,1,-0,1194079346
11,22404437,1,-0,1194079350
11,22404438,1,-0,1194079351
11,22404622,1,-0,1194079535
11,22404642,1,-0,1194079555
11,22404645,0.06367,1.1961,1194079558
11,22404647,1,-0,1194079560
11,22404649,1,-0,1194079562
11,22404651,1,-0,1194079564
11,22404652,1,-0,1194079565
11,22404661,0.6204,0.2073,1194079574
11,22404663,0.6816,0.1665,1194079576
11,22404683,1,-0,1194079596
11,22404713,1,-0,1194079626
11,22404717,1,-0,1194079630
11,22404726,1,-0,1194079639
11,22404729,1,-0,1194079642
11,22492115,1,-0,1194167028
11,22492131,0.4935,0.3067,1194167044
11,22492145,1,-0,1194167058
11,22492155,0.4233,0.3734,1194167068
11,22492165,0.3651,0.4376,1194167078
11,22492189,0.4935,0.3067,1194167102
11,22492249,1,-0,1194167162
11,22492490,0.4932,0.307,1194167403
11,22492540,1,-0,1194167453
11,22492574,0.2419,0.6164,1194167487
11,22492575,0.367,0.4353,1194167488
11,22492580,0.6202,0.2075,1194167493
11,22492589,0.4968,0.3038,1194167502
11,22492619,1,-0,1194167532
11,22492623,0.5339,0.2725,1194167536
11,22492625,0.4444,0.3522,1194167538
11,22492635,0.2157,0.6661,1194167548
11,22520163,0.4875,0.312,1194195076
11,22520235,0.4875,0.312,1194195148
11,22520243,0.49370000000000003,0.3065,1194195156
11,22520261,1,-0,1194195174
11,22520552,1,-0,1194195465
11,22520562,0.4285,0.368,1194195475
11,22520608,0.4972,0.3035,1194195521
11,22520632,0.1119,0.9512,1194195545
11,22520646,1,-0,1194195559
11,22520654,0.4875,0.312,1194195567
11,22520657,0.6101,0.2146,1194195570
11,22520658,0.6758,0.1702,1194195571
11,22520671,1,-0,1194195584
11,22801836,0.497,0.3036,1194476749
11,22801842,0.4938,0.3064,1194476755
11,22801850,1,-0,1194476763
11,22801857,0.618,0.209,1194476770
11,22801861,0.7658,0.1159,1194476774
11,22801864,0.2076,0.6828,1194476777
11,22801868,1,-0,1194476781
11,22801871,1,-0,1194476784
11,22801876,1,-0,1194476789
11,22801889,0.4974,0.3033,1194476802
11,22801891,1,-0,1194476804
11,22801896,1,-0,1194476809
11,22801913,0.7287,0.1375,1194476826
11,22801914,0.4968,0.3038,1194476827
11,22801918,0.744,0.1284,1194476831
11,22801921,0.2766,0.5581,1194476834
11,22801926,1,-0,1194476839
11,22801932,0.49370000000000003,0.3065,1194476845
11,22801936,1,-0,1194476849
11,22801940,0.2421,0.616,1194476853
11,22801942,0.5337,0.2727,1194476855
11,22801947,0.682,0.1662,1194476860
11,22801954,0.2421,0.616,1194476867
11,22801961,0.4968,0.3038,1194476874
11,22802031,0.4495,0.3473,1194476944
11,22802035,0.4495,0.3473,1194476948
11,22802051,0.2092,0.6794,1194476964
11,22802075,1,-0,1194476988
11,22802080,0.5319,0.2742,1194476993
11,22802088,0.2423,0.6156,1194477001
11,22802100,1,-0,1194477013
11,22802108,0.4938,0.3064,1194477021
11,22802115,0.4949,0.3055,1194477028
11,22802116,0.001735,2.7607,1194477029
11,22802137,0.4968,0.3038,1194477050
11,22802156,1,-0,1194477069
11,22802160,0.4968,0.3038,1194477073
11,22802172,0.05856,1.2324,1194477085
11,22802188,0.4935,0.3067,1194477101
11,23087544,0.5026,0.2988,1194762457
11,23087545,0.4375,0.359,1194762458
11,23087555,0.03498,1.4562,1194762468
11,23087559,0.5085,0.2937,1194762472
11,23087561,0.1888,0.724,1194762474
11,23087562,0.1888,0.724,1194762475
11,23087563,0.5026,0.2988,1194762476
11,23087567,0.4375,0.359,1194762480
11,23087569,0.4375,0.359,1194762482
11,23087572,0.6506,0.1867,1194762485
11,23087577,0.2263,0.6453,1194762490
11,23087578,0.1888,0.724,1194762491
11,23087583,0.2539,0.5953,1194762496
11,23087591,1,-0,1194762504
11,23087595,0.5184,0.2853,1194762508
11,23087614,0.4375,0.359,1194762527
11,23087625,0.4375,0.359,1194762538
11,23087630,0.4375,0.359,1194762543
11,23087631,0.6011,0.2211,1194762544
11,23087633,0.5026,0.2988,1194762546
11,23087638,0.3755,0.4254,1194762551
11,23087650,1,-0,1194762563
11,23087659,0.6256,0.2037,1194762572
11,23087673,0.6845,0.1646,1194762586
11,23087674,1,-0,1194762587
11,23087707,0.1053,0.9776,1194762620
11,23087708,1,-0,1194762621
11,23087726,1,-0,1194762639
11,23087734,1,-0,1194762647
11,23087738,0.3748,0.4262,1194762651
11,23087744,0.1923,0.716,1194762657
11,23087759,0.4565,0.3406,1194762672
11,23087764,1,-0,1194762677
11,23087769,0.1863,0.7298,1194762682
11,23087775,0.04502,1.3466,1194762688
11,23087778,0.1863,0.7298,1194762691
11,23087782,0.4348,0.3617,1194762695
11,23087784,1,-0,1194762697
11,23087786,1,-0,1194762699
11,23087797,0.5386,0.2687,1194762710
11,23087805,1,-0,1194762718
11,23087806,0.5845,0.2332,1194762719
11,23087816,1,-0,1194762729
11,23087818,0.62,0.2076,1194762731
11,23087825,1,-0,1194762738
11,23087826,1,-0,1194762739
11,23087827,1,-0,1194762740
11,23087838,1,-0,1194762751
11,23087848,1,-0,1194762761
11,23087849,0.3673,0.435,1194762762
11,23087858,1,-0,1194762771
11,23087902,1,-0,1194762815
11,23087908,1,-0,1194762821
11,23087917,0.4938,0.3064,1194762830
11,23087921,0.2315,0.6354,1194762834
11,23087936,0.3674,0.4349,1194762849
11,23088145,1,-0,1194763058
11,23088148,0.4938,0.3064,1194763061
11,23088149,0.793,0.1007,1194763062
11,23088164,1,-0,1194763077
11,23088176,0.2423,0.6156,1194763089
11,23088179,0.4938,0.3064,1194763092
11,23088191,1,-0,1194763104
11,23088221,0.7211,0.142,1194763134
11,23088227,1,-0,1194763140
11,23088253,1,-0,1194763166
11,23088265,0.6017,0.2206,1194763178
11,23088266,1,-0,1194763179
11,23088345,1,-0,1194763258
11,23088362,1,-0,1194763275
11,23223179,0.7643,0.1167,1194898092
11,23223184,0.4938,0.3064,1194898097
11,23223208,1,-0,1194898121
11,23223211,1,-0,1194898124
11,23223216,1,-0,1194898129
11,23223229,0.4938,0.3064,1194898142
11,23223247,0.6204,0.2073,1194898160
11,23223253,1,-0,1194898166
11,23223254,1,-0,1194898167
11,23223260,0.4938,0.3064,1194898173
11,23223279,0.4938,0.3064,1194898192
11,23223281,1,-0,1194898194
11,23223291,0.4938,0.3064,1194898204
11,23223301,1,-0,1194898214
11,23223303,0.4938,0.3064,1194898216
11,23223304,1,-0,1194898217
11,23223306,1,-0,1194898219
11,23223308,0.5319,0.2742,1194898221
11,23223467,1,-0,1194898380
11,23223468,1,-0,1194898381
11,23223489,0.497,0.3036,1194898402
11,23223499,0.7445,0.1281,1194898412
11,23223501,0.3642,0.4387,1194898414
11,23223502,1,-0,1194898415
11,23223510,0.4938,0.3064,1194898423
11,23223517,0.6797,0.1677,1194898430
11,23223527,0.2423,0.6156,1194898440
11,23223537,0.6817,0.1664,1194898450
11,23223545,1,-0,1194898458
11,23223549,0.2076,0.6828,1194898462
11,23223556,1,-0,1194898469
11,23223569,1,-0,1194898482
11,23223582,0.4938,0.3064,1194898495
11,23223594,1,-0,1194898507
11,23223595,0.4938,0.3064,1194898508
11,23230320,1,-0,1194905233
11,23230323,1,-0,1194905236
11,23230324,1,-0,1194905237
11,23230333,0.4938,0.3064,1194905246
11,23230340,1,-0,1194905253
11,23230361,1,-0,1194905274
11,23230362,0.1205,0.919,1194905275
11,23230363,1,-0,1194905276
11,23230368,1,-0,1194905281
11,23230679,0.4938,0.3064,1194905592
11,23230680,1,-0,1194905593
11,23230681,0.497,0.3036,1194905594
11,23230682,0.2505,0.6012,1194905595
11,23230686,0.443,0.3536,1194905599
11,23230687,0.8585,0.0663,1194905600
11,23230693,0.8023,0.0957,1194905606
11,23230696,0.5651,0.2479,1194905609
11,23230702,1,-0,1194905615
11,23230704,1,-0,1194905617
11,23230708,0.8672,0.0619,1194905621
11,23230709,0.443,0.3536,1194905622
11,23230713,0.8685,0.0612,1194905626
11,23230718,0.7445,0.1281,1194905631
11,23230724,0.4399,0.3566,1194905637
11,23230728,0.3642,0.4387,1194905641
11,23230741,0.4875,0.312,1194905654
11,23230745,1,-0,1194905658
11,23230746,0.7198,0.1428,1194905659
11,23230748,0.5346,0.272,1194905661
11,23230770,1,-0,1194905683
11,23230781,1,-0,1194905694
11,23230783,0.2423,0.6156,1194905696
11,23230788,0.7445,0.1281,1194905701
11,23230795,0.7198,0.1428,1194905708
11,23230796,1,-0,1194905709
11,23274553,1,-0,1194949466
11,23274565,0.6973,0.1566,1194949478
11,23274566,0.6973,0.1566,1194949479
11,23274569,0.6973,0.1566,1194949482
11,23274570,0.2298,0.6386,1194949483
11,23274582,0.2298,0.6386,1194949495
11,23274586,0.4666,0.3311,1194949499
11,23274591,0.00144,2.8416,1194949504
11,23274611,1,-0,1194949524
11,23274613,0.481,0.3179,1194949526
11,23274618,0.481,0.3179,1194949531
11,23274630,1,-0,1194949543
11,23274635,1,-0,1194949548
11,23274636,0.2118,0.6741,1194949549
11,23274637,1,-0,1194949550
11,23274638,0.1159,0.9359,1194949551
11,23274650,0.1237,0.9076,1194949563
11,23274659,0.1722,0.764,1194949572
11,23274682,1,-0,1194949595
11,23274683,1,-0,1194949596
11,23274685,0.7027,0.1532,1194949598
11,23274751,0.06404,1.1935,1194949664
11,23274754,0.5484,0.2609,1194949667
11,23274762,1,-0,1194949675
11,23274764,1,-0,1194949677
11,23274766,0.481,0.3179,1194949679
11,23274772,1,-0,1194949685
11,23274781,1,-0,1194949694
11,23274782,0.6213,0.2067,1194949695
11,23274792,1,-0,1194949705
11,23274793,1,-0,1194949706
11,23274795,0.6213,0.2067,1194949708
11,23274816,1,-0,1194949729
11,23274824,1,-0,1194949737
11,23274827,1,-0,1194949740
11,23274828,0.2658,0.5754,1194949741
11,23274831,1,-0,1194949744
11,23274838,1,-0,1194949751
11,23274847,0.2298,0.6386,1194949760
11,23274848,1,-0,1194949761
11,23274860,1,-0,1194949773
11,23274865,0.481,0.3179,1194949778
11,23274868,1,-0,1194949781
11,23274875,1,-0,1194949788
11,23274879,0.4975,0.3032,1194949792
11,23414874,0.2008,0.6972,1195089787
11,23414897,0.5624,0.25,1195089810
11,23414898,1,-0,1195089811
11,23414913,0.618,0.209,1195089826
11,23414923,1,-0,1195089836
11,23414925,1,-0,1195089838
11,23414926,1,-0,1195089839
11,23414944,0.1205,0.919,1195089857
11,23414946,0.2455,0.6099,1195089859
11,23414947,0.497,0.3036,1195089860
11,23414950,1,-0,1195089863
11,23414952,0.618,0.209,1195089865
11,23414954,1,-0,1195089867
11,23414958,0.4938,0.3064,1195089871
11,23414963,0.4938,0.3064,1195089876
11,23414970,0.4938,0.3064,1195089883
11,23414995,0.4938,0.3064,1195089908
11,23415005,0.6073,0.2166,1195089918
11,23415254,0.4972,0.3035,1195090167
11,23415273,0.4875,0.312,1195090186
11,23415278,0.6758,0.1702,1195090191
11,23415279,0.4343,0.3622,1195090192
11,23415300,0.4875,0.312,1195090213
11,23415304,1,-0,1195090217
11,23415335,0.2778,0.5563,1195090248
11,23415347,0.4972,0.3035,1195090260
11,23415364,0.4875,0.312,1195090277
11,23415367,1,-0,1195090280
11,23415368,0.09943,1.0025,1195090281
11,23415372,0.4875,0.312,1195090285
11,23415373,1,-0,1195090286
11,23415382,1,-0,1195090295
11,23415384,0.1136,0.9446,1195090297
11,23450306,1,-0,1195125219
11,23450315,0.62,0.2076,1195125228
11,23450318,0.1584,0.8002,1195125231
11,23450327,0.6174,0.2094,1195125240
11,23450339,1,-0,1195125252
11,23450350,0.4848,0.3144,1195125263
11,23450380,0.7172,0.1444,1195125293
11,23450395,1,-0,1195125308
11,23450399,0.6217,0.2064,1195125312
11,23450421,0.4969,0.3037,1195125334
11,23450433,1,-0,1195125346
11,23450449,1,-0,1195125362
11,23450481,0.2403,0.6192,1195125394
11,23450482,1,-0,1195125395
11,23450489,1,-0,1195125402
11,23450492,1,-0,1195125405
11,23450497,1,-0,1195125410
11,23450498,0.3785,0.4219,1195125411
11,23450502,1,-0,1195125415
11,23450508,0.6199,0.2077,1195125421
11,23450526,1,-0,1195125439
11,23450531,0.4865,0.3129,1195125444
11,23450537,0.6174,0.2094,1195125450
11,23450543,1,-0,1195125456
11,23450544,1,-0,1195125457
11,23450551,1,-0,1195125464
11,23450554,0.1215,0.9154,1195125467
11,23450561,0.4967,0.3039,1195125474
11,23450579,0.6174,0.2094,1195125492
11,23450588,1,-0,1195125501
11,23450591,0.4967,0.3039,1195125504
11,23450594,1,-0,1195125507
11,23482680,0.4762,0.3222,1195157593
11,23482688,0.4951,0.3053,1195157601
11,23482695,0.4762,0.3222,1195157608
11,23482696,0.2686,0.5709,1195157609
11,23482715,0.3317,0.4793,1195157628
11,23482735,1,-0,1195157648
11,23482759,0.2349,0.6291,1195157672
11,23482776,0.3637,0.4393,1195157689
11,23482780,0.2012,0.6964,1195157693
11,23482781,0.4941,0.30620000000000003,1195157694
11,23482788,0.06388,1.1946,1195157701
11,23482805,1,-0,1195157718
11,23482827,0.4762,0.3222,1195157740
11,23482849,0.4634,0.334,1195157762
11,23482850,0.4762,0.3222,1195157763
11,23482858,0.4951,0.3053,1195157771
11,23482861,1,-0,1195157774
11,23482871,0.4772,0.3213,1195157784
11,23482902,0.2454,0.6101,1195157815
11,23482915,1,-0,1195157828
11,23482925,1,-0,1195157838
11,23482956,0.4969,0.3037,1195157869
11,23482959,0.3673,0.435,1195157872
11,23482978,1,-0,1195157891
11,23482986,0.3673,0.435,1195157899
11,23482987,0.3673,0.435,1195157900
11,23482988,0.3673,0.435,1195157901
11,23482991,0.3673,0.435,1195157904
11,23482992,1,-0,1195157905
11,23483006,0.4969,0.3037,1195157919
11,23483013,0.3693,0.4326,1195157926
11,23483015,1,-0,1195157928
11,23483016,0.6536,0.1847,1195157929
11,23483022,1,-0,1195157935
11,23483126,1,-0,1195158039
11,23483129,0.4899,0.3099,1195158042
11,23483132,0.4899,0.3099,1195158045
11,23483144,1,-0,1195158057
11,23483145,0.7266,0.1387,1195158058
11,23483163,0.5973,0.2238,1195158076
11,23483175,1,-0,1195158088
11,23483212,1,-0,1195158125
11,23483213,1,-0,1195158126
11,23483217,1,-0,1195158130
11,23483223,0.6743,0.1711,1195158136
11,23483226,0.5918,0.2278,1195158139
11,23483229,1,-0,1195158142
11,23483237,1,-0,1195158150
11,23483240,1,-0,1195158153
11,23483248,0.4552,0.3418,1195158161
11,23483250,1,-0,1195158163
11,23483252,1,-0,1195158165
11,23483257,1,-0,1195158170
11,23483258,0.3457,0.4613,1195158171
11,23540531,0.2293,0.6396,1195215444
11,23540534,1,-0,1195215447
11,23540537,0.6816,0.1665,1195215450
11,23540539,1,-0,1195215452
11,23540548,0.2462,0.6087,1195215461
11,23540549,1,-0,1195215462
11,23540565,0.4975,0.3032,1195215478
11,23540582,0.833,0.0794,1195215495
11,23540586,1,-0,1195215499
11,23540591,0.8264,0.0828,1195215504
11,23540594,1,-0,1195215507
11,23540597,1,-0,1195215510
11,23540601,0.3522,0.4532,1195215514
11,23540602,0.3522,0.4532,1195215515
11,23540608,0.4872,0.3123,1195215521
11,23540611,0.2357,0.6276,1195215524
11,23540612,1,-0,1195215525
11,23540621,0.4872,0.3123,1195215534
11,23540626,0.8648,0.0631,1195215539
11,23540628,1,-0,1195215541
11,23540630,1,-0,1195215543
11,23540642,0.2775,0.5567,1195215555
11,23540702,1,-0,1195215615
11,23540704,1,-0,1195215617
11,23540758,1,-0,1195215671
11,23540770,1,-0,1195215683
11,23540775,0.3301,0.4814,1195215688
11,23540809,0.2308,0.6368,1195215722
11,23540810,1,-0,1195215723
11,23540812,1,-0,1195215725
11,23540836,0.02506,1.601,1195215749
11,23540841,0.06436,1.1914,1195215754
11,23540859,0.4493,0.3475,1195215772
11,23540867,0.0707,1.1506,1195215780
11,23540885,1,-0,1195215798
11,23540893,0.5015,0.2997,1195215806
11,23540898,1,-0,1195215811
11,23540899,1,-0,1195215812
11,23540904,0.2,0.699,1195215817
11,23540905,0.326,0.4868,1195215818
11,23540920,0.4332,0.3633,1195215833
11,23540921,1,-0,1195215834
11,23540926,0.5015,0.2997,1195215839
11,23540930,1,-0,1195215843
11,23540943,1,-0,1195215856
11,23540955,1,-0,1195215868
11,23540962,0.2,0.699,1195215875
11,23600041,1,-0,1195274954
11,23600054,0.5896,0.2294,1195274967
11,23600075,1,-0,1195274988
11,23600106,1,-0,1195275019
11,23600120,1,-0,1195275033
11,23600129,0.8765,0.0572,1195275042
11,23600130,0.8765,0.0572,1195275043
11,23600133,0.8752,0.0579,1195275046
11,23600134,1,-0,1195275047
11,23600143,0.618,0.209,1195275056
11,23600148,1,-0,1195275061
11,23600157,0.618,0.209,1195275070
11,23600165,0.4938,0.3064,1195275078
11,23600385,1,-0,1195275298
11,23600392,0.4968,0.3038,1195275305
11,23600402,0.497,0.3036,1195275315
11,23600404,1,-0,1195275317
11,23600407,0.4938,0.3064,1195275320
11,23600414,0.3263,0.4864,1195275327
11,23600444,1,-0,1195275357
11,23600446,1,-0,1195275359
11,23600451,0.4938,0.3064,1195275364
11,23600455,0.3448,0.4624,1195275368
11,23600462,0.525,0.2798,1195275375
11,23600468,0.4938,0.3064,1195275381
11,23600482,1,-0,1195275395
11,23600486,0.5624,0.25,1195275399
11,23600487,1,-0,1195275400
11,23600489,0.497,0.3036,1195275402
11,23600493,0.1181,0.9278,1195275406
11,23600503,1,-0,1195275416
11,23600508,1,-0,1195275421
11,23600787,0.4938,0.3064,1195275700
11,23600788,0.2072,0.6836,1195275701
11,23600794,0.02776,1.5566,1195275707
11,23600815,1,-0,1195275728
11,23600831,1,-0,1195275744
11,23600873,1,-0,1195275786
11,23600874,1,-0,1195275787
11,23600880,1,-0,1195275793
11,23600883,1,-0,1195275796
11,23600900,1,-0,1195275813
11,23600904,1,-0,1195275817
11,23600912,0.618,0.209,1195275825
11,23600917,1,-0,1195275830
11,23763198,0.4969,0.3037,1195438111
11,23763202,0.4969,0.3037,1195438115
11,23763203,0.4969,0.3037,1195438116
11,23763209,0.6204,0.2073,1195438122
11,23763230,0.4969,0.3037,1195438143
11,23763244,0.01378,1.8608,1195438157
11,23763245,0.6816,0.1665,1195438158
11,23763252,0.4969,0.3037,1195438165
11,23763254,0.6204,0.2073,1195438167
11,23763264,1,-0,1195438177
11,23763277,1,-0,1195438190
11,23763295,1,-0,1195438208
11,23763311,1,-0,1195438224
11,23763318,1,-0,1195438231
11,23763326,1,-0,1195438239
11,23763454,0.5649,0.248,1195438367
11,23763455,1,-0,1195438368
11,23763462,0.6816,0.1665,1195438375
11,23763466,1,-0,1195438379
11,23763484,0.3712,0.4304,1195438397
11,23763489,0.4969,0.3037,1195438402
11,23763509,1,-0,1195438422
11,23763520,1,-0,1195438433
11,23763524,0.6816,0.1665,1195438437
11,23763525,0.7186,0.1435,1195438438
11,23763532,0.4969,0.3037,1195438445
11,23763534,0.6816,0.1665,1195438447
11,23763542,0.4969,0.3037,1195438455
11,23763554,0.8713,0.0598,1195438467
11,23764515,1,-0,1195439428
11,23764516,1,-0,1195439429
11,23764517,1,-0,1195439430
11,23764535,1,-0,1195439448
11,23764541,0.1287,0.8904,1195439454
11,23764542,0.4938,0.3064,1195439455
11,23764551,1,-0,1195439464
11,23764553,0.1572,0.8035,1195439466
11,23764557,0.1495,0.8254,1195439470
11,23764564,0.4938,0.3064,1195439477
11,23764567,1,-0,1195439480
11,23764590,1,-0,1195439503
11,23764598,0.7195,0.143,1195439511
11,23764602,1,-0,1195439515
11,23764607,0.4938,0.3064,1195439520
11,23764609,1,-0,1195439522
11,23764616,0.1287,0.8904,1195439529
11,23764639,1,-0,1195439552
11,23764752,0.2195,0.6586,1195439665
11,23764780,1,-0,1195439693
11,23764783,1,-0,1195439696
11,23764794,0.1287,0.8904,1195439707
11,23764795,0.4399,0.3566,1195439708
11,23764814,0.3195,0.4955,1195439727
11,23764816,1,-0,1195439729
11,23764817,0.2787,0.5549,1195439730
11,23764824,0.6415,0.1928,1195439737
11,23764825,1,-0,1195439738
11,23764827,1,-0,1195439740
11,23764836,0.618,0.209,1195439749
11,23764841,0.2423,0.6156,1195439754
11,23764842,1,-0,1195439755
11,23764843,1,-0,1195439756
11,23764852,1,-0,1195439765
11,23764861,0.4857,0.3136,1195439774
11,23764862,0.2341,0.6306,1195439775
11,23764863,0.4968,0.3038,1195439776
11,23764865,0.4968,0.3038,1195439778
11,23764873,1,-0,1195439786
11,23764874,0.01522,1.8176,1195439787
11,23764883,0.0172,1.7645,1195439796
11,23902363,0.3382,0.4708,1195577276
11,23902365,0.3382,0.4708,1195577278
11,23902372,0.6815,0.1665,1195577285
11,23902379,0.4935,0.3067,1195577292
11,23902382,1,-0,1195577295
11,23902385,1,-0,1195577298
11,23902387,1,-0,1195577300
11,23902388,0.5842,0.2334,1195577301
11,23902399,1,-0,1195577312
11,23902404,1,-0,1195577317
11,23902405,0.2373,0.6247,1195577318
11,23902407,0.8553,0.0679,1195577320
11,23902414,1,-0,1195577327
11,23902418,0.2453,0.6103,1195577331
11,23902427,1,-0,1195577340
11,23902429,0.1203,0.9197,1195577342
11,23902439,1,-0,1195577352
11,23902447,1,-0,1195577360
11,23902448,0.2014,0.6959,1195577361
11,23902469,0.4976,0.3031,1195577382
11,23902470,1,-0,1195577383
11,23902479,1,-0,1195577392
11,23902483,1,-0,1195577396
11,23902485,1,-0,1195577398
11,23902486,0.4969,0.3037,1195577399
11,23902696,1,-0,1195577609
11,23902705,1,-0,1195577618
11,23902741,0.7459,0.1273,1195577654
11,23902753,1,-0,1195577666
11,23902768,1,-0,1195577681
11,23902794,0.3419,0.4661,1195577707
11,23902804,1,-0,1195577717
11,23902808,0.4951,0.3053,1195577721
11,23949271,1,-0,1195624184
11,23949272,1,-0,1195624185
11,23949276,1,-0,1195624189
11,23949284,1,-0,1195624197
11,23949287,0.1516,0.8193,1195624200
11,23949291,0.4969,0.3037,1195624204
11,23949309,0.1928,0.7149,1195624222
11,23949310,1,-0,1195624223
11,23949334,1,-0,1195624247
11,23949343,1,-0,1195624256
11,23949351,1,-0,1195624264
11,23949355,0.5271,0.2781,1195624268
11,23949359,1,-0,1195624272
11,23949367,0.06367,1.1961,1195624280
11,23949404,0.5071,0.2949,1195624317
11,23949673,1,-0,1195624586
11,23949679,1,-0,1195624592
11,23949680,1,-0,1195624593
11,23949698,1,-0,1195624611
11,23949700,0.4969,0.3037,1195624613
11,23949718,1,-0,1195624631
11,23949756,1,-0,1195624669
11,23949762,1,-0,1195624675
11,23949769,1,-0,1195624682
11,23949771,1,-0,1195624684
11,23949781,1,-0,1195624694
11,23949788,0.4938,0.3064,1195624701
11,23949789,1,-0,1195624702
11,23949794,0.7445,0.1281,1195624707
11,23996306,1,-0,1195671219
11,23996308,0.2499,0.6022,1195671221
11,23996313,0.07006,1.1545,1195671226
11,23996321,0.4595,0.3377,1195671234
11,23996325,1,-0,1195671238
11,23996327,0.06236,1.2051,1195671240
11,23996359,0.4595,0.3377,1195671272
11,23996372,1,-0,1195671285
11,23996378,0.4595,0.3377,1195671291
11,23996403,0.5077,0.2944,1195671316
11,23996405,1,-0,1195671318
11,23996407,0.5136,0.2894,1195671320
11,23996410,0.5136,0.2894,1195671323
11,23996411,1,-0,1195671324
11,23996426,0.6439,0.1912,1195671339
11,23996433,0.4644,0.3331,1195671346
11,23996434,1,-0,1195671347
11,23996435,1,-0,1195671348
11,23996440,1,-0,1195671353
11,23996484,0.5824,0.2348,1195671397
11,23996488,0.2152,0.6672,1195671401
11,23996493,0.2152,0.6672,1195671406
11,23996505,0.4989,0.302,1195671418
11,23996507,0.4583,0.3389,1195671420
11,23996509,1,-0,1195671422
11,23996510,0.4658,0.3318,1195671423
11,23996513,0.2152,0.6672,1195671426
11,23996514,0.2152,0.6672,1195671427
11,23996521,0.664,0.1778,1195671434
11,23996529,0.1234,0.9087,1195671442
11,23996535,0.4583,0.3389,1195671448
11,23996555,0.559,0.2526,1195671468
11,23996557,1,-0,1195671470
11,23996558,1,-0,1195671471
11,23996564,0.09864,1.0059,1195671477
11,23996565,0.4658,0.3318,1195671478
11,23996567,1,-0,1195671480
11,23996570,1,-0,1195671483
11,23996579,1,-0,1195671492
11,23996583,1,-0,1195671496
11,23996597,0.6063,0.2173,1195671510
11,23996604,0.1794,0.7462,1195671517
11,23996606,0.4595,0.3377,1195671519
11,23997109,0.4928,0.3073,1195672022
11,23997131,0.4848,0.3144,1195672044
11,23997133,1,-0,1195672046
11,23997154,1,-0,1195672067
11,23997166,0.4848,0.3144,1195672079
11,23997167,0.7568,0.121,1195672080
11,23997177,0.4928,0.3073,1195672090
11,23997182,0.2312,0.636,1195672095
11,23997195,0.6077,0.2163,1195672108
11,23997196,1,-0,1195672109
11,23997211,0.2158,0.6659,1195672124
11,23997216,1,-0,1195672129
11,24078696,1,-0,1195753609
11,24078698,0.6181,0.2089,1195753611
11,24078705,1,-0,1195753618
11,24078708,1,-0,1195753621
11,24078717,0.4805,0.3183,1195753630
11,24078737,0.4805,0.3183,1195753650
11,24078751,1,-0,1195753664
11,24078762,0.4805,0.3183,1195753675
11,24078764,0.36870000000000003,0.4333,1195753677
11,24078765,1,-0,1195753678
11,24078768,0.4805,0.3183,1195753681
11,24078770,1,-0,1195753683
11,24078778,0.4529,0.344,1195753691
11,24078783,1,-0,1195753696
11,24078802,1,-0,1195753715
11,24078814,0.4805,0.3183,1195753727
11,24078818,0.3552,0.4495,1195753731
11,24078819,0.6827,0.1658,1195753732
11,24078823,0.01267,1.8972,1195753736
11,24079036,0.4805,0.3183,1195753949
11,24079069,0.5278,0.2775,1195753982
11,24079071,0.4868,0.3126,1195753984
11,24079077,0.4805,0.3183,1195753990
11,24079093,1,-0,1195754006
11,24079094,0.2226,0.6525,1195754007
11,24079095,1,-0,1195754008
11,24079103,0.4805,0.3183,1195754016
11,24079117,1,-0,1195754030
11,24079124,1,-0,1195754037
11,24079127,0.4975,0.3032,1195754040
11,24079129,1,-0,1195754042
11,24079131,0.4354,0.3611,1195754044
11,24079132,1,-0,1195754045
11,24079133,1,-0,1195754046
11,24079136,1,-0,1195754049
11,24079141,0.4805,0.3183,1195754054
11,24079144,0.7674,0.115,1195754057
11,24079145,1,-0,1195754058
11,24079148,1,-0,1195754061
11,24079149,0.4805,0.3183,1195754062
11,24079154,0.4975,0.3032,1195754067
11,24079159,1,-0,1195754072
11,24079160,0.3153,0.5013,1195754073
11,24120478,1,-0,1195795391
11,24120488,0.4969,0.3037,1195795401
11,24120489,1,-0,1195795402
11,24120503,1,-0,1195795416
11,24120507,1,-0,1195795420
11,24120510,0.7025,0.1534,1195795423
11,24120523,0.4969,0.3037,1195795436
11,24120525,1,-0,1195795438
11,24120528,1,-0,1195795441
11,24120544,1,-0,1195795457
11,24120554,1,-0,1195795467
11,24120584,0.4969,0.3037,1195795497
11,24120587,0.8501,0.0705,1195795500
11,24120603,1,-0,1195795516
11,24120605,0.5439,0.2645,1195795518
11,24120606,1,-0,1195795519
11,24120612,0.5904,0.2289,1195795525
11,24120633,0.3333,0.4772,1195795546
11,24120717,0.3333,0.4772,1195795630
11,24120722,0.3333,0.4772,1195795635
11,24120733,0.3333,0.4772,1195795646
11,24120763,0.3333,0.4772,1195795676
11,24120768,0.6919,0.16,1195795681
11,24120769,1,-0,1195795682
11,24120774,1,-0,1195795687
11,24120780,1,-0,1195795693
11,24120787,1,-0,1195795700
11,24120817,1,-0,1195795730
11,24120819,1,-0,1195795732
11,24120820,1,-0,1195795733
11,24120833,1,-0,1195795746
11,24120843,0.2454,0.6101,1195795756
11,24120855,0.4552,0.3418,1195795768
11,24120857,1,-0,1195795770
11,24120859,1,-0,1195795772
11,24120868,0.6816,0.1665,1195795781
11,24120869,1,-0,1195795782
11,24120878,1,-0,1195795791
11,24120885,1,-0,1195795798
11,24120887,1,-0,1195795800
11,24120891,1,-0,1195795804
11,24120899,1,-0,1195795812
11,24120902,0.3549,0.4499,1195795815
11,24159433,1,-0,1195834346
11,24159435,0.3987,0.3994,1195834348
11,24159436,1,-0,1195834349
11,24159443,0.03284,1.4836,1195834356
11,24159453,0.4868,0.3126,1195834366
11,24159457,1,-0,1195834370
11,24159486,1,-0,1195834399
11,24159511,1,-0,1195834424
11,24159533,0.4966,0.304,1195834446
11,24159536,1,-0,1195834449
11,24159538,1,-0,1195834451
11,24159541,1,-0,1195834454
11,24159546,0.4966,0.304,1195834459
11,24159548,0.0783,1.1062,1195834461
11,24159549,1,-0,1195834462
11,24159559,1,-0,1195834472
11,24159561,0.01289,1.8897,1195834474
11,24159564,0.363,0.4401,1195834477
11,24159565,0.246,0.6091,1195834478
11,24159630,0.4981,0.3027,1195834543
11,24159635,0.4981,0.3027,1195834548
11,24159644,0.473,0.3251,1195834557
11,24159648,0.4981,0.3027,1195834561
11,24159653,0.4981,0.3027,1195834566
11,24159654,0.4981,0.3027,1195834567
11,24159684,0.6127,0.2128,1195834597
11,24159688,0.5101,0.2923,1195834601
11,24159713,0.4432,0.3534,1195834626
11,24159715,0.3571,0.4472,1195834628
11,24159720,0.3571,0.4472,1195834633
11,24159724,1,-0,1195834637
11,24159725,0.4868,0.3126,1195834638
11,24159733,0.6205,0.2073,1195834646
11,24159739,1,-0,1195834652
11,24305088,1,-0,1195980001
11,24305101,1,-0,1195980014
11,24305134,0.4938,0.3064,1195980047
11,24305158,0.4938,0.3064,1195980071
11,24305169,1,-0,1195980082
11,24305171,0.8606,0.0652,1195980084
11,24305344,0.618,0.209,1195980257
11,24305346,0.4938,0.3064,1195980259
11,24305347,0.6204,0.2073,1195980260
11,24305350,0.5306,0.2752,1195980263
11,24305356,0.618,0.209,1195980269
11,24305361,1,-0,1195980274
11,24305362,0.618,0.209,1195980275
11,24305365,0.8431,0.0741,1195980278
11,24305369,1,-0,1195980282
11,24305371,0.4938,0.3064,1195980284
11,24305384,1,-0,1195980297
11,24305402,1,-0,1195980315
11,24305407,1,-0,1195980320
11,24305408,0.4964,0.3042,1195980321
11,24305409,1,-0,1195980322
11,24305418,0.08355,1.0781,1195980331
11,24305426,1,-0,1195980339
11,24305427,0.05676,1.246,1195980340
11,24305441,1,-0,1195980354
11,24305465,0.3642,0.4387,1195980378
11,24305470,0.618,0.209,1195980383
11,24330385,0.2387,0.6221,1196005298
11,24330392,0.04329,1.3636,1196005305
11,24330398,0.4956,0.3049,1196005311
11,24330408,0.49370000000000003,0.3065,1196005321
11,24330425,0.618,0.209,1196005338
11,24330432,0.6817,0.1664,1196005345
11,24330442,1,-0,1196005355
11,24330443,0.1912,0.7185,1196005356
11,24330446,0.3607,0.4429,1196005359
11,24330447,0.2679,0.572,1196005360
11,24330454,0.4875,0.312,1196005367
11,24330456,0.358,0.4461,1196005369
11,24330458,0.618,0.209,1196005371
11,24330459,0.618,0.209,1196005372
11,24330473,0.6204,0.2073,1196005386
11,24330483,0.4938,0.3064,1196005396
11,24330491,0.2455,0.6099,1196005404
11,24330493,0.006997,2.1551,1196005406
11,24330495,0.8443,0.0735,1196005408
11,24330496,0.1148,0.9401,1196005409
11,24330507,0.6695,0.1742,1196005420
11,24330517,0.5591,0.2525,1196005430
11,24330518,0.5591,0.2525,1196005431
11,24330535,0.6188,0.2084,1196005448
11,24330540,0.4959,0.3046,1196005453
11,24330644,0.2144,0.6688,1196005557
11,24330645,0.1323,0.8784,1196005558
11,24330647,0.4969,0.3037,1196005560
11,24330669,0.3642,0.4387,1196005582
11,24330678,0.5624,0.25,1196005591
11,24330681,0.497,0.3036,1196005594
11,24330682,0.497,0.3036,1196005595
11,24330685,0.497,0.3036,1196005598
11,24330687,0.05351,1.2716,1196005600
11,24330718,0.3642,0.4387,1196005631
11,24330725,0.6121,0.2132,1196005638
11,24330730,0.1649,0.7828,1196005643
11,24330732,0.2094,0.679,1196005645
11,24330734,0.0178,1.7496,1196005647
11,24330735,0.0178,1.7496,1196005648
11,24330739,0.7439,0.1285,1196005652
11,24330742,0.3642,0.4387,1196005655
11,24330753,0.01481,1.8294,1196005666
11,24330767,1,-0,1196005680
11,24330769,0.3472,0.4594,1196005682
11,24330770,0.4938,0.3064,1196005683
11,24330773,1,-0,1196005686
11,24759877,0.6645,0.1775,1196434790
11,24759899,1,-0,1196434812
11,24759953,1,-0,1196434866
11,24760220,1,-0,1196435133
11,24760269,1,-0,1196435182
11,24760274,0.1317,0.8804,1196435187
11,24760280,0.5633,0.2493,1196435193
11,24760289,1,-0,1196435202
11,24760293,0.2768,0.5578,1196435206
11,24760297,0.2768,0.5578,1196435210
11,24760326,0.7643,0.1167,1196435239
11,24760327,0.1205,0.919,1196435240
11,24760336,1,-0,1196435249
11,24760337,0.4938,0.3064,1196435250
11,24760359,0.618,0.209,1196435272
11,24760361,1,-0,1196435274
11,24760362,0.4938,0.3064,1196435275
11,24760363,0.4938,0.3064,1196435276
11,24760368,1,-0,1196435281
11,24760369,1,-0,1196435282
11,24760374,1,-0,1196435287
11,24760376,0.4969,0.3037,1196435289
11,24760381,0.3673,0.435,1196435294
11,24760391,0.4969,0.3037,1196435304
11,24760394,1,-0,1196435307
11,24760396,1,-0,1196435309
11,24760404,0.4954,0.305,1196435317
11,24760405,0.6204,0.2073,1196435318
11,24760406,1,-0,1196435319
11,24760408,1,-0,1196435321
11,24760418,1,-0,1196435331
11,24760429,1,-0,1196435342
11,24760430,1,-0,1196435343
11,24760437,1,-0,1196435350
11,24760441,1,-0,1196435354
11,24760448,1,-0,1196435361
11,24760711,1,-0,1196435624
11,24760712,1,-0,1196435625
11,24760715,1,-0,1196435628
11,24760721,1,-0,1196435634
11,24760739,1,-0,1196435652
11,24760740,1,-0,1196435653
11,24760747,1,-0,1196435660
11,24760762,0.4938,0.3064,1196435675
11,24760782,0.2455,0.6099,1196435695
11,24760814,1,-0,1196435727
11,24760824,0.09223,1.0351,1196435737
11,24760840,0.5916,0.228,1196435753
11,24760841,0.7018,0.1538,1196435754
11,24760853,0.2334,0.6319,1196435766
11,24760856,1,-0,1196435769
11,24760864,0.4762,0.3222,1196435777
11,24760892,0.4923,0.3078,1196435805
11,24760901,0.003102,2.5084,1196435814
11,24760905,0.2207,0.6562,1196435818
11,24760915,1,-0,1196435828
11,24760918,1,-0,1196435831
11,24760935,0.3391,0.4697,1196435848
11,24760938,1,-0,1196435851
11,24760945,0.04329,1.3636,1196435858
11,24760947,0.3327,0.4779,1196435860
11,24760950,0.4762,0.3222,1196435863
11,24760965,1,-0,1196435878
11,24760969,0.2207,0.6562,1196435882
11,24760983,1,-0,1196435896
11,24760992,0.4589,0.3383,1196435905
11,24761010,0.4667,0.331,1196435923
11,24761012,1,-0,1196435925
11,24761017,0.4454,0.3512,1196435930
11,24761020,0.7177,0.1441,1196435933
11,24761026,1,-0,1196435939
11,24761028,1,-0,1196435941
11,24761029,0.4857,0.3136,1196435942
11,24761031,0.4857,0.3136,1196435944
11,24761032,0.2139,0.6698,1196435945
11,24761034,1,-0,1196435947
11,24761042,0.07637,1.1171,1196435955
11,24799854,0.671,0.1733,1196474767
11,24799860,0.4722,0.3259,1196474773
11,24799862,1,-0,1196474775
11,24799863,0.5825,0.2347,1196474776
11,24799864,1,-0,1196474777
11,24799888,0.1705,0.7683,1196474801
11,24799897,0.1971,0.7053,1196474810
11,24799898,0.078,1.1079,1196474811
11,24799899,0.078,1.1079,1196474812
11,24799900,1,-0,1196474813
11,24799901,1,-0,1196474814
11,24799903,0.61240000000000006,0.213,1196474816
11,24799920,1,-0,1196474833
11,24799925,0.4865,0.3129,1196474838
11,24799926,1,-0,1196474839
11,24799929,1,-0,1196474842
11,24799930,1,-0,1196474843
11,24799938,0.4865,0.3129,1196474851
11,24799943,0.497,0.3036,1196474856
11,24799947,0.61240000000000006,0.213,1196474860
11,24799953,0.654,0.1844,1196474866
11,24799958,0.619,0.2083,1196474871
11,24799971,0.4932,0.307,1196474884
11,24799977,0.5955,0.2251,1196474890
11,24800100,0.61240000000000006,0.213,1196475013
11,24800103,0.4865,0.3129,1196475016
11,24800109,0.05675,1.246,1196475022
11,24800121,0.001181,2.9278,1196475034
11,24800127,0.235,0.6289,1196475040
11,24800130,0.4995,0.3015,1196475043
11,24800132,0.09872,1.0056,1196475045
11,24800152,0.497,0.3036,1196475065
11,24800184,1,-0,1196475097
11,24800196,1,-0,1196475109
11,24800205,0.3284,0.4836,1196475118
11,24800207,0.4034,0.3943,1196475120
11,24800216,1,-0,1196475129
11,24800221,0.426,0.3706,1196475134
11,24801993,1,-0,1196476906
11,24802002,1,-0,1196476915
11,24802010,1,-0,1196476923
11,24802021,0.1203,0.9197,1196476934
11,24802023,1,-0,1196476936
11,24802024,1,-0,1196476937
11,24802028,1,-0,1196476941
11,24802029,1,-0,1196476942
11,24802030,0.2421,0.616,1196476943
11,24802031,1,-0,1196476944
11,24802032,1,-0,1196476945
11,24802037,0.05866,1.2317,1196476950
11,24802047,1,-0,1196476960
11,24802050,1,-0,1196476963
11,24802069,1,-0,1196476982
11,24802076,1,-0,1196476989
11,24802087,1,-0,1196477000
11,24802092,1,-0,1196477005
11,24802096,0.2419,0.6164,1196477009
11,24802100,0.4935,0.3067,1196477013
11,24802102,0.4967,0.3039,1196477015
11,24802181,0.4821,0.3169,1196477094
11,24802188,1,-0,1196477101
11,24802197,1,-0,1196477110
11,24802209,1,-0,1196477122
11,24802218,0.4969,0.3037,1196477131
11,24802221,1,-0,1196477134
11,24802227,1,-0,1196477140
11,24802240,1,-0,1196477153
11,24802245,1,-0,1196477158
11,24802265,1,-0,1196477178
11,24802268,0.8736,0.0587,1196477181
11,24802283,0.4969,0.3037,1196477196
11,24802286,1,-0,1196477199
11,24802287,0.6067,0.217,1196477200
11,24802290,1,-0,1196477203
11,24802291,0.118,0.9281,1196477204
11,24802293,0.8032,0.0952,1196477206
11,24802294,0.8673,0.0618,1196477207
11,24802301,1,-0,1196477214
11,24802306,1,-0,1196477219
11,24802307,0.4969,0.3037,1196477220
11,24802312,0.6816,0.1665,1196477225
11,24802314,0.49370000000000003,0.3065,1196477227
11,24970523,1,-0,1196645436
11,24970533,0.4969,0.3037,1196645446
11,24970551,1,-0,1196645464
11,24970552,1,-0,1196645465
11,24970556,1,-0,1196645469
11,24970557,1,-0,1196645470
11,24970559,0.4969,0.3037,1196645472
11,24970579,1,-0,1196645492
11,24970598,1,-0,1196645511
11,24970774,0.4969,0.3037,1196645687
11,24970775,1,-0,1196645688
11,24970782,1,-0,1196645695
11,24970783,1,-0,1196645696
11,24970802,1,-0,1196645715
11,24970817,1,-0,1196645730
11,24970833,1,-0,1196645746
11,24970862,1,-0,1196645775
11,24970869,0.6005,0.2215,1196645782
11,24970885,0.6815,0.1665,1196645798
11,24970886,1,-0,1196645799
11,24998797,1,-0,1196673710
11,24998807,1,-0,1196673720
11,24998897,0.3663,0.4362,1196673810
11,24998906,0.6121,0.2132,1196673819
11,24998924,0.3659,0.4366,1196673837
11,24998927,0.4967,0.3039,1196673840
11,24998933,0.62,0.2076,1196673846
11,24998935,0.7421,0.1295,1196673848
11,24998942,0.5415,0.2664,1196673855
11,24998943,1,-0,1196673856
11,24998946,0.1002,0.9991,1196673859
11,24998950,1,-0,1196673863
11,24998955,1,-0,1196673868
11,24998959,1,-0,1196673872
11,24998962,0.5745,0.2407,1196673875
11,24998963,1,-0,1196673876
11,24998971,0.681,0.1669,1196673884
11,24998976,0.3666,0.4358,1196673889
11,24998981,0.6079,0.2162,1196673894
11,24998982,0.4962,0.3043,1196673895
11,24998987,0.7454,0.1276,1196673900
11,24998996,0.2451,0.6107,1196673909
11,24999001,1,-0,1196673914
11,24999008,1,-0,1196673921
11,24999009,0.7495,0.1252,1196673922
11,24999014,0.4996,0.3014,1196673927
11,24999015,0.4925,0.3076,1196673928
11,24999017,1,-0,1196673930
11,24999022,1,-0,1196673935
11,24999024,1,-0,1196673937
11,24999026,0.669,0.1746,1196673939
11,24999027,1,-0,1196673940
11,24999028,0.7739,0.1113,1196673941
11,24999032,1,-0,1196673945
11,24999033,1,-0,1196673946
11,24999044,0.4976,0.3031,1196673957
11,24999049,1,-0,1196673962
11,24999243,1,-0,1196674156
11,24999244,0.4795,0.3192,1196674157
11,24999247,1,-0,1196674160
11,24999250,1,-0,1196674163
11,24999251,0.4967,0.3039,1196674164
11,24999252,1,-0,1196674165
11,24999257,1,-0,1196674170
11,24999259,1,-0,1196674172
11,24999261,1,-0,1196674174
11,24999267,0.153,0.8153,1196674180
11,24999270,0.6248,0.2043,1196674183
11,24999271,1,-0,1196674184
11,24999279,0.2765,0.5583,1196674192
11,24999283,0.5052,0.2965,1196674196
11,24999288,1,-0,1196674201
11,24999292,0.62,0.2076,1196674205
11,24999301,1,-0,1196674214
11,24999304,1,-0,1196674217
11,24999308,1,-0,1196674221
11,24999317,1,-0,1196674230
11,24999318,1,-0,1196674231
11,24999320,0.6718,0.1728,1196674233
11,24999321,0.6812,0.1667,1196674234
11,24999328,0.442,0.3546,1196674241
11,24999335,1,-0,1196674248
11,24999336,0.7394,0.1311,1196674249
11,24999339,0.3199,0.495,1196674252
11,24999341,1,-0,1196674254
11,24999343,0.3305,0.4808,1196674256
11,24999346,0.442,0.3546,1196674259
11,24999349,1,-0,1196674262
11,24999355,1,-0,1196674268
11,24999356,0.442,0.3546,1196674269
11,24999358,1,-0,1196674271
11,24999365,1,-0,1196674278
11,24999367,1,-0,1196674280
11,24999371,0.8616,0.0647,1196674284
11,25172403,0.2096,0.6786,1196847316
11,25172415,1,-0,1196847328
11,25172421,1,-0,1196847334
11,25172423,1,-0,1196847336
11,25172430,0.733,0.1349,1196847343
11,25172436,0.1798,0.7452,1196847349
11,25172437,1,-0,1196847350
11,25172439,1,-0,1196847352
11,25172445,0.7203,0.1425,1196847358
11,25172448,1,-0,1196847361
11,25172454,0.4968,0.3038,1196847367
11,25172501,0.03296,1.482,1196847414
11,25172515,0.4968,0.3038,1196847428
11,25172521,0.1611,0.7929,1196847434
11,25172522,0.09896,1.0045,1196847435
11,25172650,1,-0,1196847563
11,25172658,1,-0,1196847571
11,25172662,0.3669,0.4355,1196847575
11,25172663,0.00911,2.0405,1196847576
11,25172670,1,-0,1196847583
11,25172676,1,-0,1196847589
11,25172678,0.1202,0.9201,1196847591
11,25172684,0.4968,0.3038,1196847597
11,25172707,0.4968,0.3038,1196847620
11,25172713,1,-0,1196847626
11,25172727,1,-0,1196847640
11,25172731,0.06333,1.1984,1196847644
11,25172732,0.06333,1.1984,1196847645
11,25172733,0.06333,1.1984,1196847646
11,25172734,0.06333,1.1984,1196847647
11,25172739,1,-0,1196847652
11,25172754,1,-0,1196847667
11,25172780,0.6201,0.2075,1196847693
11,25270157,0.3778,0.4227,1196945070
11,25270186,0.3778,0.4227,1196945099
11,25270187,1,-0,1196945100
11,25270422,0.2092,0.6794,1196945335
11,25270490,0.2092,0.6794,1196945403
11,25270500,0.4851,0.3142,1196945413
11,25270504,0.2092,0.6794,1196945417
11,25270539,0.2092,0.6794,1196945452
11,25270544,0.6567,0.1826,1196945457
11,25270566,0.4429,0.3537,1196945479
11,25270567,1,-0,1196945480
11,25270569,1,-0,1196945482
11,25270578,0.4969,0.3037,1196945491
11,25270598,1,-0,1196945511
11,25270600,0.6414,0.1929,1196945513
11,25270603,1,-0,1196945516
11,25270614,1,-0,1196945527
11,25270632,0.618,0.209,1196945545
11,25270649,0.2455,0.6099,1196945562
11,25270651,0.4938,0.3064,1196945564
11,25270654,0.497,0.3036,1196945567
11,25270657,1,-0,1196945570
11,25270658,0.3642,0.4387,1196945571
11,25270667,1,-0,1196945580
11,25270682,1,-0,1196945595
11,25270688,0.4938,0.3064,1196945601
11,25270692,1,-0,1196945605
11,25270693,0.3674,0.4349,1196945606
11,25270841,0.7179,0.1439,1196945754
11,25270842,0.6204,0.2073,1196945755
11,25270845,0.4938,0.3064,1196945758
11,25270849,1,-0,1196945762
11,25270850,1,-0,1196945763
11,25270852,1,-0,1196945765
11,25270854,0.5651,0.2479,1196945767
11,25270855,0.09248,1.034,1196945768
11,25270884,0.4938,0.3064,1196945797
11,25270890,0.7658,0.1159,1196945803
11,25270895,0.4938,0.3064,1196945808
11,25270907,0.05875,1.231,1196945820
11,25270916,0.4226,0.3741,1196945829
11,25270922,0.3858,0.4136,1196945835
11,25270930,1,-0,1196945843
11,25270952,0.2423,0.6156,1196945865
11,25270953,0.4938,0.3064,1196945866
11,25270955,0.4938,0.3064,1196945868
11,25270956,0.618,0.209,1196945869
11,25270960,1,-0,1196945873
11,25292961,0.4429,0.3537,1196967874
11,25292982,1,-0,1196967895
11,25292984,1,-0,1196967897
11,25293001,0.6816,0.1665,1196967914
11,25293005,1,-0,1196967918
11,25293006,1,-0,1196967919
11,25293008,1,-0,1196967921
11,25293012,1,-0,1196967925
11,25293013,1,-0,1196967926
11,25293016,0.2454,0.6101,1196967929
11,25293019,1,-0,1196967932
11,25293022,0.4969,0.3037,1196967935
11,25293023,1,-0,1196967936
11,25293031,0.4969,0.3037,1196967944
11,25293042,1,-0,1196967955
11,25293050,1,-0,1196967963
11,25293059,1,-0,1196967972
11,25293060,1,-0,1196967973
11,25293062,0.4969,0.3037,1196967975
11,25293069,0.6204,0.2073,1196967982
11,25293071,0.3426,0.4652,1196967984
11,25293074,1,-0,1196967987
11,25293260,1,-0,1196968173
11,25293262,1,-0,1196968175
11,25293264,0.4969,0.3037,1196968177
11,25293270,0.2454,0.6101,1196968183
11,25293277,0.2454,0.6101,1196968190
11,25293278,0.2454,0.6101,1196968191
11,25293282,0.2454,0.6101,1196968195
11,25293310,0.4954,0.305,1196968223
11,25293315,1,-0,1196968228
11,25293316,0.2454,0.6101,1196968229
11,25293328,1,-0,1196968241
11,25293329,1,-0,1196968242
11,25293341,1,-0,1196968254
11,25293345,0.1862,0.73,1196968258
11,25293351,0.2454,0.6101,1196968264
11,25293353,0.3056,0.5148,1196968266
11,25293365,1,-0,1196968278
11,25293367,1,-0,1196968280
11,25293380,0.5341,0.2724,1196968293
11,25293384,1,-0,1196968297
11,25293389,1,-0,1196968302
11,25293390,1,-0,1196968303
11,25293393,1,-0,1196968306
11,25293403,0.03754,1.4255,1196968316
11,25293404,1,-0,1196968317
11,25293406,0.3988,0.3992,1196968319
11,25293411,1,-0,1196968324
11,25293419,1,-0,1196968332
11,25293421,1,-0,1196968334
11,25293423,0.4969,0.3037,1196968336
11,25293428,0.1864,0.7296,1196968341
11,25293432,0.6815,0.1665,1196968345
11,25293435,1,-0,1196968348
11,25293444,1,-0,1196968357
11,25293450,1,-0,1196968363
11,25293451,0.6924,0.1596,1196968364
11,25293452,0.5252,0.2797,1196968365
11,25293453,0.1783,0.7488,1196968366
11,25293455,1,-0,1196968368
11,25293457,0.2101,0.6776,1196968370
11,25293461,0.2453,0.6103,1196968374
11,25293472,1,-0,1196968385
11,25293481,0.4538,0.3431,1196968394
11,25293495,1,-0,1196968408
11,25293499,1,-0,1196968412
11,25293507,0.08725,1.0592,1196968420
11,25293513,0.49370000000000003,0.3065,1196968426
11,25293514,0.4969,0.3037,1196968427
11,25293525,0.4821,0.3169,1196968438
11,25293534,0.2855,0.5444,1196968447
11,25293682,1,-0,1196968595
11,25293697,0.4969,0.3037,1196968610
11,25293734,1,-0,1196968647
11,25293738,0.4969,0.3037,1196968651
11,25293739,0.4969,0.3037,1196968652
11,25293740,1,-0,1196968653
11,25293745,0.06888,1.1619,1196968658
11,25293748,0.09117,1.0401,1196968661
11,25293752,0.5121,0.2906,1196968665
11,25293753,1,-0,1196968666
11,25293760,0.4969,0.3037,1196968673
11,25293768,1,-0,1196968681
11,25293770,1,-0,1196968683
11,25293773,1,-0,1196968686
11,25293776,0.8736,0.0587,1196968689
11,25293779,1,-0,1196968692
11,25293788,0.2778,0.5563,1196968701
11,25293800,0.6815,0.1665,1196968713
11,25310623,0.6178,0.2092,1196985536
11,25310624,1,-0,1196985537
11,25310629,0.2421,0.616,1196985542
11,25310630,1,-0,1196985543
11,25310634,0.49370000000000003,0.3065,1196985547
11,25310635,1,-0,1196985548
11,25310636,0.49370000000000003,0.3065,1196985549
11,25310637,0.1645,0.7838,1196985550
11,25310644,1,-0,1196985557
11,25310651,0.4127,0.3844,1196985564
11,25310673,0.6178,0.2092,1196985586
11,25310694,1,-0,1196985607
11,25310701,0.2069,0.6842,1196985614
11,25310702,1,-0,1196985615
11,25310721,0.4713,0.3267,1196985634
11,25310723,1,-0,1196985636
11,25310732,1,-0,1196985645
11,25310736,0.3639,0.439,1196985649
11,25310738,0.49370000000000003,0.3065,1196985651
11,25310739,0.6203,0.2074,1196985652
11,25310740,1,-0,1196985653
11,25310741,1,-0,1196985654
11,25311020,0.2296,0.639,1196985933
11,25311021,0.3669,0.4355,1196985934
11,25311022,0.4968,0.3038,1196985935
11,25311025,1,-0,1196985938
11,25311037,1,-0,1196985950
11,25311038,0.49370000000000003,0.3065,1196985951
11,25311040,0.2421,0.616,1196985953
11,25311042,1,-0,1196985955
11,25311052,0.4922,0.3079,1196985965
11,25311053,0.2421,0.616,1196985966
11,25311063,0.49370000000000003,0.3065,1196985976
11,25311070,1,-0,1196985983
11,25311071,1,-0,1196985984
11,25311072,1,-0,1196985985
11,25311073,0.568,0.2457,1196985986
11,25311080,0.49370000000000003,0.3065,1196985993
11,25311088,0.4025,0.3952,1196986001
11,25311094,0.49370000000000003,0.3065,1196986007
11,25311095,0.2421,0.616,1196986008
11,25311097,0.4969,0.3037,1196986010
11,25311101,0.764,0.1169,1196986014
11,25311102,0.6178,0.2092,1196986015
11,25311105,1,-0,1196986018
11,25311109,1,-0,1196986022
11,25311117,0.4544,0.3426,1196986030
11,25311121,0.4969,0.3037,1196986034
11,25311124,1,-0,1196986037
11,25311126,1,-0,1196986039
11,25311142,0.5965,0.2244,1196986055
11,25311145,0.2069,0.6842,1196986058
11,25311147,0.5045,0.2971,1196986060
11,25311148,1,-0,1196986061
11,25330910,0.6063,0.2173,1197005823
11,25330923,0.4783,0.3203,1197005836
11,25330924,0.4783,0.3203,1197005837
11,25330927,1,-0,1197005840
11,25330939,1,-0,1197005852
11,25330946,0.1667,0.7781,1197005859
11,25330954,0.03712,1.4304,1197005867
11,25330959,0.7172,0.1444,1197005872
11,25330963,0.4422,0.3544,1197005876
11,25330965,0.6813,0.1667,1197005878
11,25330969,0.4933,0.3069,1197005882
11,25330972,0.8712,0.0599,1197005885
11,25330974,0.6174,0.2094,1197005887
11,25330979,1,-0,1197005892
11,25330991,0.6201,0.2075,1197005904
11,25330992,0.2417,0.6167,1197005905
11,25331003,1,-0,1197005916
11,25331008,0.7172,0.1444,1197005921
11,25331014,0.4933,0.3069,1197005927
11,25331017,0.7923,0.1011,1197005930
11,25331020,0.2132,0.6712,1197005933
11,25331021,0.7172,0.1444,1197005934
11,25331022,0.4967,0.3039,1197005935
11,25331062,0.1012,0.9948,1197005975
11,25331185,0.681,0.1669,1197006098
11,25331191,0.7189,0.1433,1197006104
11,25331199,0.3633,0.4397,1197006112
11,25331201,1,-0,1197006114
11,25331203,0.4933,0.3069,1197006116
11,25331206,0.1201,0.9205,1197006119
11,25331208,0.4967,0.3039,1197006121
11,25331209,0.1176,0.9296,1197006122
11,25331213,0.6198,0.2077,1197006126
11,25331214,0.4933,0.3069,1197006127
11,25331218,0.6156,0.2107,1197006131
11,25331222,0.3896,0.4094,1197006135
11,25331233,0.5305,0.2753,1197006146
11,25331236,0.7136,0.1465,1197006149
11,25331237,0.8012,0.0963,1197006150
11,25331242,0.5305,0.2753,1197006155
11,25331245,1,-0,1197006158
11,25331247,1,-0,1197006160
11,25331254,0.6602,0.1803,1197006167
11,25331267,1,-0,1197006180
11,25331275,1,-0,1197006188
11,25331281,0.8335,0.0791,1197006194
11,25331288,0.61240000000000006,0.213,1197006201
11,25331289,0.1127,0.9481,1197006202
11,25331292,0.4865,0.3129,1197006205
11,25331308,0.497,0.3036,1197006221
11,25331309,1,-0,1197006222
11,25331310,0.1226,0.9115,1197006223
11,25331313,1,-0,1197006226
11,25331348,0.4894,0.3103,1197006261
11,25331366,1,-0,1197006279
11,25331402,1,-0,1197006315
11,25331403,1,-0,1197006316
11,25331414,0.4894,0.3103,1197006327
11,25331417,0.4894,0.3103,1197006330
11,25331420,0.07977,1.0982,1197006333
11,25331441,1,-0,1197006354
11,25331761,1,-0,1197006674
11,25331768,0.6085,0.2157,1197006681
11,25331773,0.5612,0.2509,1197006686
11,25331775,1,-0,1197006688
11,25331778,1,-0,1197006691
11,25331781,1,-0,1197006694
11,25331782,0.4894,0.3103,1197006695
11,25331783,0.4894,0.3103,1197006696
11,25331784,1,-0,1197006697
11,25331794,1,-0,1197006707
11,25331826,1,-0,1197006739
11,25331831,1,-0,1197006744
11,25331843,1,-0,1197006756
11,25331858,1,-0,1197006771
11,25486918,0.4872,0.3123,1197161831
11,25486924,1,-0,1197161837
11,25486939,0.5883,0.2304,1197161852
11,25486944,1,-0,1197161857
11,25486945,1,-0,1197161858
11,25486952,0.613,0.2125,1197161865
11,25486963,0.4971,0.3036,1197161876
11,25486965,1,-0,1197161878
11,25486967,0.2066,0.6849,1197161880
11,25486969,1,-0,1197161882
11,25486974,1,-0,1197161887
11,25486977,1,-0,1197161890
11,25486981,0.00637,2.1959,1197161894
11,25486983,0.4971,0.3036,1197161896
11,25486992,0.5933,0.2267,1197161905
11,25486994,0.2457,0.6096,1197161907
11,25486996,0.4971,0.3036,1197161909
11,25486999,0.07614,1.1184,1197161912
11,25487001,1,-0,1197161914
11,25487021,0.673,0.172,1197161934
11,25487105,1,-0,1197162018
11,25487111,0.4805,0.3183,1197162024
11,25487114,0.4669,0.3308,1197162027
11,25487115,0.4805,0.3183,1197162028
11,25487117,0.4975,0.3032,1197162030
11,25487119,0.4669,0.3308,1197162032
11,25487120,0.5222,0.2822,1197162033
11,25487123,0.3742,0.4269,1197162036
11,25487127,0.1184,0.9266,1197162040
11,25487129,0.4805,0.3183,1197162042
11,25487130,0.3514,0.4542,1197162043
11,25487133,0.2462,0.6087,1197162046
11,25487134,0.2462,0.6087,1197162047
11,25487140,0.7385,0.1316,1197162053
11,25487150,1,-0,1197162063
11,25487159,0.4805,0.3183,1197162072
11,25487164,1,-0,1197162077
11,25487170,1,-0,1197162083
11,25487172,1,-0,1197162085
11,25487181,1,-0,1197162094
11,25487182,0.7609,0.1187,1197162095
11,25487184,0.5703,0.2439,1197162097
11,25487199,0.4805,0.3183,1197162112
11,25487200,1,-0,1197162113
11,25487203,0.08866,1.0523,1197162116
11,25487204,0.2462,0.6087,1197162117
11,25487209,0.6082,0.216,1197162122
11,25487212,0.4805,0.3183,1197162125
11,25487214,0.3267,0.4859,1197162127
11,25487215,0.3514,0.4542,1197162128
11,25487217,0.0887,1.0521,1197162130
11,25487218,1,-0,1197162131
11,25487222,0.4805,0.3183,1197162135
11,25487228,0.4805,0.3183,1197162141
11,25487229,1,-0,1197162142
11,25516402,1,-0,1197191315
11,25516408,1,-0,1197191321
11,25516428,1,-0,1197191341
11,25516467,1,-0,1197191380
11,25516472,1,-0,1197191385
11,25516474,1,-0,1197191387
11,25516475,1,-0,1197191388
11,25516497,0.2454,0.6101,1197191410
11,25516711,1,-0,1197191624
11,25516720,0.2784,0.5553,1197191633
11,25516722,1,-0,1197191635
11,25516723,1,-0,1197191636
11,25516746,1,-0,1197191659
11,25516798,1,-0,1197191711
11,25516807,1,-0,1197191720
11,25590977,0.4969,0.3037,1197265890
11,25590979,1,-0,1197265892
11,25590992,0.4969,0.3037,1197265905
11,25590999,1,-0,1197265912
11,25591001,1,-0,1197265914
11,25591006,1,-0,1197265919
11,25591011,1,-0,1197265924
11,25591027,0.4969,0.3037,1197265940
11,25591034,0.6828,0.1657,1197265947
11,25591037,1,-0,1197265950
11,25591041,1,-0,1197265954
11,25591048,0.0587,1.2314,1197265961
11,25591062,0.3283,0.4837,1197265975
11,25591065,1,-0,1197265978
11,25591070,0.5219,0.2824,1197265983
11,25591079,1,-0,1197265992
11,25591086,1,-0,1197265999
11,25591087,1,-0,1197266000
11,25591248,1,-0,1197266161
11,25591261,1,-0,1197266174
11,25591265,0.3056,0.5148,1197266178
11,25591270,1,-0,1197266183
11,25591281,1,-0,1197266194
11,25591287,1,-0,1197266200
11,25591288,0.3502,0.4557,1197266201
11,25591294,1,-0,1197266207
11,25591300,0.7197,0.1428,1197266213
11,25591301,1,-0,1197266214
11,25591314,0.7445,0.1281,1197266227
11,25591323,0.8441,0.0736,1197266236
11,25591326,0.1204,0.9194,1197266239
11,25591330,1,-0,1197266243
11,25591331,1,-0,1197266244
11,25591335,1,-0,1197266248
11,25591349,1,-0,1197266262
11,25591351,0.3283,0.4837,1197266264
11,25591361,1,-0,1197266274
11,25591368,1,-0,1197266281
11,25591419,0.00891,2.0501,1197266332
11,25591423,1,-0,1197266336
11,25591429,1,-0,1197266342
11,25591435,0.4412,0.3554,1197266348
11,25591441,0.4353,0.3612,1197266354
11,25591442,1,-0,1197266355
11,25591449,0.8163,0.0882,1197266362
11,25591453,0.6104,0.2144,1197266366
11,25591458,0.3593,0.4445,1197266371
11,25591461,0.6104,0.2144,1197266374
11,25605580,1,-0,1197280493
11,25605581,0.4426,0.354,1197280494
11,25605582,1,-0,1197280495
11,25605583,0.4426,0.354,1197280496
11,25605586,1,-0,1197280499
11,25605595,0.6301,0.2006,1197280508
11,25605596,1,-0,1197280509
11,25605610,1,-0,1197280523
11,25605611,1,-0,1197280524
11,25605615,1,-0,1197280528
11,25605617,0.4426,0.354,1197280530
11,25605623,0.4426,0.354,1197280536
11,25605624,0.4426,0.354,1197280537
11,25605625,0.4426,0.354,1197280538
11,25605626,0.4426,0.354,1197280539
11,25605627,0.1672,0.7768,1197280540
11,25605629,1,-0,1197280542
11,25605632,0.09833,1.0073,1197280545
11,25605650,1,-0,1197280563
11,25605652,0.7195,0.143,1197280565
11,25605654,1,-0,1197280567
11,25605661,1,-0,1197280574
11,25605663,1,-0,1197280576
11,25605671,0.5057,0.2961,1197280584
11,25605694,0.7459,0.1273,1197280607
11,25605699,0.2453,0.6103,1197280612
11,25605919,0.7195,0.143,1197280832
11,25605922,0.1672,0.7768,1197280835
11,25605925,0.4969,0.3037,1197280838
11,25605942,1,-0,1197280855
11,25605945,1,-0,1197280858
11,25605956,1,-0,1197280869
11,25605957,0.4865,0.3129,1197280870
11,25605969,1,-0,1197280882
11,25605973,1,-0,1197280886
11,25605980,0.2318,0.6349,1197280893
11,25605983,1,-0,1197280896
11,25605986,0.4865,0.3129,1197280899
11,25605992,0.235,0.6289,1197280905
11,25605993,0.235,0.6289,1197280906
11,25606034,0.235,0.6289,1197280947
11,25644843,0.4969,0.3037,1197319756
11,25644847,0.7657,0.1159,1197319760
11,25644861,0.3673,0.435,1197319774
11,25644862,1,-0,1197319775
11,25644870,1,-0,1197319783
11,25644875,0.1096,0.9602,1197319788
11,25644879,0.2454,0.6101,1197319792
11,25644880,0.2454,0.6101,1197319793
11,25644890,1,-0,1197319803
11,25644891,0.7657,0.1159,1197319804
11,25644896,1,-0,1197319809
11,25644898,0.3293,0.4824,1197319811
11,25644899,0.4969,0.3037,1197319812
11,25644904,0.0587,1.2314,1197319817
11,25644930,0.4969,0.3037,1197319843
11,25644940,1,-0,1197319853
11,25644948,0.6816,0.1665,1197319861
11,25644950,1,-0,1197319863
11,25644951,1,-0,1197319864
11,25644952,1,-0,1197319865
11,25644957,1,-0,1197319870
11,25644958,1,-0,1197319871
11,25644960,0.4969,0.3037,1197319873
11,25644961,0.0587,1.2314,1197319874
11,25644969,1,-0,1197319882
11,25644971,1,-0,1197319884
11,25644973,0.4961,0.3044,1197319886
11,25645072,0.4969,0.3037,1197319985
11,25645075,1,-0,1197319988
11,25645077,0.4969,0.3037,1197319990
11,25645094,1,-0,1197320007
11,25645105,0.7228,0.141,1197320018
11,25645107,0.4969,0.3037,1197320020
11,25645122,1,-0,1197320035
11,25645131,0.2101,0.6776,1197320044
11,25645132,0.8359,0.0778,1197320045
11,25645137,0.2101,0.6776,1197320050
11,25645146,1,-0,1197320059
11,25645158,1,-0,1197320071
11,25645175,1,-0,1197320088
11,25645216,0.4286,0.3679,1197320129
11,25645228,1,-0,1197320141
11,25645239,1,-0,1197320152
11,25645246,1,-0,1197320159
11,25645250,1,-0,1197320163
11,25645254,1,-0,1197320167
11,25645271,1,-0,1197320184
11,25645725,1,-0,1197320638
11,25645729,1,-0,1197320642
11,25645737,1,-0,1197320650
11,25645746,1,-0,1197320659
11,25645755,0.3333,0.4772,1197320668
11,25645759,1,-0,1197320672
11,25645764,1,-0,1197320677
11,25645771,1,-0,1197320684
11,25645775,1,-0,1197320688
11,25645780,1,-0,1197320693
11,25651308,1,-0,1197326221
11,25651311,1,-0,1197326224
11,25651313,0.7186,0.1435,1197326226
11,25651314,0.1204,0.9194,1197326227
11,25651321,1,-0,1197326234
11,25651326,1,-0,1197326239
11,25651327,1,-0,1197326240
11,25651355,0.6816,0.1665,1197326268
11,25651376,1,-0,1197326289
11,25651391,1,-0,1197326304
11,25651392,0.4969,0.3037,1197326305
11,25651633,1,-0,1197326546
11,25651647,0.4872,0.3123,1197326560
11,25651652,0.1169,0.9322,1197326565
11,25651655,0.6204,0.2073,1197326568
11,25651656,1,-0,1197326569
11,25651659,1,-0,1197326572
11,25651664,1,-0,1197326577
11,25651667,1,-0,1197326580
11,25651692,0.7657,0.1159,1197326605
11,25651695,1,-0,1197326608
11,25651714,1,-0,1197326627
11,25651721,0.497,0.3036,1197326634
11,25651731,0.4938,0.3064,1197326644
11,25651736,1,-0,1197326649
11,25651737,1,-0,1197326650
11,25651743,0.4938,0.3064,1197326656
11,25651748,0.3674,0.4349,1197326661
11,25651755,0.6817,0.1664,1197326668
11,25651823,1,-0,1197326736
11,25651878,1,-0,1197326791
11,25651889,1,-0,1197326802
11,25651910,1,-0,1197326823
11,25736098,0.2453,0.6103,1197411011
11,25736105,0.7061,0.1511,1197411018
11,25736106,0.4964,0.3042,1197411019
11,25736107,1,-0,1197411020
11,25736109,1,-0,1197411022
11,25736111,0.4969,0.3037,1197411024
11,25736115,1,-0,1197411028
11,25736133,0.3671,0.4352,1197411046
11,25736134,1,-0,1197411047
11,25736135,0.3257,0.4872,1197411048
11,25736137,1,-0,1197411050
11,25736145,1,-0,1197411058
11,25736172,0.6202,0.2075,1197411085
11,25736175,1,-0,1197411088
11,25736178,1,-0,1197411091
11,25736183,1,-0,1197411096
11,25736184,1,-0,1197411097
11,25736194,1,-0,1197411107
11,25736198,0.5072,0.2948,1197411111
11,25736435,0.5294,0.2762,1197411348
11,25736444,0.4968,0.3038,1197411357
11,25736449,0.2421,0.616,1197411362
11,25736454,1,-0,1197411367
11,25736457,1,-0,1197411370
11,25736458,1,-0,1197411371
11,25736461,1,-0,1197411374
11,25736462,0.3642,0.4387,1197411375
11,25736465,0.2423,0.6156,1197411378
11,25736474,0.07764,1.1099,1197411387
11,25736475,0.4938,0.3064,1197411388
11,25736479,0.6797,0.1677,1197411392
11,25736480,0.2455,0.6099,1197411393
11,25736481,1,-0,1197411394
11,25736485,0.2423,0.6156,1197411398
11,25736486,0.7195,0.143,1197411399
11,25736493,0.8117,0.0906,1197411406
11,25736499,0.0635,1.1972,1197411412
11,25736504,0.3642,0.4387,1197411417
11,25736506,1,-0,1197411419
11,25736513,1,-0,1197411426
11,25736514,1,-0,1197411427
11,25736521,1,-0,1197411434
11,25736523,0.02788,1.5547,1197411436
11,25736524,0.3674,0.4349,1197411437
11,25736529,0.6202,0.2075,1197411442
11,25736533,1,-0,1197411446
11,25736534,1,-0,1197411447
11,25736535,0.2453,0.6103,1197411448
11,25736544,0.497,0.3036,1197411457
11,25736545,0.4938,0.3064,1197411458
11,25736551,0.6817,0.1664,1197411464
11,25736553,1,-0,1197411466
11,25736554,1,-0,1197411467
11,25736563,1,-0,1197411476
11,25736565,0.2094,0.679,1197411478
11,25736566,1,-0,1197411479
11,25736567,0.6201,0.2075,1197411480
11,25736568,0.7193,0.1431,1197411481
11,25741879,1,-0,1197416792
11,25742135,1,-0,1197417048
11,25742136,0.7197,0.1428,1197417049
11,25742144,1,-0,1197417057
11,25742147,1,-0,1197417060
11,25742149,0.4177,0.3791,1197417062
11,25742151,1,-0,1197417064
11,25742154,0.4969,0.3037,1197417067
11,25742170,1,-0,1197417083
11,25742175,0.6096,0.215,1197417088
11,25742176,0.6096,0.215,1197417089
11,25742186,0.4429,0.3537,1197417099
11,25742194,1,-0,1197417107
11,25742195,1,-0,1197417108
11,25742201,0.3673,0.435,1197417114
11,25742208,1,-0,1197417121
11,25742210,1,-0,1197417123
11,25742214,1,-0,1197417127
11,25742220,1,-0,1197417133
11,25742227,1,-0,1197417140
11,25742228,1,-0,1197417141
11,25742230,0.4308,0.3657,1197417143
11,25742233,1,-0,1197417146
11,25742236,1,-0,1197417149
11,25742240,1,-0,1197417153
11,25742245,1,-0,1197417158
11,25742252,1,-0,1197417165
11,25742259,1,-0,1197417172
11,25742264,0.321,0.4935,1197417177
11,25756797,0.4571,0.34,1197431710
11,25756799,0.07803,1.1077,1197431712
11,25756800,1,-0,1197431713
11,25756819,0.5001,0.3009,1197431732
11,25756821,0.3449,0.4623,1197431734
11,25756823,0.6601,0.1804,1197431736
11,25756839,0.5925,0.2273,1197431752
11,25756875,0.1013,0.9944,1197431788
11,25756886,0.2085,0.6809,1197431799
11,25756896,1,-0,1197431809
11,25756910,0.2072,0.6836,1197431823
11,25756920,1,-0,1197431833
11,25756986,0.4627,0.3347,1197431899
11,25756994,0.4627,0.3347,1197431907
11,25757022,0.4627,0.3347,1197431935
11,25757034,0.3248,0.4884,1197431947
11,25757052,1,-0,1197431965
11,25757060,0.499,0.3019,1197431973
11,25757068,0.5115,0.2912,1197431981
11,25757070,0.5015,0.2997,1197431983
11,25757072,0.5877,0.2308,1197431985
11,25757078,0.343,0.4647,1197431991
11,25757090,0.2232,0.6513,1197432003
11,25757105,0.5002,0.3009,1197432018
11,25757140,1,-0,1197432053
11,25757166,0.4933,0.3069,1197432079
11,25757206,0.4933,0.3069,1197432119
11,25757207,0.4933,0.3069,1197432120
11,25757248,0.2417,0.6167,1197432161
11,25757513,1,-0,1197432426
11,25757517,0.6174,0.2094,1197432430
11,25757518,1,-0,1197432431
11,25757525,0.2417,0.6167,1197432438
11,25757536,0.4933,0.3069,1197432449
11,25757552,1,-0,1197432465
11,25757555,0.006119,2.2133,1197432468
11,25757579,1,-0,1197432492
11,25757580,1,-0,1197432493
11,25757585,0.6697,0.1741,1197432498
11,25757589,0.2417,0.6167,1197432502
11,25757594,1,-0,1197432507
11,25757595,0.4389,0.3576,1197432508
11,25757596,0.2417,0.6167,1197432509
11,25757615,1,-0,1197432528
11,25757616,0.4933,0.3069,1197432529
11,25757619,0.2417,0.6167,1197432532
11,25757627,0.3633,0.4397,1197432540
11,25757634,0.4967,0.3039,1197432547
11,25757644,1,-0,1197432557
11,25757646,1,-0,1197432559
11,25936894,1,-0,1197611807
11,25936899,1,-0,1197611812
11,25936907,0.2455,0.6099,1197611820
11,25936908,0.4938,0.3064,1197611821
11,25936910,1,-0,1197611823
11,25936911,0.05924,1.2274,1197611824
11,25936913,1,-0,1197611826
11,25936915,0.497,0.3036,1197611828
11,25936916,0.497,0.3036,1197611829
11,25936920,0.4938,0.3064,1197611833
11,25936941,0.2423,0.6156,1197611854
11,25936947,1,-0,1197611860
11,25936953,0.05874,1.2311,1197611866
11,25936957,1,-0,1197611870
11,25936958,1,-0,1197611871
11,25936959,0.277,0.5575,1197611872
11,25936978,0.497,0.3036,1197611891
11,25936988,1,-0,1197611901
11,25936997,1,-0,1197611910
11,25937002,1,-0,1197611915
11,25937008,0.2615,0.5825,1197611921
11,25937010,1,-0,1197611923
11,25937012,0.5662,0.247,1197611925
11,25937014,1,-0,1197611927
11,25937017,0.5651,0.2479,1197611930
11,25937018,0.2423,0.6156,1197611931
11,25937187,0.4875,0.312,1197612100
11,25937191,1,-0,1197612104
11,25937195,0.1136,0.9446,1197612108
11,25937204,0.5014,0.2998,1197612117
11,25937205,0.4875,0.312,1197612118
11,25937209,0.4437,0.3529,1197612122
11,25937211,0.5204,0.2837,1197612124
11,25937215,0.4343,0.3622,1197612128
11,25937231,1,-0,1197612144
11,25937236,0.5316,0.2744,1197612149
11,25937237,1,-0,1197612150
11,25937242,1,-0,1197612155
11,25937250,0.4938,0.3064,1197612163
11,25937253,1,-0,1197612166
11,25937258,1,-0,1197612171
11,25937279,1,-0,1197612192
11,25937285,0.2738,0.5626,1197612198
11,25937293,1,-0,1197612206
11,25937298,0.3465,0.4603,1197612211
11,25937300,0.2643,0.5779,1197612213
11,25937302,1,-0,1197612215
11,25937304,1,-0,1197612217
11,25937309,0.2102,0.6774,1197612222
11,25937319,0.6204,0.2073,1197612232
11,25960662,0.2407,0.6185,1197635575
11,25960669,0.4925,0.3076,1197635582
11,25960691,0.6165,0.2101,1197635604
11,25960693,0.2407,0.6185,1197635606
11,25960698,0.6165,0.2101,1197635611
11,25960701,0.4964,0.3042,1197635614
11,25960733,0.7894,0.1027,1197635646
11,25960744,1,-0,1197635657
11,25960747,0.4925,0.3076,1197635660
11,25960756,1,-0,1197635669
11,25960757,1,-0,1197635670
11,25960760,0.2392,0.6212,1197635673
11,25960763,0.4371,0.3594,1197635676
11,25960765,0.4964,0.3042,1197635678
11,25960766,0.2407,0.6185,1197635679
11,25960778,0.2407,0.6185,1197635691
11,25960936,0.1452,0.838,1197635849
11,25960955,0.4371,0.3594,1197635868
11,25960967,1,-0,1197635880
11,25960974,0.2084,0.6811,1197635887
11,25960975,0.4964,0.3042,1197635888
11,25960978,0.4964,0.3042,1197635891
11,25960984,0.1195,0.9226,1197635897
11,25960985,0.1539,0.8128,1197635898
11,25960988,0.1167,0.9329,1197635901
11,25960999,0.3213,0.4931,1197635912
11,25961001,0.6791,0.1681,1197635914
11,25961005,0.4754,0.3229,1197635918
11,25961043,0.2443,0.6121,1197635956
11,25961051,1,-0,1197635964
11,25961053,0.1167,0.9329,1197635966
11,25961067,1,-0,1197635980
11,25961074,0.497,0.3036,1197635987
11,25961080,1,-0,1197635993
11,25961082,0.1206,0.9187,1197635995
11,25961090,0.4868,0.3126,1197636003
11,25961101,1,-0,1197636014
11,25961113,0.03053,1.5153,1197636026
11,25961120,0.05383,1.269,1197636033
11,25961124,1,-0,1197636037
11,25961134,0.6974,0.1565,1197636047
11,25961191,0.7409,0.1302,1197636104
11,25961199,1,-0,1197636112
11,25961208,0.2354,0.6282,1197636121
11,25961209,0.6127,0.2128,1197636122
11,25961356,0.5259,0.2791,1197636269
11,25961357,0.497,0.3036,1197636270
11,25961377,0.4933,0.3069,1197636290
11,25961380,1,-0,1197636293
11,25961388,0.4868,0.3126,1197636301
11,25961402,0.4868,0.3126,1197636315
11,25961406,0.497,0.3036,1197636319
11,25961411,1,-0,1197636324
11,25961420,0.4868,0.3126,1197636333
11,25961422,0.1637,0.786,1197636335
11,25961442,0.6127,0.2128,1197636355
11,25961447,0.1096,0.9602,1197636360
11,25961456,0.113,0.9469,1197636369
11,26332852,1,-0,1198007765
11,26332858,0.3056,0.5148,1198007771
11,26332860,1,-0,1198007773
11,26332861,1,-0,1198007774
11,26332863,1,-0,1198007776
11,26332866,1,-0,1198007779
11,26332881,1,-0,1198007794
11,26332889,1,-0,1198007802
11,26332903,0.2454,0.6101,1198007816
11,26332906,1,-0,1198007819
11,26332915,0.5858,0.2323,1198007828
11,26332924,1,-0,1198007837
11,26332927,0.4969,0.3037,1198007840
11,26332940,1,-0,1198007853
11,26332950,1,-0,1198007863
11,26333205,0.5345,0.2721,1198008118
11,26333209,1,-0,1198008122
11,26333216,1,-0,1198008129
11,26333217,1,-0,1198008130
11,26333220,0.4938,0.3064,1198008133
11,26333222,0.4938,0.3064,1198008135
11,26333234,1,-0,1198008147
11,26333240,1,-0,1198008153
11,26333242,1,-0,1198008155
11,26333246,0.2454,0.6101,1198008159
11,26333253,0.4969,0.3037,1198008166
11,26333255,0.4969,0.3037,1198008168
11,26333262,1,-0,1198008175
11,26333263,1,-0,1198008176
11,26333264,1,-0,1198008177
11,26333279,1,-0,1198008192
11,26333280,1,-0,1198008193
11,26333281,1,-0,1198008194
11,26333291,1,-0,1198008204
11,26333303,1,-0,1198008216
11,26333312,0.2454,0.6101,1198008225
11,26333315,1,-0,1198008228
11,26333318,0.6204,0.2073,1198008231
11,26333322,1,-0,1198008235
11,26333326,0.2454,0.6101,1198008239
11,26350118,0.1204,0.9194,1198025031
11,26350128,0.0587,1.2314,1198025041
11,26350137,0.8654,0.0628,1198025050
11,26350146,1,-0,1198025059
11,26350153,1,-0,1198025066
11,26350161,1,-0,1198025074
11,26350163,0.6204,0.2073,1198025076
11,26350169,0.5341,0.2724,1198025082
11,26350175,1,-0,1198025088
11,26350176,1,-0,1198025089
11,26350179,1,-0,1198025092
11,26350182,1,-0,1198025095
11,26350183,1,-0,1198025096
11,26350185,0.4426,0.354,1198025098
11,26350186,1,-0,1198025099
11,26350187,1,-0,1198025100
11,26350191,0.4969,0.3037,1198025104
11,26350193,1,-0,1198025106
11,26350195,0.2056,0.687,1198025108
11,26350197,0.5649,0.248,1198025110
11,26350201,1,-0,1198025114
11,26350202,1,-0,1198025115
11,26350204,0.3457,0.4613,1198025117
11,26350211,1,-0,1198025124
11,26350224,1,-0,1198025137
11,26350225,0.4938,0.3064,1198025138
11,26350233,1,-0,1198025146
11,26350340,1,-0,1198025253
11,26350355,1,-0,1198025268
11,26350379,0.4969,0.3037,1198025292
11,26350393,1,-0,1198025306
11,26350405,1,-0,1198025318
11,26350406,1,-0,1198025319
11,26350430,1,-0,1198025343
11,26350432,1,-0,1198025345
11,26350436,1,-0,1198025349
11,26350440,0.6204,0.2073,1198025353
11,26350448,0.1605,0.7945,1198025361
11,26350449,1,-0,1198025362
11,26350459,0.3293,0.4824,1198025372
11,26350461,0.8693,0.0608,1198025374
11,26350462,0.4969,0.3037,1198025375
11,26350487,0.01499,1.8242,1198025400
11,26350503,0.4762,0.3222,1198025416
11,26350509,0.45,0.3468,1198025422
11,26350517,0.4762,0.3222,1198025430
11,26350518,0.04502,1.3466,1198025431
11,26350526,0.4815,0.3174,1198025439
11,26350531,0.7359,0.1332,1198025444
11,26350534,1,-0,1198025447
11,26350536,0.703,0.153,1198025449
11,26350537,0.7265,0.1388,1198025450
11,26350541,0.4909,0.309,1198025454
11,26350551,1,-0,1198025464
11,26350572,1,-0,1198025485
11,26350578,1,-0,1198025491
11,26350580,0.05188,1.285,1198025493
11,26350603,0.4126,0.3845,1198025516
11,26350616,1,-0,1198025529
11,26350627,1,-0,1198025540
11,26350630,0.6702,0.1738,1198025543
11,26350642,1,-0,1198025555
11,26350645,1,-0,1198025558
11,26350656,1,-0,1198025569
11,26350665,1,-0,1198025578
11,26408582,1,-0,1198083495
11,26408583,0.5605,0.2514,1198083496
11,26408584,1,-0,1198083497
11,26408586,1,-0,1198083499
11,26408588,0.7194,0.143,1198083501
11,26408589,0.4935,0.3067,1198083502
11,26408591,0.5339,0.2725,1198083504
11,26408594,1,-0,1198083507
11,26408602,1,-0,1198083515
11,26408603,0.6793,0.1679,1198083516
11,26408606,1,-0,1198083519
11,26408607,0.4935,0.3067,1198083520
11,26408619,0.4935,0.3067,1198083532
11,26408624,1,-0,1198083537
11,26408625,1,-0,1198083538
11,26408628,0.5164,0.287,1198083541
11,26408638,0.4935,0.3067,1198083551
11,26408645,1,-0,1198083558
11,26408648,0.4935,0.3067,1198083561
11,26408654,1,-0,1198083567
11,26408656,0.8675,0.0617,1198083569
11,26408660,0.1035,0.9851,1198083573
11,26408661,0.7191,0.1432,1198083574
11,26408667,1,-0,1198083580
11,26408671,0.7454,0.1276,1198083584
11,26408674,1,-0,1198083587
11,26408681,0.4935,0.3067,1198083594
11,26408699,1,-0,1198083612
11,26408702,0.4935,0.3067,1198083615
11,26408704,0.6113,0.2137,1198083617
11,26408710,0.7194,0.143,1198083623
11,26408712,1,-0,1198083625
11,26408791,0.2231,0.6515,1198083704
11,26408793,0.7199,0.1427,1198083706
11,26408796,0.4432,0.3534,1198083709
11,26408805,1,-0,1198083718
11,26408808,1,-0,1198083721
11,26408817,1,-0,1198083730
11,26408818,0.4967,0.3039,1198083731
11,26408819,1,-0,1198083732
11,26408825,1,-0,1198083738
11,26408828,0.5052,0.2965,1198083741
11,26408829,1,-0,1198083742
11,26408831,0.6782,0.1686,1198083744
11,26408833,0.6812,0.1667,1198083746
11,26408837,1,-0,1198083750
11,26408838,0.5024,0.299,1198083751
11,26408840,1,-0,1198083753
11,26408848,0.811,0.091,1198083761
11,26408851,0.2452,0.6105,1198083764
11,26408855,0.2452,0.6105,1198083768
11,26408862,1,-0,1198083775
11,26408863,1,-0,1198083776
11,26408864,1,-0,1198083777
11,26408869,1,-0,1198083782
11,26408878,0.4935,0.3067,1198083791
11,26408880,1,-0,1198083793
11,26408881,1,-0,1198083794
11,26408890,0.6176,0.2093,1198083803
11,26408895,1,-0,1198083808
11,26408896,0.2098,0.6782,1198083809
11,26408900,0.4968,0.3038,1198083813
11,26408902,1,-0,1198083815
11,26408912,1,-0,1198083825
11,26697788,0.1334,0.8748,1198372701
11,26697789,1,-0,1198372702
11,26697806,1,-0,1198372719
11,26697807,1,-0,1198372720
11,26697809,1,-0,1198372722
11,26697812,1,-0,1198372725
11,26697813,1,-0,1198372726
11,26697814,0.2497,0.6026,1198372727
11,26697830,0.4969,0.3037,1198372743
11,26697831,1,-0,1198372744
11,26697836,1,-0,1198372749
11,26697837,0.4969,0.3037,1198372750
11,26697838,0.4969,0.3037,1198372751
11,26697877,1,-0,1198372790
11,26697883,0.4969,0.3037,1198372796
11,26697886,0.6204,0.2073,1198372799
11,26697889,1,-0,1198372802
11,26697891,1,-0,1198372804
11,26697895,1,-0,1198372808
11,26697897,1,-0,1198372810
11,26698069,0.2391,0.6214,1198372982
11,26698094,1,-0,1198373007
11,26698103,1,-0,1198373016
11,26698136,1,-0,1198373049
11,26698138,1,-0,1198373051
11,26698194,1,-0,1198373107
11,26838140,1,-0,1198513053
11,26838151,1,-0,1198513064
11,26838156,0.4898,0.31,1198513069
11,26838186,0.4947,0.3057,1198513099
11,26838190,0.3918,0.4069,1198513103
11,26838212,0.6183,0.2088,1198513125
11,26838223,0.062330000000000003,1.2053,1198513136
11,26838229,1,-0,1198513142
11,26838254,1,-0,1198513167
11,26838256,1,-0,1198513169
11,26838260,1,-0,1198513173
11,26838262,0.4898,0.31,1198513175
11,26838270,0.2095,0.6788,1198513183
11,26838273,1,-0,1198513186
11,26838274,0.636,0.1965,1198513187
11,26838276,1,-0,1198513189
11,26838280,0.4894,0.3103,1198513193
11,26838286,0.4466,0.3501,1198513199
11,26838322,0.4963,0.3043,1198513235
11,26838335,0.4965,0.3041,1198513248
11,26838345,1,-0,1198513258
11,26838360,0.6997,0.1551,1198513273
11,26838387,0.67490000000000006,0.1708,1198513300
11,26838388,0.5869,0.2314,1198513301
11,26838402,0.4928,0.3073,1198513315
11,26838406,0.1534,0.8142,1198513319
11,26838422,1,-0,1198513335
11,26838423,0.8458,0.0727,1198513336
11,26838439,0.241,0.618,1198513352
11,26838657,0.2599,0.5852,1198513570
11,26838665,1,-0,1198513578
11,26838667,0.1195,0.9226,1198513580
11,26838670,0.6194,0.208,1198513583
11,26838684,1,-0,1198513597
11,26838685,1,-0,1198513598
11,26838695,0.4963,0.3043,1198513608
11,26838708,1,-0,1198513621
11,26838720,1,-0,1198513633
11,26838736,0.4865,0.3129,1198513649
11,26838750,0.2444,0.6119,1198513663
11,26838755,1,-0,1198513668
11,26838767,0.4963,0.3043,1198513680
11,26838772,0.1195,0.9226,1198513685
11,26838785,0.1195,0.9226,1198513698
11,26838787,0.6804,0.1672,1198513700
11,26838788,1,-0,1198513701
11,26838816,1,-0,1198513729
11,26838844,0.2756,0.5597,1198513757
11,26838848,0.4667,0.331,1198513761
11,26838852,0.4667,0.331,1198513765
11,26838857,0.4667,0.331,1198513770
11,26838903,1,-0,1198513816
11,26853316,1,-0,1198528229
11,26853328,0.3639,0.439,1198528241
11,26853338,1,-0,1198528251
11,26853339,1,-0,1198528252
11,26853340,1,-0,1198528253
11,26853350,1,-0,1198528263
11,26853365,0.49370000000000003,0.3065,1198528278
11,26853368,0.49370000000000003,0.3065,1198528281
11,26853384,1,-0,1198528297
11,26853394,1,-0,1198528307
11,26853416,0.49370000000000003,0.3065,1198528329
11,26853420,0.49370000000000003,0.3065,1198528333
11,26853425,0.8606,0.0652,1198528338
11,26853428,0.4396,0.3569,1198528341
11,26853429,0.6263,0.2032,1198528342
11,26853440,0.49370000000000003,0.3065,1198528353
11,26853441,0.6178,0.2092,1198528354
11,26853696,0.235,0.6289,1198528609
11,26853698,1,-0,1198528611
11,26853701,0.4795,0.3192,1198528614
11,26853705,0.49370000000000003,0.3065,1198528618
11,26853708,0.8544,0.0683,1198528621
11,26853711,0.49370000000000003,0.3065,1198528624
11,26853725,1,-0,1198528638
11,26853729,1,-0,1198528642
11,26853730,0.4968,0.3038,1198528643
11,26853738,0.3683,0.4338,1198528651
11,26853740,0.7062,0.1511,1198528653
11,26853744,0.4969,0.3037,1198528657
11,26853751,0.49370000000000003,0.3065,1198528664
11,26853759,0.5314,0.2746,1198528672
11,26853762,0.49370000000000003,0.3065,1198528675
11,26853765,1,-0,1198528678
11,26853766,0.3657,0.4369,1198528679
11,26853770,0.6178,0.2092,1198528683
11,26853771,0.49370000000000003,0.3065,1198528684
11,26853776,0.6383,0.195,1198528689
11,26853780,0.5314,0.2746,1198528693
11,26853785,1,-0,1198528698
11,26853789,1,-0,1198528702
11,26853791,0.49370000000000003,0.3065,1198528704
11,26853799,1,-0,1198528712
11,26853801,1,-0,1198528714
11,26853805,1,-0,1198528718
11,26853806,0.3149,0.5018,1198528719
11,26853821,0.6178,0.2092,1198528734
11,26853823,0.49370000000000003,0.3065,1198528736
11,26853824,1,-0,1198528737
11,26882958,1,-0,1198557871
11,26882984,0.5082,0.294,1198557897
11,26882997,1,-0,1198557910
11,26883007,1,-0,1198557920
11,26883044,0.4969,0.3037,1198557957
11,26883053,1,-0,1198557966
11,26883074,1,-0,1198557987
11,26883329,1,-0,1198558242
11,26883331,1,-0,1198558244
11,26883340,1,-0,1198558253
11,26883353,0.8193,0.0866,1198558266
11,26883358,1,-0,1198558271
11,26883363,0.6096,0.215,1198558276
11,26883364,0.812,0.0904,1198558277
11,26883369,1,-0,1198558282
11,26883373,0.7197,0.1428,1198558286
11,26883375,0.4749,0.3234,1198558288
11,26883376,1,-0,1198558289
11,26883381,1,-0,1198558294
11,26883382,1,-0,1198558295
11,26883403,1,-0,1198558316
11,26883405,1,-0,1198558318
11,26883409,1,-0,1198558322
11,26883443,1,-0,1198558356
11,26883446,1,-0,1198558359
11,26883458,0.4969,0.3037,1198558371
11,26883459,1,-0,1198558372
11,26883463,0.781,0.1073,1198558376
11,26894295,0.4971,0.3036,1198569208
11,26894300,1,-0,1198569213
11,26894321,0.4872,0.3123,1198569234
11,26894323,0.613,0.2125,1198569236
11,26894333,0.4872,0.3123,1198569246
11,26894338,0.4872,0.3123,1198569251
11,26894353,0.4971,0.3036,1198569266
11,26894369,1,-0,1198569282
11,26894373,1,-0,1198569286
11,26894383,1,-0,1198569296
11,26894396,0.2357,0.6276,1198569309
11,26894406,0.4872,0.3123,1198569319
11,26894599,0.613,0.2125,1198569512
11,26894608,0.3189,0.4963,1198569521
11,26894614,0.4872,0.3123,1198569527
11,26894622,0.613,0.2125,1198569535
11,26894624,0.2357,0.6276,1198569537
11,26894625,0.4971,0.3036,1198569538
11,26894638,0.4971,0.3036,1198569551
11,26894639,1,-0,1198569552
11,26894643,1,-0,1198569556
11,26894657,1,-0,1198569570
11,26894671,0.6206,0.2072,1198569584
11,26894677,1,-0,1198569590
11,26894680,1,-0,1198569593
11,26894681,1,-0,1198569594
11,26894684,0.6812,0.1667,1198569597
11,26894687,0.4971,0.3036,1198569600
11,26894694,1,-0,1198569607
11,26894703,0.3938,0.4047,1198569616
11,26894713,1,-0,1198569626
11,26894714,0.7791,0.1084,1198569627
11,26894717,1,-0,1198569630
11,26948745,0.4762,0.3222,1198623658
11,26948749,0.2603,0.5845,1198623662
11,26948751,1,-0,1198623664
11,26948752,0.4762,0.3222,1198623665
11,26948756,1,-0,1198623669
11,26948757,1,-0,1198623670
11,26948760,1,-0,1198623673
11,26948761,1,-0,1198623674
11,26948762,0.4949,0.3055,1198623675
11,26948763,1,-0,1198623676
11,26948764,0.4634,0.334,1198623677
11,26948868,1,-0,1198623781
11,26948934,1,-0,1198623847
11,26948961,1,-0,1198623874
11,26949248,0.4969,0.3037,1198624161
11,26949267,0.4969,0.3037,1198624180
11,26949269,1,-0,1198624182
11,26949270,1,-0,1198624183
11,26949273,1,-0,1198624186
11,26949281,1,-0,1198624194
11,26949292,1,-0,1198624205
11,26949294,1,-0,1198624207
11,26949295,1,-0,1198624208
11,26949297,1,-0,1198624210
11,26949302,1,-0,1198624215
11,26949325,1,-0,1198624238
11,26949366,0.2454,0.6101,1198624279
11,26949369,1,-0,1198624282
11,26949377,0.4969,0.3037,1198624290
11,27237982,0.4938,0.3064,1198912895
11,27238411,1,-0,1198913324
11,27238412,1,-0,1198913325
11,27238417,0.4969,0.3037,1198913330
11,27238418,0.2107,0.6763,1198913331
11,27238423,1,-0,1198913336
11,27238445,0.2738,0.5626,1198913358
11,27238453,1,-0,1198913366
11,27238454,1,-0,1198913367
11,27238465,1,-0,1198913378
11,27238470,0.8023,0.0957,1198913383
11,27238472,0.497,0.3036,1198913385
11,27238487,1,-0,1198913400
11,27238494,0.497,0.3036,1198913407
11,27238496,0.8245,0.0838,1198913409
11,27238499,0.4938,0.3064,1198913412
11,27238506,0.4938,0.3064,1198913419
11,27238508,1,-0,1198913421
11,27288329,0.1144,0.9416,1198963242
11,27288336,0.7769,0.1096,1198963249
11,27288337,0.6028,0.2198,1198963250
11,27288338,0.6226,0.2058,1198963251
11,27288339,0.6178,0.2092,1198963252
11,27288345,0.2452,0.6105,1198963258
11,27288350,1,-0,1198963263
11,27288351,0.49370000000000003,0.3065,1198963264
11,27288355,0.2357,0.6276,1198963268
11,27288358,0.3576,0.4466,1198963271
11,27288362,1,-0,1198963275
11,27288364,1,-0,1198963277
11,27288365,0.49370000000000003,0.3065,1198963278
11,27288368,0.4935,0.3067,1198963281
11,27288369,1,-0,1198963282
11,27288370,0.4969,0.3037,1198963283
11,27288371,0.49370000000000003,0.3065,1198963284
11,27288372,0.49370000000000003,0.3065,1198963285
11,27288384,0.4969,0.3037,1198963297
11,27288391,0.49370000000000003,0.3065,1198963304
11,27288395,1,-0,1198963308
11,27288396,0.6178,0.2092,1198963309
11,27288397,0.2421,0.616,1198963310
11,27288398,1,-0,1198963311
11,27288399,0.21,0.6778,1198963312
11,27288400,1,-0,1198963313
11,27288403,0.4872,0.3123,1198963316
11,27288407,0.2557,0.5923,1198963320
11,27288411,0.4427,0.3539,1198963324
11,27288422,0.4969,0.3037,1198963335
11,27288423,0.1144,0.9416,1198963336
11,27288425,0.2421,0.616,1198963338
11,27288427,0.49370000000000003,0.3065,1198963340
11,27288433,1,-0,1198963346
11,27288448,1,-0,1198963361
11,27288512,1,-0,1198963425
11,27288513,1,-0,1198963426
11,27288520,1,-0,1198963433
11,27288526,1,-0,1198963439
11,27288529,0.4968,0.3038,1198963442
11,27288544,1,-0,1198963457
11,27288552,0.4935,0.3067,1198963465
11,27288560,1,-0,1198963473
11,27288564,1,-0,1198963477
11,27288569,0.2293,0.6396,1198963482
11,27288572,0.4805,0.3183,1198963485
11,27288579,1,-0,1198963492
11,27288616,1,-0,1198963529
11,27288644,1,-0,1198963557
11,27427436,0.1603,0.7951,1199102349
11,27427437,0.49370000000000003,0.3065,1199102350
11,27427442,0.2827,0.5487,1199102355
11,27427448,1,-0,1199102361
11,27427449,1,-0,1199102362
11,27427455,0.2069,0.6842,1199102368
11,27427459,0.49370000000000003,0.3065,1199102372
11,27427462,1,-0,1199102375
11,27427466,1,-0,1199102379
11,27427467,0.6178,0.2092,1199102380
11,27427470,0.06186,1.2086,1199102383
11,27427499,1,-0,1199102412
11,27427500,1,-0,1199102413
11,27427506,0.6795,0.1678,1199102419
11,27427533,0.49370000000000003,0.3065,1199102446
11,27427540,0.49370000000000003,0.3065,1199102453
11,27427545,0.2421,0.616,1199102458
11,27427547,1,-0,1199102460
11,27427553,1,-0,1199102466
11,27427554,1,-0,1199102467
11,27427557,1,-0,1199102470
11,27427628,0.7029,0.15310000000000001,1199102541
11,27427631,1,-0,1199102544
11,27427638,1,-0,1199102551
11,27427640,1,-0,1199102553
11,27427652,0.4968,0.3038,1199102565
11,27427656,0.4968,0.3038,1199102569
11,27427658,0.4968,0.3038,1199102571
11,27427662,1,-0,1199102575
11,27427667,0.1717,0.7652,1199102580
11,27427672,0.04792,1.3195,1199102585
11,27427673,1,-0,1199102586
11,27427678,1,-0,1199102591
11,27427679,0.04792,1.3195,1199102592
11,27427680,1,-0,1199102593
11,27427683,0.49370000000000003,0.3065,1199102596
11,27427696,0.2845,0.5459,1199102609
11,27427697,1,-0,1199102610
11,27427698,0.0485,1.3143,1199102611
11,27427706,1,-0,1199102619
11,27427707,0.49370000000000003,0.3065,1199102620
11,27427722,0.2421,0.616,1199102635
11,27427726,1,-0,1199102639
11,27427735,1,-0,1199102648
11,27427742,0.6178,0.2092,1199102655
11,27427746,1,-0,1199102659
11,27427749,0.49370000000000003,0.3065,1199102662
11,27427757,1,-0,1199102670
11,27606511,0.4938,0.3064,1199281424
11,27606531,0.497,0.3036,1199281444
11,27606533,1,-0,1199281446
11,27606540,0.4938,0.3064,1199281453
11,27606555,0.4938,0.3064,1199281468
11,27606558,1,-0,1199281471
11,27606559,0.4938,0.3064,1199281472
11,27606560,0.01718,1.765,1199281473
11,27606565,1,-0,1199281478
11,27606573,1,-0,1199281486
11,27606598,0.8189,0.0868,1199281511
11,27606601,1,-0,1199281514
11,27606602,1,-0,1199281515
11,27606618,1,-0,1199281531
11,27606622,1,-0,1199281535
11,27606869,1,-0,1199281782
11,27606871,1,-0,1199281784
11,27606879,1,-0,1199281792
11,27606881,0.4938,0.3064,1199281794
11,27606887,1,-0,1199281800
11,27606893,0.7177,0.1441,1199281806
11,27606894,0.8191,0.0867,1199281807
11,27606897,1,-0,1199281810
11,27606907,0.1181,0.9278,1199281820
11,27606908,0.7179,0.1439,1199281821
11,27606921,0.1181,0.9278,1199281834
11,27606925,1,-0,1199281838
11,27606934,0.2423,0.6156,1199281847
11,27606959,1,-0,1199281872
11,27606972,1,-0,1199281885
11,27606985,0.2423,0.6156,1199281898
11,27613486,0.4969,0.3037,1199288399
11,27613495,1,-0,1199288408
11,27613499,1,-0,1199288412
11,27613506,1,-0,1199288419
11,27613507,1,-0,1199288420
11,27613508,0.6204,0.2073,1199288421
11,27613526,1,-0,1199288439
11,27613529,1,-0,1199288442
11,27613533,0.3673,0.435,1199288446
11,27613537,1,-0,1199288450
11,27613559,0.3673,0.435,1199288472
11,27613562,0.4969,0.3037,1199288475
11,27613563,0.3673,0.435,1199288476
11,27613564,1,-0,1199288477
11,27613568,1,-0,1199288481
11,27613571,0.3712,0.4304,1199288484
11,27613585,1,-0,1199288498
11,27613586,0.4779,0.3207,1199288499
11,27613594,0.4954,0.305,1199288507
11,27613756,1,-0,1199288669
11,27613763,0.4969,0.3037,1199288676
11,27613807,1,-0,1199288720
11,27613871,0.7519,0.1238,1199288784
11,27620458,0.8245,0.0838,1199295371
11,27620477,0.4938,0.3064,1199295390
11,27620492,1,-0,1199295405
11,27620499,0.618,0.209,1199295412
11,27620509,0.4938,0.3064,1199295422
11,27620511,0.2423,0.6156,1199295424
11,27620522,0.618,0.209,1199295435
11,27620525,1,-0,1199295438
11,27620528,0.5651,0.2479,1199295441
11,27620531,0.497,0.3036,1199295444
11,27620535,0.4938,0.3064,1199295448
11,27620537,0.497,0.3036,1199295450
11,27620551,1,-0,1199295464
11,27620553,1,-0,1199295466
11,27620554,0.2423,0.6156,1199295467
11,27620560,1,-0,1199295473
11,27620583,1,-0,1199295496
11,27620669,0.618,0.209,1199295582
11,27620672,1,-0,1199295585
11,27620673,0.497,0.3036,1199295586
11,27620685,0.497,0.3036,1199295598
11,27620695,1,-0,1199295608
11,27620713,0.2102,0.6774,1199295626
11,27620735,0.618,0.209,1199295648
11,27620736,0.3285,0.4835,1199295649
11,27620738,0.497,0.3036,1199295651
11,27620744,0.4938,0.3064,1199295657
11,27620751,1,-0,1199295664
11,27620765,0.497,0.3036,1199295678
11,27620771,0.2423,0.6156,1199295684
11,27620778,0.2423,0.6156,1199295691
11,27620781,0.497,0.3036,1199295694
11,27620787,1,-0,1199295700
11,27620791,0.618,0.209,1199295704
11,27620798,0.6204,0.2073,1199295711
11,27643320,1,-0,1199318233
11,27643322,1,-0,1199318235
11,27643395,1,-0,1199318308
11,27643435,0.4969,0.3037,1199318348
11,27643579,1,-0,1199318492
11,27643580,0.4954,0.305,1199318493
11,27643583,1,-0,1199318496
11,27643596,1,-0,1199318509
11,27643614,1,-0,1199318527
11,27643616,1,-0,1199318529
11,27643621,1,-0,1199318534
11,27643636,0.1058,0.9755,1199318549
11,27643637,0.1096,0.9602,1199318550
11,27643646,1,-0,1199318559
11,27643647,0.5918,0.2278,1199318560
11,27643655,1,-0,1199318568
11,27643656,1,-0,1199318569
11,27643657,0.4954,0.305,1199318570
11,27643667,0.4969,0.3037,1199318580
11,27643669,0.247,0.6073,1199318582
11,27643674,0.6816,0.1665,1199318587
11,27643690,1,-0,1199318603
11,27643691,1,-0,1199318604
11,27643692,1,-0,1199318605
11,27643695,1,-0,1199318608
11,27643699,0.2105,0.6767,1199318612
11,27643701,1,-0,1199318614
11,27643703,1,-0,1199318616
11,27643704,0.2101,0.6776,1199318617
11,27643706,1,-0,1199318619
11,27775501,0.6178,0.2092,1199450414
11,27775503,1,-0,1199450416
11,27775507,0.118,0.9281,1199450420
11,27775510,1,-0,1199450423
11,27775515,0.6178,0.2092,1199450428
11,27775524,0.7443,0.1283,1199450437
11,27775545,0.4272,0.3694,1199450458
11,27775547,0.7112,0.148,1199450460
11,27775553,0.682,0.1662,1199450466
11,27775555,0.1593,0.7978,1199450468
11,27775559,0.5647,0.2482,1199450472
11,27775560,1,-0,1199450473
11,27775563,0.6816,0.1665,1199450476
11,27775564,0.49370000000000003,0.3065,1199450477
11,27775594,0.118,0.9281,1199450507
11,27775603,0.4338,0.3627,1199450516
11,27775604,0.6788,0.1683,1199450517
11,27775609,1,-0,1199450522
11,27775617,1,-0,1199450530
11,27775620,1,-0,1199450533
11,27775930,1,-0,1199450843
11,27775949,1,-0,1199450862
11,27775960,1,-0,1199450873
11,27775973,0.49370000000000003,0.3065,1199450886
11,27775974,0.3639,0.439,1199450887
11,27775992,0.2421,0.616,1199450905
11,27776000,0.4969,0.3037,1199450913
11,27776004,0.0485,1.3143,1199450917
11,27776008,1,-0,1199450921
11,27825424,1,-0,1199500337
11,27825430,0.2177,0.6621,1199500343
11,27825432,0.4095,0.3877,1199500345
11,27825456,0.6986,0.1558,1199500369
11,27825458,0.6986,0.1558,1199500371
11,27825472,1,-0,1199500385
11,27825473,0.4706,0.3273,1199500386
11,27825476,0.4943,0.306,1199500389
11,27825480,0.4706,0.3273,1199500393
11,27825483,1,-0,1199500396
11,27825492,0.4848,0.3144,1199500405
11,27825505,0.4706,0.3273,1199500418
11,27825958,0.1202,0.9201,1199500871
11,27825970,0.4875,0.312,1199500883
11,27825974,1,-0,1199500887
11,27825977,0.2908,0.5364,1199500890
11,27825988,1,-0,1199500901
11,27826015,0.2361,0.6269,1199500928
11,27826024,0.2762,0.5588,1199500937
11,27826025,0.1791,0.7469,1199500938
11,27826027,0.6721,0.1726,1199500940
11,27826046,0.4875,0.312,1199500959
11,27826052,1,-0,1199500965
11,27826054,0.2458,0.6094,1199500967
11,27826067,0.4967,0.3039,1199500980
11,27826074,0.4983,0.3025,1199500987
11,27826076,0.5034,0.2981,1199500989
11,27826224,0.8277,0.0821,1199501137
11,27826225,0.4875,0.312,1199501138
11,27826228,1,-0,1199501141
11,27826229,1,-0,1199501142
11,27826235,0.05134,1.2895,1199501148
11,27826236,1,-0,1199501149
11,27826237,0.4875,0.312,1199501150
11,27826240,1,-0,1199501153
11,27826241,0.4972,0.3035,1199501154
11,27826248,0.1961,0.7075,1199501161
11,27826254,0.6821,0.1662,1199501167
11,27826258,1,-0,1199501171
11,27826271,0.4875,0.312,1199501184
11,27826272,0.6821,0.1662,1199501185
11,27826280,0.6035,0.2193,1199501193
11,27826284,0.4875,0.312,1199501197
11,27826286,0.4972,0.3035,1199501199
11,27826291,1,-0,1199501204
11,27826293,0.4875,0.312,1199501206
11,27826297,0.3708,0.4309,1199501210
11,27826301,1,-0,1199501214
11,27826314,0.2361,0.6269,1199501227
11,27826318,0.4437,0.3529,1199501231
11,27826319,0.4875,0.312,1199501232
11,27826327,0.6821,0.1662,1199501240
11,27826328,0.6821,0.1662,1199501241
11,27826332,1,-0,1199501245
11,27826333,1,-0,1199501246
11,27826334,0.6821,0.1662,1199501247
11,27826340,1,-0,1199501253
11,27826342,1,-0,1199501255
11,27826343,0.2361,0.6269,1199501256
11,27826351,1,-0,1199501264
11,27826355,0.6207,0.2071,1199501268
11,27828914,0.3688,0.4332,1199503827
11,27828922,0.6815,0.1665,1199503835
11,27828929,1,-0,1199503842
11,27828932,1,-0,1199503845
11,27828933,0.06941,1.1586,1199503846
11,27828941,1,-0,1199503854
11,27828951,1,-0,1199503864
11,27828954,1,-0,1199503867
11,27828955,1,-0,1199503868
11,27828960,0.7459,0.1273,1199503873
11,27828964,1,-0,1199503877
11,27828970,1,-0,1199503883
11,27828983,1,-0,1199503896
11,27828984,1,-0,1199503897
11,27828992,0.2453,0.6103,1199503905
11,27829001,1,-0,1199503914
11,27829004,1,-0,1199503917
11,27829012,0.05861,1.232,1199503925
11,27829014,0.01776,1.7506,1199503927
11,27829017,0.6405,0.1935,1199503930
11,27829024,0.4969,0.3037,1199503937
11,27829030,0.4969,0.3037,1199503943
11,27829277,0.463,0.3344,1199504190
11,27829302,1,-0,1199504215
11,27829307,1,-0,1199504220
11,27829311,0.4538,0.3431,1199504224
11,27829316,1,-0,1199504229
11,27829321,1,-0,1199504234
11,27829332,1,-0,1199504245
11,27829337,1,-0,1199504250
11,27829338,0.3671,0.4352,1199504251
11,27829344,1,-0,1199504257
11,27829346,0.3875,0.4117,1199504259
11,27829349,0.4969,0.3037,1199504262
11,27829350,0.7025,0.1534,1199504263
11,27829359,1,-0,1199504272
11,27829368,0.6202,0.2075,1199504281
11,27829370,1,-0,1199504283
11,27829374,1,-0,1199504287
11,27829382,0.4969,0.3037,1199504295
11,27844523,1,-0,1199519436
11,27844529,1,-0,1199519442
11,27844535,1,-0,1199519448
11,27844537,1,-0,1199519450
11,27844561,1,-0,1199519474
11,27844581,0.2387,0.6221,1199519494
11,27844592,1,-0,1199519505
11,27844608,1,-0,1199519521
11,27844610,1,-0,1199519523
11,27844624,0.3878,0.4114,1199519537
11,27844625,1,-0,1199519538
11,27844629,0.1463,0.8348,1199519542
11,27844632,1,-0,1199519545
11,27844648,1,-0,1199519561
11,27844655,0.6759,0.1701,1199519568
11,27844656,1,-0,1199519569
11,27844657,1,-0,1199519570
11,27844660,1,-0,1199519573
11,27844676,1,-0,1199519589
11,27844689,1,-0,1199519602
11,27844693,1,-0,1199519606
11,27844708,0.4938,0.3064,1199519621
11,27844730,1,-0,1199519643
11,27844740,1,-0,1199519653
11,27844750,0.4938,0.3064,1199519663
11,27844754,1,-0,1199519667
11,27844800,1,-0,1199519713
11,27844801,0.2102,0.6774,1199519714
11,27844803,1,-0,1199519716
11,27844812,0.3263,0.4864,1199519725
11,27844818,0.4938,0.3064,1199519731
11,27844819,1,-0,1199519732
11,27844895,1,-0,1199519808
11,27844908,1,-0,1199519821
11,27844915,0.2423,0.6156,1199519828
11,27844916,1,-0,1199519829
11,27844933,0.4938,0.3064,1199519846
11,27844948,1,-0,1199519861
11,27844954,0.7445,0.1281,1199519867
11,27844955,1,-0,1199519868
11,27844963,0.4938,0.3064,1199519876
11,27844972,1,-0,1199519885
11,27901894,0.6755,0.1704,1199576807
11,27901895,0.7143,0.1461,1199576808
11,27901898,0.4869,0.3126,1199576811
11,27901928,0.6178,0.2092,1199576841
11,27901947,1,-0,1199576860
11,27901951,1,-0,1199576864
11,27901981,0.4969,0.3037,1199576894
11,27901994,0.6178,0.2092,1199576907
11,27901995,0.7056,0.1514,1199576908
11,27901998,1,-0,1199576911
11,27902005,1,-0,1199576918
11,27902018,1,-0,1199576931
11,27902019,1,-0,1199576932
11,27902081,0.6257,0.2036,1199576994
11,27902120,1,-0,1199577033
11,27902122,0.1595,0.7972,1199577035
11,27902125,1,-0,1199577038
11,27902131,1,-0,1199577044
11,27902139,1,-0,1199577052
11,27902146,1,-0,1199577059
11,27902154,1,-0,1199577067
11,27902155,0.2452,0.6105,1199577068
11,27902170,1,-0,1199577083
11,27902177,0.2452,0.6105,1199577090
11,27902187,0.2541,0.595,1199577100
11,27902188,0.2452,0.6105,1199577101
11,27902205,1,-0,1199577118
11,27902213,1,-0,1199577126
11,27960002,0.7035,0.1527,1199634915
11,27960013,1,-0,1199634926
11,27960016,0.8035,0.095,1199634929
11,27960022,1,-0,1199634935
11,27960033,0.6111,0.2139,1199634946
11,27960034,1,-0,1199634947
11,27960036,1,-0,1199634949
11,27960041,0.4954,0.305,1199634954
11,27960064,1,-0,1199634977
11,27960073,1,-0,1199634986
11,27960074,1,-0,1199634987
11,27960078,1,-0,1199634991
11,27960080,0.273,0.5638,1199634993
11,27960098,1,-0,1199635011
11,27960105,1,-0,1199635018
11,27960109,0.2454,0.6101,1199635022
11,27960116,0.6536,0.1847,1199635029
11,27960117,0.8035,0.095,1199635030
11,27960121,0.812,0.0904,1199635034
11,27960122,1,-0,1199635035
11,27960125,1,-0,1199635038
11,27960316,0.4938,0.3064,1199635229
11,27960319,0.4938,0.3064,1199635232
11,27960330,0.7198,0.1428,1199635243
11,27960331,1,-0,1199635244
11,27960346,1,-0,1199635259
11,27960355,0.4938,0.3064,1199635268
11,27960356,1,-0,1199635269
11,27960362,0.4938,0.3064,1199635275
11,27960364,1,-0,1199635277
11,27960366,0.2455,0.6099,1199635279
11,27960374,1,-0,1199635287
11,27960376,0.7796,0.1081,1199635289
11,27960377,0.443,0.3536,1199635290
11,27960389,0.4938,0.3064,1199635302
11,27960395,0.4938,0.3064,1199635308
11,27960405,0.4938,0.3064,1199635318
11,27960417,0.2423,0.6156,1199635330
11,27960419,0.6797,0.1677,1199635332
11,27960420,0.4031,0.3946,1199635333
11,27964424,0.6204,0.2073,1199639337
11,27964432,0.3642,0.4387,1199639345
11,27964435,0.4399,0.3566,1199639348
11,27964439,0.3663,0.4362,1199639352
11,27964461,0.497,0.3036,1199639374
11,27964466,1,-0,1199639379
11,27964471,1,-0,1199639384
11,27964472,0.3642,0.4387,1199639385
11,27964481,0.5297,0.276,1199639394
11,27964490,1,-0,1199639403
11,27964491,0.2738,0.5626,1199639404
11,27964501,0.05721,1.2425,1199639414
11,27964503,0.4399,0.3566,1199639416
11,27964522,0.497,0.3036,1199639435
11,27964533,0.491,0.3089,1199639446
11,27964551,1,-0,1199639464
11,27964750,1,-0,1199639663
11,27964751,1,-0,1199639664
11,27964753,0.4938,0.3064,1199639666
11,27964760,1,-0,1199639673
11,27964765,1,-0,1199639678
11,27964769,0.2423,0.6156,1199639682
11,27964773,0.7658,0.1159,1199639686
11,27964774,0.4938,0.3064,1199639687
11,27964797,0.443,0.3536,1199639710
11,27964809,0.4938,0.3064,1199639722
11,27964822,0.4719,0.3262,1199639735
11,27964832,0.3642,0.4387,1199639745
11,27964847,0.7462,0.1271,1199639760
11,27964865,0.4938,0.3064,1199639778
11,27981576,0.03678,1.4344,1199656489
11,27981593,1,-0,1199656506
11,27981613,0.4968,0.3038,1199656526
11,27981616,1,-0,1199656529
11,27981619,1,-0,1199656532
11,27981620,0.4968,0.3038,1199656533
11,27981630,0.4968,0.3038,1199656543
11,27981636,0.5884,0.2303,1199656549
11,27981637,1,-0,1199656550
11,27981645,0.5884,0.2303,1199656558
11,27981654,1,-0,1199656567
11,27981658,0.4968,0.3038,1199656571
11,27981671,0.7805,0.1076,1199656584
11,27981676,1,-0,1199656589
11,27981684,1,-0,1199656597
11,27981951,1,-0,1199656864
11,27981967,0.1561,0.8066,1199656880
11,27981974,1,-0,1199656887
11,27981978,0.2276,0.6428,1199656891
11,27981981,0.2276,0.6428,1199656894
11,27981990,1,-0,1199656903
11,27981992,0.2452,0.6105,1199656905
11,27982020,0.05851,1.2328,1199656933
11,27982026,1,-0,1199656939
11,27982028,0.1669,0.7775,1199656941
11,27982029,0.7484,0.1259,1199656942
11,27982030,0.2096,0.6786,1199656943
11,27982042,1,-0,1199656955
11,27982050,1,-0,1199656963
11,27982051,0.5884,0.2303,1199656964
11,27982063,0.2452,0.6105,1199656976
11,27982067,0.4968,0.3038,1199656980
11,27982068,1,-0,1199656981
11,27982073,0.2452,0.6105,1199656986
11,27986207,0.6815,0.1665,1199661120
11,27986225,1,-0,1199661138
11,27986256,1,-0,1199661169
11,27986261,0.6202,0.2075,1199661174
11,27986268,1,-0,1199661181
11,27986271,1,-0,1199661184
11,27986272,1,-0,1199661185
11,27986274,0.7195,0.143,1199661187
11,27986280,1,-0,1199661193
11,27986289,1,-0,1199661202
11,27986290,1,-0,1199661203
11,27986294,1,-0,1199661207
11,27986310,0.4968,0.3038,1199661223
11,27986311,1,-0,1199661224
11,27986316,1,-0,1199661229
11,27986327,1,-0,1199661240
11,27986328,0.4969,0.3037,1199661241
11,27986531,1,-0,1199661444
11,27986534,1,-0,1199661447
11,27986576,1,-0,1199661489
11,27986615,0.4969,0.3037,1199661528
11,27986620,0.2417,0.6167,1199661533
11,27986621,0.4933,0.3069,1199661534
11,27986630,0.4933,0.3069,1199661543
11,27986631,0.791,0.1018,1199661544
11,27986636,1,-0,1199661549
11,27986649,1,-0,1199661562
11,27986669,1,-0,1199661582
11,27986674,1,-0,1199661587
11,27986681,0.003892,2.4098,1199661594
11,27986683,0.4417,0.3549,1199661596
11,27986697,0.4967,0.3039,1199661610
11,27986699,1,-0,1199661612
11,27986706,0.4933,0.3069,1199661619
11,27986711,1,-0,1199661624
11,27986712,0.4389,0.3576,1199661625
11,27986714,0.1662,0.7794,1199661627
11,27986722,0.4933,0.3069,1199661635
11,27986728,0.368,0.4342,1199661641
11,28053001,1,-0,1199727914
11,28053002,1,-0,1199727915
11,28053005,1,-0,1199727918
11,28053018,1,-0,1199727931
11,28053036,1,-0,1199727949
11,28053091,0.6204,0.2073,1199728004
11,28053272,1,-0,1199728185
11,28053273,1,-0,1199728186
11,28053274,1,-0,1199728187
11,28053278,1,-0,1199728191
11,28053280,1,-0,1199728193
11,28053291,1,-0,1199728204
11,28053307,1,-0,1199728220
11,28053330,1,-0,1199728243
11,28053341,0.8402,0.0756,1199728254
11,28053351,1,-0,1199728264
11,28053355,1,-0,1199728268
11,28053358,1,-0,1199728271
11,28053369,1,-0,1199728282
11,28053372,0.709,0.1494,1199728285
11,28053387,1,-0,1199728300
11,28053398,0.6816,0.1665,1199728311
11,28053399,1,-0,1199728312
11,28074146,0.8088,0.0922,1199749059
11,28074166,1,-0,1199749079
11,28074168,1,-0,1199749081
11,28074170,0.6192,0.2082,1199749083
11,28074172,0.3646,0.4382,1199749085
11,28074173,1,-0,1199749086
11,28074179,0.2443,0.6121,1199749092
11,28074186,0.1193,0.9234,1199749099
11,28074188,1,-0,1199749101
11,28074196,0.4962,0.3043,1199749109
11,28074203,1,-0,1199749116
11,28074213,1,-0,1199749126
11,28074214,1,-0,1199749127
11,28074221,0.5607,0.2513,1199749134
11,28074222,0.4962,0.3043,1199749135
11,28074223,1,-0,1199749136
11,28074229,1,-0,1199749142
11,28074236,0.4962,0.3043,1199749149
11,28074246,1,-0,1199749159
11,28074249,1,-0,1199749162
11,28074254,0.2443,0.6121,1199749167
11,28074262,0.6192,0.2082,1199749175
11,28074266,1,-0,1199749179
11,28074272,0.5739,0.2412,1199749185
11,28074449,1,-0,1199749362
11,28074454,1,-0,1199749367
11,28074457,1,-0,1199749370
11,28074461,1,-0,1199749374
11,28074469,0.2222,0.6533,1199749382
11,28074472,1,-0,1199749385
11,28074477,0.2452,0.6105,1199749390
11,28074478,0.2452,0.6105,1199749391
11,28074479,0.4815,0.3174,1199749392
11,28074480,1,-0,1199749393
11,28074485,1,-0,1199749398
11,28074487,0.4982,0.3026,1199749400
11,28074490,1,-0,1199749403
11,28074493,0.2471,0.6071,1199749406
11,28074494,0.6575,0.1821,1199749407
11,28074495,1,-0,1199749408
11,28074497,0.7608,0.1187,1199749410
11,28074504,1,-0,1199749417
11,28074507,1,-0,1199749420
11,28074508,1,-0,1199749421
11,28074510,0.7095,0.149,1199749423
11,28074514,0.4815,0.3174,1199749427
11,28074516,1,-0,1199749429
11,28074517,0.4962,0.3043,1199749430
11,28074518,1,-0,1199749431
11,28074521,0.7181,0.1438,1199749434
11,28074522,0.6802,0.1674,1199749435
11,28074530,1,-0,1199749443
11,28074531,1,-0,1199749444
11,28074542,1,-0,1199749455
11,28074546,1,-0,1199749459
11,28074556,1,-0,1199749469
11,28074562,1,-0,1199749475
11,28074570,0.4962,0.3043,1199749483
11,28074572,0.4962,0.3043,1199749485
11,28074575,1,-0,1199749488
11,28074597,0.2341,0.6306,1199749510
11,28074603,0.6992,0.1554,1199749516
11,28074607,0.4857,0.3136,1199749520
11,28074608,0.004012,2.3966,1199749521
11,28074626,0.3161,0.5002,1199749539
11,28074627,0.4857,0.3136,1199749540
11,28074629,1,-0,1199749542
11,28074632,1,-0,1199749545
11,28074634,0.6742,0.1712,1199749547
11,28074638,0.7654,0.1161,1199749551
11,28074645,0.7654,0.1161,1199749558
11,28074657,1,-0,1199749570
11,28074662,0.4968,0.3038,1199749575
11,28074663,0.4968,0.3038,1199749576
11,28074671,1,-0,1199749584
11,28074699,0.402,0.3958,1199749612
11,28074716,1,-0,1199749629
11,28074720,0.4968,0.3038,1199749633
11,28074860,0.4968,0.3038,1199749773
11,28074876,0.2341,0.6306,1199749789
11,28074880,0.025,1.6021,1199749793
11,28074885,0.1166,0.9333,1199749798
11,28074887,0.4968,0.3038,1199749800
11,28074888,1,-0,1199749801
11,28074892,0.4857,0.3136,1199749805
11,28074907,0.1213,0.9161,1199749820
11,28074908,0.4968,0.3038,1199749821
11,28074930,0.1202,0.9201,1199749843
11,28074931,0.01167,1.9329,1199749844
11,28074932,0.4968,0.3038,1199749845
11,28074943,0.4968,0.3038,1199749856
11,28074949,0.4968,0.3038,1199749862
11,28074950,0.025,1.6021,1199749863
11,28074957,0.4968,0.3038,1199749870
11,28074962,1,-0,1199749875
11,28074965,0.05632,1.2493,1199749878
11,28074966,0.2341,0.6306,1199749879
11,28074971,0.367,0.4353,1199749884
11,28074972,0.4968,0.3038,1199749885
11,28074985,0.4968,0.3038,1199749898
11,28074986,0.3556,0.449,1199749899
11,28295460,0.1203,0.9197,1199970373
11,28295461,1,-0,1199970374
11,28295465,0.4426,0.354,1199970378
11,28295483,0.7807,0.1075,1199970396
11,28295488,1,-0,1199970401
11,28295500,1,-0,1199970413
11,28295501,1,-0,1199970414
11,28295507,1,-0,1199970420
11,28295509,1,-0,1199970422
11,28295518,1,-0,1199970431
11,28295529,0.4969,0.3037,1199970442
11,28295532,1,-0,1199970445
11,28295537,0.8632,0.0639,1199970450
11,28295540,1,-0,1199970453
11,28295542,1,-0,1199970455
11,28295546,0.4969,0.3037,1199970459
11,28295548,1,-0,1199970461
11,28295564,1,-0,1199970477
11,28295567,1,-0,1199970480
11,28295574,1,-0,1199970487
11,28295585,1,-0,1199970498
11,28295586,0.2387,0.6221,1199970499
11,28295855,0.4012,0.3966,1199970768
11,28295863,0.8685,0.0612,1199970776
11,28295865,1,-0,1199970778
11,28295866,0.4969,0.3037,1199970779
11,28295872,0.5889,0.23,1199970785
11,28295878,0.3382,0.4708,1199970791
11,28295879,0.2586,0.5874,1199970792
11,28295890,1,-0,1199970803
11,28295895,1,-0,1199970808
11,28295905,1,-0,1199970818
11,28295906,0.7195,0.143,1199970819
11,28295907,1,-0,1199970820
11,28295915,1,-0,1199970828
11,28295923,0.5341,0.2724,1199970836
11,28295925,1,-0,1199970838
11,28295928,1,-0,1199970841
11,28295929,0.4969,0.3037,1199970842
11,28295931,0.4969,0.3037,1199970844
11,28295934,0.4969,0.3037,1199970847
11,28295937,1,-0,1199970850
11,28295938,1,-0,1199970851
11,28295941,0.1203,0.9197,1199970854
11,28295942,0.1203,0.9197,1199970855
11,28295950,0.4969,0.3037,1199970863
11,28295968,1,-0,1199970881
11,28295973,1,-0,1199970886
11,28295979,0.4969,0.3037,1199970892
11,28295983,0.154,0.8125,1199970896
11,28295988,1,-0,1199970901
11,28381597,1,-0,1200056510
11,28381608,1,-0,1200056521
11,28381612,0.4954,0.305,1200056525
11,28381614,0.4969,0.3037,1200056527
11,28381624,1,-0,1200056537
11,28381634,1,-0,1200056547
11,28381646,0.2105,0.6767,1200056559
11,28381652,1,-0,1200056565
11,28381658,1,-0,1200056571
11,28381659,1,-0,1200056572
11,28381663,0.3634,0.4396,1200056576
11,28381669,1,-0,1200056582
11,28381670,1,-0,1200056583
11,28381681,0.2101,0.6776,1200056594
11,28381682,1,-0,1200056595
11,28381687,1,-0,1200056600
11,28381702,0.2101,0.6776,1200056615
11,28381714,0.4429,0.3537,1200056627
11,28381715,0.4969,0.3037,1200056628
11,28381911,0.5415,0.2664,1200056824
11,28381928,0.5549,0.2558,1200056841
11,28381934,0.6204,0.2073,1200056847
11,28381938,0.2994,0.5237,1200056851
11,28381941,0.4969,0.3037,1200056854
11,28381949,0.7461,0.1272,1200056862
11,28381955,1,-0,1200056868
11,28381959,1,-0,1200056872
11,28381962,0.7461,0.1272,1200056875
11,28381963,0.7461,0.1272,1200056876
11,28381965,0.4,0.3979,1200056878
11,28381969,0.0986,1.0061,1200056882
11,28381975,0.5345,0.2721,1200056888
11,28381979,1,-0,1200056892
11,28381993,0.7527,0.1234,1200056906
11,28382019,0.6536,0.1847,1200056932
11,28382022,1,-0,1200056935
11,28382025,0.3283,0.4837,1200056938
11,28382031,1,-0,1200056944
11,28382046,0.4968,0.3038,1200056959
11,28382048,0.2452,0.6105,1200056961
11,28382049,1,-0,1200056962
11,28382050,0.2066,0.6849,1200056963
11,28430326,1,-0,1200105239
11,28430344,0.7199,0.1427,1200105257
11,28430347,0.8325,0.0796,1200105260
11,28430380,0.4432,0.3534,1200105293
11,28430396,1,-0,1200105309
11,28430397,1,-0,1200105310
11,28430406,1,-0,1200105319
11,28430434,0.4868,0.3126,1200105347
11,28430440,0.02852,1.5449,1200105353
11,28430445,0.1206,0.9187,1200105358
11,28430446,0.4868,0.3126,1200105359
11,28430447,1,-0,1200105360
11,28430457,0.2955,0.5294,1200105370
11,28430553,0.8502,0.0705,1200105466
11,28430567,0.1206,0.9187,1200105480
11,28430569,1,-0,1200105482
11,28430571,0.4868,0.3126,1200105484
11,28430573,0.4868,0.3126,1200105486
11,28430588,0.4868,0.3126,1200105501
11,28430589,0.4868,0.3126,1200105502
11,28430597,0.2354,0.6282,1200105510
11,28430604,0.4868,0.3126,1200105517
11,28430605,0.6205,0.2073,1200105518
11,28430606,1,-0,1200105519
11,28430608,0.497,0.3036,1200105521
11,28430609,0.8597,0.0657,1200105522
11,28430629,0.4868,0.3126,1200105542
11,28430638,0.4868,0.3126,1200105551
11,28430645,0.2354,0.6282,1200105558
11,28430650,0.4868,0.3126,1200105563
11,28430651,1,-0,1200105564
11,28430662,1,-0,1200105575
11,28430663,0.06454,1.1902,1200105576
11,28430664,0.867,0.062,1200105577
11,28430678,1,-0,1200105591
11,28430680,0.1037,0.9842,1200105593
11,28540805,0.618,0.209,1200215718
11,28540819,0.3642,0.4387,1200215732
11,28540822,0.4399,0.3566,1200215735
11,28540823,1,-0,1200215736
11,28540842,0.6797,0.1677,1200215755
11,28540857,0.4938,0.3064,1200215770
11,28540866,0.4938,0.3064,1200215779
11,28540871,0.4938,0.3064,1200215784
11,28540879,0.2423,0.6156,1200215792
11,28540889,1,-0,1200215802
11,28540892,0.497,0.3036,1200215805
11,28540904,0.4938,0.3064,1200215817
11,28540909,1,-0,1200215822
11,28540910,0.4938,0.3064,1200215823
11,28541023,0.1152,0.9385,1200215936
11,28541038,0.2423,0.6156,1200215951
11,28541055,0.4938,0.3064,1200215968
11,28541067,1,-0,1200215980
11,28541068,0.6746,0.171,1200215981
11,28541101,0.4938,0.3064,1200216014
11,28541109,1,-0,1200216022
11,28541110,1,-0,1200216023
11,28541114,0.4938,0.3064,1200216027
11,28541128,1,-0,1200216041
11,28541132,1,-0,1200216045
11,28541137,1,-0,1200216050
11,28541143,0.618,0.209,1200216056
11,28541153,0.4938,0.3064,1200216066
11,28606142,1,-0,1200281055
11,28606143,0.6204,0.2073,1200281056
11,28606144,1,-0,1200281057
11,28606149,1,-0,1200281062
11,28606154,1,-0,1200281067
11,28606156,1,-0,1200281069
11,28606176,1,-0,1200281089
11,28606177,1,-0,1200281090
11,28606192,1,-0,1200281105
11,28606207,1,-0,1200281120
11,28606214,1,-0,1200281127
11,28606229,1,-0,1200281142
11,28606262,1,-0,1200281175
11,28606266,1,-0,1200281179
11,28606425,1,-0,1200281338
11,28606434,1,-0,1200281347
11,28606439,1,-0,1200281352
11,28606464,1,-0,1200281377
11,28606470,1,-0,1200281383
11,28606487,1,-0,1200281400
11,28606493,1,-0,1200281406
11,28606494,1,-0,1200281407
11,28606495,1,-0,1200281408
11,28606500,1,-0,1200281413
11,28606508,1,-0,1200281421
11,28606514,1,-0,1200281427
11,28606524,0.2867,0.5426,1200281437
11,28606526,0.2101,0.6776,1200281439
11,28606533,1,-0,1200281446
11,28606538,1,-0,1200281451
11,28606665,0.4286,0.3679,1200281578
11,28641856,0.6238,0.205,1200316769
11,28641860,1,-0,1200316773
11,28641864,1,-0,1200316777
11,28641866,0.49370000000000003,0.3065,1200316779
11,28641869,0.2421,0.616,1200316782
11,28641879,0.49370000000000003,0.3065,1200316792
11,28641883,0.2421,0.616,1200316796
11,28641896,1,-0,1200316809
11,28641897,1,-0,1200316810
11,28641902,0.5752,0.2402,1200316815
11,28641903,1,-0,1200316816
11,28641908,1,-0,1200316821
11,28641909,0.49370000000000003,0.3065,1200316822
11,28641910,0.49370000000000003,0.3065,1200316823
11,28641918,0.49370000000000003,0.3065,1200316831
11,28641919,0.49370000000000003,0.3065,1200316832
11,28641920,1,-0,1200316833
11,28641921,1,-0,1200316834
11,28641923,1,-0,1200316836
11,28641940,1,-0,1200316853
11,28641944,1,-0,1200316857
11,28641947,0.3254,0.4876,1200316860
11,28641948,1,-0,1200316861
11,28641956,1,-0,1200316869
11,28641957,1,-0,1200316870
11,28641958,1,-0,1200316871
11,28641966,1,-0,1200316879
11,28641973,1,-0,1200316886
11,28641976,0.5304,0.2754,1200316889
11,28641978,1,-0,1200316891
11,28641980,0.5304,0.2754,1200316893
11,28642171,0.07784,1.1088,1200317084
11,28642203,0.4509,0.3459,1200317116
11,28642208,1,-0,1200317121
11,28642217,1,-0,1200317130
11,28642218,0.49370000000000003,0.3065,1200317131
11,28642220,1,-0,1200317133
11,28642252,0.4396,0.3569,1200317165
11,28642254,0.2435,0.6135,1200317167
11,28642256,0.49370000000000003,0.3065,1200317169
11,28642261,1,-0,1200317174
11,28642264,1,-0,1200317177
11,28642267,1,-0,1200317180
11,28642272,1,-0,1200317185
11,28642277,0.49370000000000003,0.3065,1200317190
11,28642282,1,-0,1200317195
11,28642283,0.49370000000000003,0.3065,1200317196
11,28642287,0.6795,0.1678,1200317200
11,28642291,0.6203,0.2074,1200317204
11,28644786,1,-0,1200319699
11,28644787,1,-0,1200319700
11,28644790,1,-0,1200319703
11,28644794,0.1535,0.8139,1200319707
11,28644796,0.2454,0.6101,1200319709
11,28644802,0.2111,0.6755,1200319715
11,28644803,0.3673,0.435,1200319716
11,28644837,1,-0,1200319750
11,28644838,0.6204,0.2073,1200319751
11,28644865,1,-0,1200319778
11,28644877,1,-0,1200319790
11,28644878,0.4969,0.3037,1200319791
11,28644883,1,-0,1200319796
11,28644884,0.7186,0.1435,1200319797
11,28644885,1,-0,1200319798
11,28644891,1,-0,1200319804
11,28644892,0.3693,0.4326,1200319805
11,28644896,0.6204,0.2073,1200319809
11,28644898,1,-0,1200319811
11,28644899,0.4954,0.305,1200319812
11,28644909,0.2454,0.6101,1200319822
11,28644916,1,-0,1200319829
11,28645101,0.2423,0.6156,1200320014
11,28645139,0.05721,1.2425,1200320052
11,28645162,0.7198,0.1428,1200320075
11,28645163,0.5346,0.272,1200320076
11,28645168,0.2423,0.6156,1200320081
11,28645231,0.3674,0.4349,1200320144
11,28645232,1,-0,1200320145
11,28668794,0.3671,0.4352,1200343707
11,28668795,1,-0,1200343708
11,28668796,0.05861,1.232,1200343709
11,28668797,1,-0,1200343710
11,28668801,0.4969,0.3037,1200343714
11,28668802,1,-0,1200343715
11,28668810,1,-0,1200343723
11,28668825,1,-0,1200343738
11,28668829,1,-0,1200343742
11,28668836,0.873,0.059,1200343749
11,28668837,1,-0,1200343750
11,28668845,0.2212,0.6552,1200343758
11,28668847,0.5341,0.2724,1200343760
11,28668858,1,-0,1200343771
11,28668870,1,-0,1200343783
11,28668875,0.4969,0.3037,1200343788
11,28668886,1,-0,1200343799
11,28668887,0.2453,0.6103,1200343800
11,28668897,1,-0,1200343810
11,28668899,1,-0,1200343812
11,28668901,0.7449,0.1279,1200343814
11,28668902,1,-0,1200343815
11,28668903,1,-0,1200343816
11,28668904,1,-0,1200343817
11,28668907,1,-0,1200343820
11,28668915,1,-0,1200343828
11,28669064,0.6405,0.1935,1200343977
11,28669071,1,-0,1200343984
11,28669077,1,-0,1200343990
11,28669083,1,-0,1200343996
11,28669085,1,-0,1200343998
11,28669086,1,-0,1200343999
11,28669088,0.4399,0.3566,1200344001
11,28669093,1,-0,1200344006
11,28669094,1,-0,1200344007
11,28669099,1,-0,1200344012
11,28669102,0.2423,0.6156,1200344015
11,28669112,0.4938,0.3064,1200344025
11,28669116,1,-0,1200344029
11,28669119,1,-0,1200344032
11,28669122,0.6797,0.1677,1200344035
11,28669126,0.4938,0.3064,1200344039
11,28669131,0.497,0.3036,1200344044
11,28669140,0.5651,0.2479,1200344053
11,28669152,1,-0,1200344065
11,28669155,0.4938,0.3064,1200344068
11,28669158,1,-0,1200344071
11,28669162,0.05979,1.2234,1200344075
11,28669167,0.2696,0.5693,1200344080
11,28669168,1,-0,1200344081
11,28669178,1,-0,1200344091
11,28669180,0.4938,0.3064,1200344093
11,28669193,0.497,0.3036,1200344106
11,28730593,1,-0,1200405506
11,28730599,0.4969,0.3037,1200405512
11,28730600,1,-0,1200405513
11,28730626,1,-0,1200405539
11,28730652,1,-0,1200405565
11,28730704,1,-0,1200405617
11,28730710,1,-0,1200405623
11,28730921,0.4969,0.3037,1200405834
11,28730965,1,-0,1200405878
11,28730968,1,-0,1200405881
11,28730972,1,-0,1200405885
11,28730974,0.7508,0.1245,1200405887
11,28730988,0.7228,0.141,1200405901
11,28730997,0.4938,0.3064,1200405910
11,28731006,0.4938,0.3064,1200405919
11,28731058,0.4773,0.3212,1200405971
11,28731062,1,-0,1200405975
11,28731086,0.1174,0.9303,1200405999
11,28731094,1,-0,1200406007
11,28731111,1,-0,1200406024
11,28731148,1,-0,1200406061
11,28731153,0.4885,0.3111,1200406066
11,28731171,0.7805,0.1076,1200406084
11,28731175,1,-0,1200406088
11,28827827,0.4935,0.3067,1200502740
11,28827833,0.4872,0.3123,1200502746
11,28827837,0.4971,0.3036,1200502750
11,28827841,1,-0,1200502754
11,28827845,0.4971,0.3036,1200502758
11,28827872,0.4872,0.3123,1200502785
11,28827877,0.2457,0.6096,1200502790
11,28827879,0.4872,0.3123,1200502792
11,28827881,0.4971,0.3036,1200502794
11,28827883,0.4338,0.3627,1200502796
11,28827904,1,-0,1200502817
11,28827907,1,-0,1200502820
11,28827923,0.2457,0.6096,1200502836
11,28827930,0.2011,0.6966,1200502843
11,28827937,1,-0,1200502850
11,28827943,0.7412,0.1301,1200502856
11,28828175,0.4872,0.3123,1200503088
11,28828185,1,-0,1200503098
11,28828192,0.682,0.1662,1200503105
11,28828198,0.8729,0.059,1200503111
11,28828199,0.7998,0.097,1200503112
11,28828202,0.1568,0.8047,1200503115
11,28828205,0.3576,0.4466,1200503118
11,28828206,0.06285,1.2017,1200503119
11,28828212,0.1159,0.9359,1200503125
11,28828215,0.4872,0.3123,1200503128
11,28828216,1,-0,1200503129
11,28828220,1,-0,1200503133
11,28828229,0.3677,0.4345,1200503142
11,28828234,1,-0,1200503147
11,28828238,0.3292,0.4825,1200503151
11,28828243,0.4935,0.3067,1200503156
11,28828250,0.4971,0.3036,1200503163
11,28828254,0.4872,0.3123,1200503167
11,28828267,0.4872,0.3123,1200503180
11,28828268,0.8546,0.0682,1200503181
11,28828299,0.4872,0.3123,1200503212
11,28928002,1,-0,1200602915
11,28928012,0.1675,0.776,1200602925
11,28928017,1,-0,1200602930
11,28928018,1,-0,1200602931
11,28928030,1,-0,1200602943
11,28928039,1,-0,1200602952
11,28928042,1,-0,1200602955
11,28928056,0.6204,0.2073,1200602969
11,28928059,1,-0,1200602972
11,28928069,1,-0,1200602982
11,28928070,0.1204,0.9194,1200602983
11,28928082,0.1204,0.9194,1200602995
11,28928083,0.2454,0.6101,1200602996
11,28928090,0.1675,0.776,1200603003
11,28928098,0.1067,0.9718,1200603011
11,28928099,1,-0,1200603012
11,28928105,1,-0,1200603018
11,28928106,0.1551,0.8094,1200603019
11,28928118,0.4308,0.3657,1200603031
11,28928134,1,-0,1200603047
11,28928159,0.4286,0.3679,1200603072
11,28928160,0.4286,0.3679,1200603073
11,28928318,1,-0,1200603231
11,28928329,0.2454,0.6101,1200603242
11,28928334,0.1597,0.7967,1200603247
11,28928335,1,-0,1200603248
11,28928354,0.3673,0.435,1200603267
11,28928355,0.4969,0.3037,1200603268
11,28928361,0.2454,0.6101,1200603274
11,28928363,0.3673,0.435,1200603276
11,28928368,0.4969,0.3037,1200603281
11,28928371,1,-0,1200603284
11,28928375,1,-0,1200603288
11,28928378,0.8475,0.0719,1200603291
11,28928384,1,-0,1200603297
11,28928387,0.6204,0.2073,1200603300
11,28928392,0.4969,0.3037,1200603305
11,28928404,1,-0,1200603317
11,28928411,0.4933,0.3069,1200603324
11,28928415,0.4967,0.3039,1200603328
11,28928416,0.7172,0.1444,1200603329
11,28928417,0.4933,0.3069,1200603330
11,28928425,0.7461,0.1272,1200603338
11,29145472,0.49370000000000003,0.3065,1200820385
11,29145474,0.49370000000000003,0.3065,1200820387
11,29145483,0.49370000000000003,0.3065,1200820396
11,29145511,0.194,0.7122,1200820424
11,29145518,0.4969,0.3037,1200820431
11,29145539,1,-0,1200820452
11,29145545,0.6178,0.2092,1200820458
11,29145558,0.5865,0.2317,1200820471
11,29145562,1,-0,1200820475
11,29145566,0.49370000000000003,0.3065,1200820479
11,29145585,0.2421,0.616,1200820498
11,29145586,0.006198,2.2077,1200820499
11,29145589,0.2421,0.616,1200820502
11,29145590,1,-0,1200820503
11,29145594,0.3639,0.439,1200820507
11,29145595,1,-0,1200820508
11,29145601,1,-0,1200820514
11,29145604,1,-0,1200820517
11,29145848,1,-0,1200820761
11,29145879,0.49370000000000003,0.3065,1200820792
11,29145896,1,-0,1200820809
11,29145901,1,-0,1200820814
11,29145902,1,-0,1200820815
11,29145915,0.6178,0.2092,1200820828
11,29145923,0.6816,0.1665,1200820836
11,29145932,0.764,0.1169,1200820845
11,29145952,0.49370000000000003,0.3065,1200820865
11,29145966,0.6816,0.1665,1200820879
11,29145974,0.49370000000000003,0.3065,1200820887
11,29241023,1,-0,1200915936
11,29241046,1,-0,1200915959
11,29241048,0.4969,0.3037,1200915961
11,29241058,0.6204,0.2073,1200915971
11,29241067,0.4969,0.3037,1200915980
11,29241077,0.6204,0.2073,1200915990
11,29241084,1,-0,1200915997
11,29241109,0.4969,0.3037,1200916022
11,29241112,0.4969,0.3037,1200916025
11,29241132,0.6204,0.2073,1200916045
11,29241149,1,-0,1200916062
11,29241151,0.4969,0.3037,1200916064
11,29241372,1,-0,1200916285
11,29241383,0.6204,0.2073,1200916296
11,29241385,0.4938,0.3064,1200916298
11,29241401,1,-0,1200916314
11,29241404,1,-0,1200916317
11,29241405,1,-0,1200916318
11,29241411,0.4938,0.3064,1200916324
11,29241431,0.3971,0.4011,1200916344
11,29241437,1,-0,1200916350
11,29241443,1,-0,1200916356
11,29241450,0.618,0.209,1200916363
11,29241451,0.497,0.3036,1200916364
11,29241459,1,-0,1200916372
11,29241461,1,-0,1200916374
11,29241479,1,-0,1200916392
11,29241486,1,-0,1200916399
11,29297719,1,-0,1200972632
11,29297730,1,-0,1200972643
11,29297740,1,-0,1200972653
11,29297755,1,-0,1200972668
11,29297759,1,-0,1200972672
11,29297778,1,-0,1200972691
11,29297789,1,-0,1200972702
11,29297795,1,-0,1200972708
11,29297800,1,-0,1200972713
11,29297805,1,-0,1200972718
11,29297818,1,-0,1200972731
11,29297827,1,-0,1200972740
11,29297841,0.4969,0.3037,1200972754
11,29297846,1,-0,1200972759
11,29297847,1,-0,1200972760
11,29297993,1,-0,1200972906
11,29298001,1,-0,1200972914
11,29298014,1,-0,1200972927
11,29298021,1,-0,1200972934
11,29298030,1,-0,1200972943
11,29298040,0.4969,0.3037,1200972953
11,29298070,0.3693,0.4326,1200972983
11,29298071,0.3693,0.4326,1200972984
11,29298078,1,-0,1200972991
11,29298095,0.5253,0.2796,1200973008
11,29298110,1,-0,1200973023
11,29393685,0.8683,0.0613,1201068598
11,29393686,1,-0,1201068599
11,29393691,0.4967,0.3039,1201068604
11,29393702,1,-0,1201068615
11,29393710,1,-0,1201068623
11,29393711,1,-0,1201068624
11,29393713,0.1163,0.9344,1201068626
11,29393717,1,-0,1201068630
11,29393722,0.5082,0.294,1201068635
11,29393730,1,-0,1201068643
11,29393731,0.1163,0.9344,1201068644
11,29393732,0.62,0.2076,1201068645
11,29393749,1,-0,1201068662
11,29393759,1,-0,1201068672
11,29393772,0.1163,0.9344,1201068685
11,29393776,0.442,0.3546,1201068689
11,29393781,1,-0,1201068694
11,29393788,1,-0,1201068701
11,29393792,0.7191,0.1432,1201068705
11,29393805,1,-0,1201068718
11,29393983,1,-0,1201068896
11,29394006,1,-0,1201068919
11,29394024,0.4967,0.3039,1201068937
11,29394068,1,-0,1201068981
11,29394076,0.1163,0.9344,1201068989
11,29394109,1,-0,1201069022
11,29489993,1,-0,1201164906
11,29489995,1,-0,1201164908
11,29490003,1,-0,1201164916
11,29490011,1,-0,1201164924
11,29490016,0.0587,1.2314,1201164929
11,29490026,1,-0,1201164939
11,29490027,1,-0,1201164940
11,29490036,1,-0,1201164949
11,29490039,0.3642,0.4387,1201164952
11,29490044,1,-0,1201164957
11,29490048,1,-0,1201164961
11,29490055,0.6816,0.1665,1201164968
11,29490063,1,-0,1201164976
11,29490064,0.131,0.8827,1201164977
11,29490065,1,-0,1201164978
11,29490068,1,-0,1201164981
11,29490070,1,-0,1201164983
11,29490079,1,-0,1201164992
11,29490096,1,-0,1201165009
11,29490099,1,-0,1201165012
11,29490101,1,-0,1201165014
11,29490102,0.4969,0.3037,1201165015
11,29490109,0.285,0.5452,1201165022
11,29490317,1,-0,1201165230
11,29490333,1,-0,1201165246
11,29490336,1,-0,1201165249
11,29490341,1,-0,1201165254
11,29490350,0.4969,0.3037,1201165263
11,29490356,1,-0,1201165269
11,29490361,1,-0,1201165274
11,29490368,0.2101,0.6776,1201165281
11,29490383,1,-0,1201165296
11,29490415,1,-0,1201165328
11,29490420,1,-0,1201165333
11,29490424,1,-0,1201165337
11,29490425,1,-0,1201165338
11,29490428,1,-0,1201165341
11,29490432,1,-0,1201165345
11,29490435,1,-0,1201165348
11,29490437,1,-0,1201165350
11,29490440,1,-0,1201165353
11,29696920,0.4872,0.3123,1201371833
11,29696924,0.4872,0.3123,1201371837
11,29696937,1,-0,1201371850
11,29696974,0.676,0.1701,1201371887
11,29696975,0.2114,0.67490000000000006,1201371888
11,29696996,0.2357,0.6276,1201371909
11,29697003,1,-0,1201371916
11,29697005,0.2357,0.6276,1201371918
11,29697013,0.2876,0.5412,1201371926
11,29697016,1,-0,1201371929
11,29697035,0.4971,0.3036,1201371948
11,29697215,0.5165,0.2869,1201372128
11,29697218,0.5165,0.2869,1201372131
11,29697228,1,-0,1201372141
11,29697235,1,-0,1201372148
11,29697236,0.4868,0.3126,1201372149
11,29697241,1,-0,1201372154
11,29697248,0.4868,0.3126,1201372161
11,29697265,0.3725,0.4289,1201372178
11,29697266,0.8068,0.0932,1201372179
11,29697274,1,-0,1201372187
11,29697278,0.497,0.3036,1201372191
11,29697284,1,-0,1201372197
11,29697285,0.642,0.1925,1201372198
11,29697286,0.6546,0.184,1201372199
11,29697287,1,-0,1201372200
11,29697304,0.2456,0.6098,1201372217
11,29697308,0.4868,0.3126,1201372221
11,29697315,0.4868,0.3126,1201372228
11,29697318,0.4868,0.3126,1201372231
11,29697322,0.2354,0.6282,1201372235
11,29697327,1,-0,1201372240
11,29697328,0.2323,0.634,1201372241
11,29697332,0.3571,0.4472,1201372245
11,29697334,0.4868,0.3126,1201372247
11,29697337,0.7413,0.13,1201372250
11,29697338,0.4868,0.3126,1201372251
11,29697358,0.2354,0.6282,1201372271
11,29697362,0.4868,0.3126,1201372275
11,29697363,0.1206,0.9187,1201372276
11,29756953,0.4969,0.3037,1201431866
11,29756954,1,-0,1201431867
11,29756958,0.4254,0.3712,1201431871
11,29756961,0.2171,0.6633,1201431874
11,29756974,1,-0,1201431887
11,29756975,1,-0,1201431888
11,29756977,0.6204,0.2073,1201431890
11,29756978,1,-0,1201431891
11,29756995,1,-0,1201431908
11,29756997,1,-0,1201431910
11,29757006,0.03244,1.4889,1201431919
11,29757007,1,-0,1201431920
11,29757009,0.02973,1.5268,1201431922
11,29757010,0.4969,0.3037,1201431923
11,29757019,0.2454,0.6101,1201431932
11,29757028,0.4969,0.3037,1201431941
11,29757037,1,-0,1201431950
11,29757054,1,-0,1201431967
11,29757057,1,-0,1201431970
11,29757075,1,-0,1201431988
11,29757234,0.4906,0.3093,1201432147
11,29757235,0.4805,0.3183,1201432148
11,29757241,1,-0,1201432154
11,29757254,1,-0,1201432167
11,29757261,1,-0,1201432174
11,29757263,1,-0,1201432176
11,29757264,1,-0,1201432177
11,29757268,1,-0,1201432181
11,29757289,0.6816,0.1665,1201432202
11,29757290,1,-0,1201432203
11,29757292,1,-0,1201432205
11,29757299,1,-0,1201432212
11,29757300,1,-0,1201432213
11,29757314,1,-0,1201432227
11,29757316,1,-0,1201432229
11,29757331,1,-0,1201432244
11,29757341,1,-0,1201432254
11,29757352,1,-0,1201432265
11,29757366,1,-0,1201432279
11,29757367,1,-0,1201432280
11,29792314,0.1109,0.9551,1201467227
11,29792315,0.08214,1.0854,1201467228
11,29792319,0.48,0.3188,1201467232
11,29792321,0.6713,0.1731,1201467234
11,29792323,0.5644,0.2484,1201467236
11,29792325,0.4365,0.36,1201467238
11,29792326,0.48,0.3188,1201467239
11,29792327,0.4974,0.3033,1201467240
11,29792343,0.2454,0.6101,1201467256
11,29792350,1,-0,1201467263
11,29792351,0.6078,0.2162,1201467264
11,29792358,1,-0,1201467271
11,29792360,0.562,0.2503,1201467273
11,29792365,0.4107,0.3865,1201467278
11,29792368,0.2492,0.6035,1201467281
11,29792369,0.48,0.3188,1201467282
11,29792373,1,-0,1201467286
11,29792380,0.5215,0.2827,1201467293
11,29792381,0.05078,1.2943,1201467294
11,29792385,0.6713,0.1731,1201467298
11,29792386,0.497,0.3036,1201467299
11,29792387,0.1746,0.758,1201467300
11,29792394,0.1715,0.7657,1201467307
11,29792395,0.4974,0.3033,1201467308
11,29792400,0.4261,0.3705,1201467313
11,29792406,1,-0,1201467319
11,29792413,0.6826,0.1658,1201467326
11,29792418,1,-0,1201467331
11,29792427,0.3508,0.4549,1201467340
11,29792428,0.2287,0.6407,1201467341
11,29792430,1,-0,1201467343
11,29792433,1,-0,1201467346
11,29792436,1,-0,1201467349
11,29792437,0.5456,0.2631,1201467350
11,29792445,0.05934,1.2267,1201467358
11,29792446,1,-0,1201467359
11,29792719,0.497,0.3036,1201467632
11,29792720,0.497,0.3036,1201467633
11,29792746,0.48,0.3188,1201467659
11,29792765,1,-0,1201467678
11,29792774,1,-0,1201467687
11,29792775,0.3673,0.435,1201467688
11,29792778,1,-0,1201467691
11,29792787,0.3673,0.435,1201467700
11,29792798,1,-0,1201467711
11,29792803,1,-0,1201467716
11,29792806,1,-0,1201467719
11,29792815,0.4974,0.3033,1201467728
11,29792818,0.2287,0.6407,1201467731
11,29792826,0.2612,0.583,1201467739
11,29792841,0.5782,0.2379,1201467754
11,29792842,1,-0,1201467755
11,29792955,1,-0,1201467868
11,29793044,1,-0,1201467957
11,29793045,1,-0,1201467958
11,29793048,1,-0,1201467961
11,29793050,0.5455,0.2632,1201467963
11,29793060,1,-0,1201467973
11,29793063,1,-0,1201467976
11,29793065,1,-0,1201467978
11,29793073,0.4,0.3979,1201467986
11,29793074,1,-0,1201467987
11,29793094,0.2,0.699,1201468007
11,29793095,1,-0,1201468008
11,29793101,1,-0,1201468014
11,29959276,0.05872,1.2312,1201634189
11,29959288,0.1526,0.8164,1201634201
11,29959305,1,-0,1201634218
11,29959308,1,-0,1201634221
11,29959354,0.2357,0.6276,1201634267
11,29959355,0.4872,0.3123,1201634268
11,29959610,1,-0,1201634523
11,29959615,1,-0,1201634528
11,29959660,1,-0,1201634573
11,29959665,0.3677,0.4345,1201634578
11,29959666,0.4872,0.3123,1201634579
11,29959670,0.4872,0.3123,1201634583
11,29959676,0.4869,0.3126,1201634589
11,29959689,0.4872,0.3123,1201634602
11,29959690,1,-0,1201634603
11,29959691,0.2357,0.6276,1201634604
11,29959693,0.8689,0.061,1201634606
11,29959695,0.4872,0.3123,1201634608
11,29959697,1,-0,1201634610
11,29959715,0.4872,0.3123,1201634628
11,29959718,1,-0,1201634631
11,30075842,1,-0,1201750755
11,30075844,0.04752,1.3231,1201750757
11,30075846,0.4967,0.3039,1201750759
11,30075849,0.7191,0.1432,1201750762
11,30075853,0.02821,1.5496,1201750766
11,30075855,0.5675,0.246,1201750768
11,30075887,0.3656,0.437,1201750800
11,30075893,0.4967,0.3039,1201750806
11,30075894,0.2955,0.5294,1201750807
11,30075897,1,-0,1201750810
11,30075899,0.4967,0.3039,1201750812
11,30075901,0.8346,0.0785,1201750814
11,30075902,0.8244,0.0839,1201750815
11,30075913,1,-0,1201750826
11,30075916,0.4967,0.3039,1201750829
11,30075917,1,-0,1201750830
11,30075924,0.4967,0.3039,1201750837
11,30075942,1,-0,1201750855
11,30075953,1,-0,1201750866
11,30075954,1,-0,1201750867
11,30075967,0.5328,0.2734,1201750880
11,30075968,1,-0,1201750881
11,30075991,0.375,0.426,1201750904
11,30076007,0.375,0.426,1201750920
11,30076098,0.6588,0.1812,1201751011
11,30076124,0.4964,0.3042,1201751037
11,30076125,1,-0,1201751038
11,30076135,1,-0,1201751048
11,30076152,0.6109,0.214,1201751065
11,30076156,1,-0,1201751069
11,30076169,0.4964,0.3042,1201751082
11,30076170,0.7223,0.1413,1201751083
11,30076179,1,-0,1201751092
11,30076181,1,-0,1201751094
11,30076184,0.3253,0.4877,1201751097
11,30076190,1,-0,1201751103
11,30076192,1,-0,1201751105
11,30076200,0.6165,0.2101,1201751113
11,30076204,0.2445,0.6117,1201751117
11,30076206,0.8352,0.0782,1201751119
11,30076207,0.7445,0.1281,1201751120
11,30076219,0.4964,0.3042,1201751132
11,30076224,1,-0,1201751137
11,30076226,0.4964,0.3042,1201751139
11,30076228,0.4964,0.3042,1201751141
11,30092364,1,-0,1201767277
11,30092366,0.4468,0.3499,1201767279
11,30092367,1,-0,1201767280
11,30092370,1,-0,1201767283
11,30092373,1,-0,1201767286
11,30092376,0.5119,0.2908,1201767289
11,30092377,0.7724,0.1122,1201767290
11,30092378,1,-0,1201767291
11,30092384,0.6811,0.1668,1201767297
11,30092388,1,-0,1201767301
11,30092394,0.4057,0.3918,1201767307
11,30092409,1,-0,1201767322
11,30092412,1,-0,1201767325
11,30092415,1,-0,1201767328
11,30092421,0.48,0.3188,1201767334
11,30092426,0.4737,0.3245,1201767339
11,30092439,1,-0,1201767352
11,30092440,1,-0,1201767353
11,30092441,1,-0,1201767354
11,30092446,1,-0,1201767359
11,30092447,0.4981,0.3027,1201767360
11,30092450,0.609,0.2154,1201767363
11,30092452,0.4667,0.331,1201767365
11,30092454,0.4667,0.331,1201767367
11,30092466,1,-0,1201767379
11,30092473,0.6884,0.1622,1201767386
11,30092475,0.2094,0.679,1201767388
11,30092476,0.1794,0.7462,1201767389
11,30092478,0.3338,0.4765,1201767391
11,30092486,0.3832,0.4166,1201767399
11,30092491,0.3282,0.4839,1201767404
11,30092492,0.3334,0.477,1201767405
11,30092557,1,-0,1201767470
11,30092574,1,-0,1201767487
11,30092589,0.5435,0.2648,1201767502
11,30092591,0.7447,0.128,1201767504
11,30092595,1,-0,1201767508
11,30092608,0.584,0.2336,1201767521
11,30092613,1,-0,1201767526
11,30092618,0.2534,0.5962,1201767531
11,30092622,1,-0,1201767535
11,30092633,0.6688,0.1747,1201767546
11,30092634,0.2874,0.5415,1201767547
11,30092651,0.3328,0.4778,1201767564
11,30092655,1,-0,1201767568
11,30092658,0.4981,0.3027,1201767571
11,30092661,0.6688,0.1747,1201767574
11,30092663,1,-0,1201767576
11,30092668,0.845,0.0731,1201767581
11,30092670,1,-0,1201767583
11,30092671,1,-0,1201767584
11,30092680,1,-0,1201767593
11,30092682,0.6659,0.1766,1201767595
11,30202216,1,-0,1201877129
11,30202227,1,-0,1201877140
11,30202228,0.4969,0.3037,1201877141
11,30202243,1,-0,1201877156
11,30202252,1,-0,1201877165
11,30202257,0.4969,0.3037,1201877170
11,30202258,0.4969,0.3037,1201877171
11,30202259,1,-0,1201877172
11,30202260,0.4926,0.3075,1201877173
11,30202278,0.4969,0.3037,1201877191
11,30202299,0.4969,0.3037,1201877212
11,30202328,1,-0,1201877241
11,30202535,1,-0,1201877448
11,30202536,1,-0,1201877449
11,30202542,1,-0,1201877455
11,30202559,1,-0,1201877472
11,30202571,1,-0,1201877484
11,30202578,1,-0,1201877491
11,30202583,1,-0,1201877496
11,30202606,0.4969,0.3037,1201877519
11,30202622,1,-0,1201877535
11,30202635,0.4969,0.3037,1201877548
11,30202645,1,-0,1201877558
11,30202646,0.4969,0.3037,1201877559
11,30202648,0.4969,0.3037,1201877561
11,30202650,1,-0,1201877563
11,30262134,0.4,0.3979,1201937047
11,30262135,0.73,0.1367,1201937048
11,30262153,1,-0,1201937066
11,30262154,1,-0,1201937067
11,30262155,0.4143,0.3827,1201937068
11,30262161,0.4143,0.3827,1201937074
11,30262163,1,-0,1201937076
11,30262164,0.8311,0.0803,1201937077
11,30262167,0.6204,0.2073,1201937080
11,30262170,1,-0,1201937083
11,30262176,1,-0,1201937089
11,30262178,1,-0,1201937091
11,30262205,1,-0,1201937118
11,30262211,0.306,0.5143,1201937124
11,30262217,0.4969,0.3037,1201937130
11,30262219,0.8506,0.0703,1201937132
11,30262222,1,-0,1201937135
11,30262223,1,-0,1201937136
11,30262225,1,-0,1201937138
11,30262228,1,-0,1201937141
11,30262229,0.6816,0.1665,1201937142
11,30262232,1,-0,1201937145
11,30262254,0.2454,0.6101,1201937167
11,30262258,1,-0,1201937171
11,30262268,1,-0,1201937181
11,30262370,1,-0,1201937283
11,30262371,0.4969,0.3037,1201937284
11,30262385,1,-0,1201937298
11,30262386,1,-0,1201937299
11,30262397,1,-0,1201937310
11,30262480,0.4969,0.3037,1201937393
11,30262485,1,-0,1201937398
11,30262519,0.4777,0.3208,1201937432
11,30262520,1,-0,1201937433
11,30262536,0.1353,0.8687,1201937449
11,30262546,1,-0,1201937459
11,30262565,1,-0,1201937478
11,30262566,0.4338,0.3627,1201937479
11,30262583,0.5725,0.2422,1201937496
11,30262584,0.3298,0.4817,1201937497
11,30262586,0.4943,0.306,1201937499
11,30262587,0.2177,0.6621,1201937500
11,30262590,0.2177,0.6621,1201937503
11,30262600,0.09897,1.0045,1201937513
11,30262608,0.3357,0.474,1201937521
11,30262617,0.4706,0.3273,1201937530
11,30262619,1,-0,1201937532
11,30262621,0.4943,0.306,1201937534
11,30262624,0.1685,0.7734,1201937537
11,30262627,0.7189,0.1433,1201937540
11,30262629,1,-0,1201937542
11,30262633,1,-0,1201937546
11,30262919,0.4928,0.3073,1201937832
11,30262922,0.4202,0.3765,1201937835
11,30262943,0.8073,0.093,1201937856
11,30262946,0.6603,0.1803,1201937859
11,30262951,0.7576,0.1206,1201937864
11,30262959,0.4777,0.3208,1201937872
11,30262970,0.5977,0.2235,1201937883
11,30262974,0.2414,0.6173,1201937887
11,30262975,0.2571,0.5899,1201937888
11,30262980,0.2414,0.6173,1201937893
11,30262983,0.1417,0.8486,1201937896
11,30262996,0.2571,0.5899,1201937909
11,30262999,1,-0,1201937912
11,30370645,1,-0,1202045558
11,30370650,1,-0,1202045563
11,30370653,1,-0,1202045566
11,30370655,0.4932,0.307,1202045568
11,30370658,1,-0,1202045571
11,30370676,0.2346,0.6297,1202045589
11,30370679,0.4861,0.3133,1202045592
11,30370680,1,-0,1202045593
11,30370686,0.3168,0.4992,1202045599
11,30370691,1,-0,1202045604
11,30370704,0.2346,0.6297,1202045617
11,30370706,1,-0,1202045619
11,30370719,1,-0,1202045632
11,30370729,0.4964,0.3042,1202045642
11,30370730,1,-0,1202045643
11,30370731,1,-0,1202045644
11,30370736,1,-0,1202045649
11,30370741,1,-0,1202045654
11,30370742,0.7447,0.128,1202045655
11,30370749,1,-0,1202045662
11,30370750,0.4964,0.3042,1202045663
11,30370751,1,-0,1202045664
11,30370755,0.4964,0.3042,1202045668
11,30370765,0.4964,0.3042,1202045678
11,30370769,1,-0,1202045682
11,30370847,1,-0,1202045760
11,30370853,0.6172,0.2096,1202045766
11,30370854,0.6172,0.2096,1202045767
11,30370859,0.4932,0.307,1202045772
11,30370871,0.2721,0.5653,1202045784
11,30370872,0.2721,0.5653,1202045785
11,30370884,0.4932,0.307,1202045797
11,30370896,1,-0,1202045809
11,30370902,1,-0,1202045815
11,30370903,0.7907,0.102,1202045816
11,30370906,1,-0,1202045819
11,30370914,1,-0,1202045827
11,30370921,0.1174,0.9303,1202045834
11,30370924,0.6172,0.2096,1202045837
11,30370925,1,-0,1202045838
11,30370927,0.7402,0.1307,1202045840
11,30370928,0.7402,0.1307,1202045841
11,30370931,0.6089,0.2155,1202045844
11,30370932,1,-0,1202045845
11,30370934,1,-0,1202045847
11,30370938,0.02817,1.5502,1202045851
11,30370939,0.5331,0.2732,1202045852
11,30370944,1,-0,1202045857
11,30370948,1,-0,1202045861
11,30370949,0.4932,0.307,1202045862
11,30370954,1,-0,1202045867
11,30371008,0.375,0.426,1202045921
11,30371077,1,-0,1202045990
11,30371460,0.2995,0.5236,1202046373
11,30371502,0.5055,0.2963,1202046415
11,30371519,0.1648,0.783,1202046432
11,30371535,0.05495,1.26,1202046448
11,30371569,0.4725,0.3256,1202046482
11,30388714,1,-0,1202063627
11,30388715,0.4969,0.3037,1202063628
11,30388718,0.4969,0.3037,1202063631
11,30388730,1,-0,1202063643
11,30388733,0.7197,0.1428,1202063646
11,30388740,0.1565,0.8055,1202063653
11,30388743,1,-0,1202063656
11,30388750,1,-0,1202063663
11,30388752,1,-0,1202063665
11,30388753,0.3126,0.505,1202063666
11,30388755,1,-0,1202063668
11,30388760,1,-0,1202063673
11,30388767,1,-0,1202063680
11,30388773,1,-0,1202063686
11,30388776,1,-0,1202063689
11,30388782,1,-0,1202063695
11,30388787,1,-0,1202063700
11,30388792,1,-0,1202063705
11,30388796,1,-0,1202063709
11,30388802,0.4969,0.3037,1202063715
11,30388805,1,-0,1202063718
11,30388810,0.7197,0.1428,1202063723
11,30388827,1,-0,1202063740
11,30388828,1,-0,1202063741
11,30388829,0.0977,1.0101,1202063742
11,30388831,0.3673,0.435,1202063744
11,30388832,0.5649,0.248,1202063745
11,30388833,0.6204,0.2073,1202063746
11,30388845,1,-0,1202063758
11,30389000,0.6879,0.1625,1202063913
11,30389008,1,-0,1202063921
11,30389016,0.1015,0.9935,1202063929
11,30389019,0.7657,0.1159,1202063932
11,30389023,1,-0,1202063936
11,30389026,1,-0,1202063939
11,30389027,1,-0,1202063940
11,30389028,1,-0,1202063941
11,30389035,1,-0,1202063948
11,30389038,1,-0,1202063951
11,30389041,0.4969,0.3037,1202063954
11,30389042,1,-0,1202063955
11,30389049,1,-0,1202063962
11,30389053,1,-0,1202063966
11,30389054,1,-0,1202063967
11,30389069,0.6149,0.2112,1202063982
11,30389070,1,-0,1202063983
11,30389079,1,-0,1202063992
11,30389082,0.3673,0.435,1202063995
11,30389083,1,-0,1202063996
11,30389088,1,-0,1202064001
11,30389093,0.4429,0.3537,1202064006
11,30389105,0.4969,0.3037,1202064018
11,30389111,1,-0,1202064024
11,30389115,1,-0,1202064028
11,30389123,1,-0,1202064036
11,30389130,1,-0,1202064043
11,30515509,0.1819,0.7402,1202190422
11,30515511,0.1199,0.9212,1202190424
11,30515524,1,-0,1202190437
11,30515531,0.06816,1.1665,1202190444
11,30515547,0.3184,0.497,1202190460
11,30515551,0.4966,0.304,1202190464
11,30515552,1,-0,1202190465
11,30515553,0.2479,0.6057,1202190466
11,30515563,1,-0,1202190476
11,30515588,0.681,0.1669,1202190501
11,30515595,1,-0,1202190508
11,30515607,0.7189,0.1433,1202190520
11,30515613,1,-0,1202190526
11,30515624,1,-0,1202190537
11,30515628,1,-0,1202190541
11,30515629,0.2091,0.6796,1202190542
11,30515639,0.2412,0.6176,1202190552
11,30515805,1,-0,1202190718
11,30515806,1,-0,1202190719
11,30515807,1,-0,1202190720
11,30515808,1,-0,1202190721
11,30515821,1,-0,1202190734
11,30515822,1,-0,1202190735
11,30515829,1,-0,1202190742
11,30515831,1,-0,1202190744
11,30515839,1,-0,1202190752
11,30515840,1,-0,1202190753
11,30515841,1,-0,1202190754
11,30515847,1,-0,1202190760
11,30515851,0.4172,0.3797,1202190764
11,30515863,1,-0,1202190776
11,30515869,1,-0,1202190782
11,30515881,1,-0,1202190794
11,30515887,1,-0,1202190800
11,30515916,0.7452,0.1277,1202190829
11,30515927,0.681,0.1669,1202190840
11,30515931,1,-0,1202190844
11,30515940,0.6172,0.2096,1202190853
12,273369,1,-0,1202464222
12,273391,1,-0,1202464244
12,273392,1,-0,1202464245
12,273397,0.4969,0.3037,1202464250
12,273398,1,-0,1202464251
12,273399,1,-0,1202464252
12,273409,1,-0,1202464262
12,273417,1,-0,1202464270
12,273419,0.6204,0.2073,1202464272
12,273422,1,-0,1202464275
12,273426,1,-0,1202464279
12,273438,1,-0,1202464291
12,273442,0.2101,0.6776,1202464295
12,273446,1,-0,1202464299
12,273452,1,-0,1202464305
12,273460,0.2108,0.6761,1202464313
12,273466,0.4969,0.3037,1202464319
12,273467,1,-0,1202464320
12,273472,1,-0,1202464325
12,273475,1,-0,1202464328
12,273485,1,-0,1202464338
12,273486,1,-0,1202464339
12,273706,0.4969,0.3037,1202464559
12,273709,1,-0,1202464562
12,273715,1,-0,1202464568
12,273716,1,-0,1202464569
12,273719,1,-0,1202464572
12,273723,0.7197,0.1428,1202464576
12,273725,0.3673,0.435,1202464578
12,273727,1,-0,1202464580
12,273735,0.4954,0.305,1202464588
12,273736,1,-0,1202464589
12,273738,1,-0,1202464591
12,273750,1,-0,1202464603
12,273758,1,-0,1202464611
12,273762,0.7461,0.1272,1202464615
12,273774,1,-0,1202464627
12,273789,1,-0,1202464642
12,273790,1,-0,1202464643
12,273795,1,-0,1202464648
12,273800,1,-0,1202464653
12,273810,1,-0,1202464663
12,273813,1,-0,1202464666
12,273818,1,-0,1202464671
12,273820,0.4969,0.3037,1202464673
12,273825,1,-0,1202464678
12,273834,1,-0,1202464687
12,370799,0.2454,0.6101,1202561652
12,370813,1,-0,1202561666
12,370817,1,-0,1202561670
12,370820,0.3673,0.435,1202561673
12,370830,1,-0,1202561683
12,370832,1,-0,1202561685
12,370853,1,-0,1202561706
12,370855,1,-0,1202561708
12,370856,1,-0,1202561709
12,370859,1,-0,1202561712
12,370865,0.5858,0.2323,1202561718
12,370868,1,-0,1202561721
12,370870,1,-0,1202561723
12,370871,0.2323,0.634,1202561724
12,370886,1,-0,1202561739
12,370887,1,-0,1202561740
12,370897,1,-0,1202561750
12,370906,1,-0,1202561759
12,370918,1,-0,1202561771
12,371181,1,-0,1202562034
12,371186,1,-0,1202562039
12,371251,1,-0,1202562104
12,371297,1,-0,1202562150
12,371312,1,-0,1202562165
12,371542,0.4993,0.3016,1202562395
12,371547,0.1707,0.7678,1202562400
12,371549,0.1238,0.9073,1202562402
12,371550,0.05246,1.2802,1202562403
12,371571,1,-0,1202562424
12,371575,0.1707,0.7678,1202562428
12,371618,0.6984,0.1559,1202562471
12,371629,0.4993,0.3016,1202562482
12,371641,0.03167,1.4994,1202562494
12,423420,1,-0,1202614273
12,423434,1,-0,1202614287
12,423444,0.4969,0.3037,1202614297
12,423449,0.8744,0.0583,1202614302
12,423486,1,-0,1202614339
12,423489,1,-0,1202614342
12,423492,0.4969,0.3037,1202614345
12,423493,1,-0,1202614346
12,423495,1,-0,1202614348
12,423498,1,-0,1202614351
12,423500,0.7655,0.1161,1202614353
12,423501,1,-0,1202614354
12,423516,0.7195,0.143,1202614369
12,423525,1,-0,1202614378
12,423527,0.2098,0.6782,1202614380
12,423529,1,-0,1202614382
12,423532,0.4969,0.3037,1202614385
12,423545,1,-0,1202614398
12,423550,0.07917,1.1014,1202614403
12,423552,1,-0,1202614405
12,423554,1,-0,1202614407
12,423555,0.6196,0.2079,1202614408
12,423781,0.2387,0.6221,1202614634
12,423811,1,-0,1202614664
12,423816,0.4969,0.3037,1202614669
12,423908,0.4969,0.3037,1202614761
12,423912,0.6815,0.1665,1202614765
12,628029,1,-0,1202818882
12,628030,0.4938,0.3064,1202818883
12,628039,0.3642,0.4387,1202818892
12,628047,0.4938,0.3064,1202818900
12,628049,0.4938,0.3064,1202818902
12,628058,0.4938,0.3064,1202818911
12,628071,0.3285,0.4835,1202818924
12,628074,1,-0,1202818927
12,628091,0.4938,0.3064,1202818944
12,628098,1,-0,1202818951
12,628107,1,-0,1202818960
12,628113,0.4938,0.3064,1202818966
12,628124,0.6204,0.2073,1202818977
12,628125,1,-0,1202818978
12,628131,0.587,0.2314,1202818984
12,628134,1,-0,1202818987
12,628137,0.4938,0.3064,1202818990
12,628146,1,-0,1202818999
12,628158,0.4232,0.3735,1202819011
12,628159,0.1181,0.9278,1202819012
12,628161,0.497,0.3036,1202819014
12,628330,1,-0,1202819183
12,628332,0.6202,0.2075,1202819185
12,628348,1,-0,1202819201
12,628350,0.4969,0.3037,1202819203
12,628352,0.7433,0.1288,1202819205
12,628358,1,-0,1202819211
12,628359,1,-0,1202819212
12,628361,0.7195,0.143,1202819214
12,628371,1,-0,1202819224
12,628377,1,-0,1202819230
12,628384,0.2977,0.5262,1202819237
12,628389,0.3112,0.507,1202819242
12,628390,1,-0,1202819243
12,628402,1,-0,1202819255
12,628404,0.3279,0.4843,1202819257
12,628421,1,-0,1202819274
12,628423,1,-0,1202819276
12,628430,1,-0,1202819283
12,628433,1,-0,1202819286
12,628439,1,-0,1202819292
12,628449,0.4759,0.3225,1202819302
12,675405,0.3304,0.481,1202866258
12,675406,0.1775,0.7508,1202866259
12,675423,0.4986,0.3022,1202866276
12,675427,0.4986,0.3022,1202866280
12,675428,0.4986,0.3022,1202866281
12,675429,1,-0,1202866282
12,675444,0.4986,0.3022,1202866297
12,675450,0.01626,1.7889,1202866303
12,675457,0.2017,0.6953,1202866310
12,675458,0.2017,0.6953,1202866311
12,675465,1,-0,1202866318
12,675476,0.4986,0.3022,1202866329
12,675486,0.6081,0.216,1202866339
12,675487,0.4986,0.3022,1202866340
12,675493,1,-0,1202866346
12,675502,1,-0,1202866355
12,675504,0.2017,0.6953,1202866357
12,675508,0.03724,1.429,1202866361
12,675519,1,-0,1202866372
12,675534,0.4965,0.3041,1202866387
12,675783,1,-0,1202866636
12,675788,1,-0,1202866641
12,675790,0.2405,0.6189,1202866643
12,675794,1,-0,1202866647
12,675795,0.6791,0.1681,1202866648
12,675796,0.3925,0.4062,1202866649
12,675806,1,-0,1202866659
12,675808,1,-0,1202866661
12,675810,1,-0,1202866663
12,675813,1,-0,1202866666
12,675816,0.3372,0.4721,1202866669
12,675830,1,-0,1202866683
12,675834,1,-0,1202866687
12,675835,0.2434,0.6137,1202866688
12,675838,1,-0,1202866691
12,675844,1,-0,1202866697
12,675846,1,-0,1202866699
12,675847,0.05092,1.2931,1202866700
12,675852,1,-0,1202866705
12,675865,1,-0,1202866718
12,675871,0.05408,1.267,1202866724
12,675875,0.4201,0.3766,1202866728
12,675878,0.1823,0.7392,1202866731
12,675888,1,-0,1202866741
12,675889,1,-0,1202866742
12,675902,1,-0,1202866755
12,675912,1,-0,1202866765
12,675916,1,-0,1202866769
12,676143,0.8303,0.0808,1202866996
12,676148,0.1645,0.7838,1202867001
12,676150,0.49370000000000003,0.3065,1202867003
12,676153,1,-0,1202867006
12,676158,0.3672,0.4351,1202867011
12,676160,0.5938,0.2264,1202867013
12,676164,0.5986,0.2229,1202867017
12,676165,1,-0,1202867018
12,676167,0.2747,0.5611,1202867020
12,676172,0.6178,0.2092,1202867025
12,676185,1,-0,1202867038
12,676187,1,-0,1202867040
12,676188,0.1645,0.7838,1202867041
12,676191,0.3672,0.4351,1202867044
12,676201,1,-0,1202867054
12,676205,1,-0,1202867058
12,676223,0.4969,0.3037,1202867076
12,676234,1,-0,1202867087
12,676235,0.3247,0.4885,1202867088
12,676240,0.2421,0.616,1202867093
12,676244,1,-0,1202867097
12,676245,0.2421,0.616,1202867098
12,676248,1,-0,1202867101
12,676250,0.49370000000000003,0.3065,1202867103
12,676251,1,-0,1202867104
12,676259,1,-0,1202867112
12,676263,1,-0,1202867116
12,676269,0.6203,0.2074,1202867122
12,676273,1,-0,1202867126
12,676427,1,-0,1202867280
12,676436,0.4667,0.331,1202867289
12,676445,0.2092,0.6794,1202867298
12,676489,0.4667,0.331,1202867342
12,676490,0.2222,0.6533,1202867343
12,676506,1,-0,1202867359
12,676508,1,-0,1202867361
12,676514,0.4837,0.3154,1202867367
12,676524,1,-0,1202867377
12,676527,1,-0,1202867380
12,676531,0.3845,0.4151,1202867384
12,676533,0.2092,0.6794,1202867386
12,676536,0.7064,0.1509,1202867389
12,676538,1,-0,1202867391
12,766663,1,-0,1202957516
12,766664,1,-0,1202957517
12,766675,1,-0,1202957528
12,766679,1,-0,1202957532
12,766684,1,-0,1202957537
12,766690,1,-0,1202957543
12,766704,1,-0,1202957557
12,766706,1,-0,1202957559
12,766711,1,-0,1202957564
12,766720,0.4969,0.3037,1202957573
12,766728,0.2454,0.6101,1202957581
12,766747,1,-0,1202957600
12,766750,1,-0,1202957603
12,766753,1,-0,1202957606
12,766754,1,-0,1202957607
12,766761,0.1605,0.7945,1202957614
12,766767,1,-0,1202957620
12,766776,1,-0,1202957629
12,766777,1,-0,1202957630
12,766780,1,-0,1202957633
12,766791,0.2101,0.6776,1202957644
12,766794,0.2423,0.6156,1202957647
12,766796,0.6255,0.2038,1202957649
12,767040,0.4975,0.3032,1202957893
12,767046,0.481,0.3179,1202957899
12,767053,1,-0,1202957906
12,767064,0.6087,0.21560000000000001,1202957917
12,767069,0.6087,0.21560000000000001,1202957922
12,767077,0.2625,0.5809,1202957930
12,767087,1,-0,1202957940
12,767090,0.481,0.3179,1202957943
12,767092,0.6276,0.2023,1202957945
12,767099,0.7248,0.1398,1202957952
12,767104,1,-0,1202957957
12,767106,0.481,0.3179,1202957959
12,767109,1,-0,1202957962
12,767111,0.07042,1.1523,1202957964
12,767114,0.2298,0.6386,1202957967
12,767121,1,-0,1202957974
12,767125,1,-0,1202957978
12,767133,1,-0,1202957986
12,767136,0.481,0.3179,1202957989
12,767145,0.6087,0.21560000000000001,1202957998
12,767146,1,-0,1202957999
12,767150,0.8374,0.0771,1202958003
12,767157,0.4935,0.3067,1202958010
12,767159,1,-0,1202958012
12,823291,0.6221,0.2061,1203014144
12,823292,0.222,0.6536,1203014145
12,823293,0.473,0.3251,1203014146
12,823298,1,-0,1203014151
12,823312,0.04182,1.3786,1203014165
12,823315,0.473,0.3251,1203014168
12,823323,0.01068,1.9714,1203014176
12,823339,0.54,0.2676,1203014192
12,823341,0.1221,0.9133,1203014194
12,823354,0.4981,0.3027,1203014207
12,823359,0.473,0.3251,1203014212
12,823360,1,-0,1203014213
12,823372,0.473,0.3251,1203014225
12,823408,0.8708,0.0601,1203014261
12,823538,0.3852,0.4143,1203014391
12,823541,0.7358,0.1332,1203014394
12,823549,0.473,0.3251,1203014402
12,823552,1,-0,1203014405
12,823553,1,-0,1203014406
12,823554,1,-0,1203014407
12,823558,0.473,0.3251,1203014411
12,823565,0.222,0.6536,1203014418
12,823566,1,-0,1203014419
12,823589,0.6029,0.2198,1203014442
12,823647,1,-0,1203014500
12,870996,0.2072,0.6836,1203061849
12,871000,1,-0,1203061853
12,871008,1,-0,1203061861
12,871013,1,-0,1203061866
12,871043,1,-0,1203061896
12,871068,1,-0,1203061921
12,871069,1,-0,1203061922
12,871077,0.4938,0.3064,1203061930
12,871083,1,-0,1203061936
12,871095,0.358,0.4461,1203061948
12,871100,1,-0,1203061953
12,871104,1,-0,1203061957
12,871110,0.4868,0.3126,1203061963
12,871111,0.4875,0.312,1203061964
12,871115,1,-0,1203061968
12,871116,0.4972,0.3035,1203061969
12,871119,0.4938,0.3064,1203061972
12,871123,0.6091,0.2153,1203061976
12,871125,1,-0,1203061978
12,871414,0.6815,0.1665,1203062267
12,871420,1,-0,1203062273
12,871424,0.497,0.3036,1203062277
12,871434,0.4938,0.3064,1203062287
12,871463,1,-0,1203062316
12,871477,0.4938,0.3064,1203062330
12,871483,1,-0,1203062336
12,871493,0.6204,0.2073,1203062346
12,871494,0.4399,0.3566,1203062347
12,871499,0.7497,0.1251,1203062352
12,871502,1,-0,1203062355
12,871506,0.2076,0.6828,1203062359
12,871507,1,-0,1203062360
12,871508,0.5624,0.25,1203062361
12,871522,0.4938,0.3064,1203062375
12,871530,1,-0,1203062383
12,871535,1,-0,1203062388
12,871547,1,-0,1203062400
12,871549,0.6204,0.2073,1203062402
12,871550,1,-0,1203062403
12,871553,0.618,0.209,1203062406
12,871555,1,-0,1203062408
12,871562,1,-0,1203062415
12,871564,0.6817,0.1664,1203062417
12,871569,1,-0,1203062422
12,871573,1,-0,1203062426
12,871578,0.618,0.209,1203062431
12,871613,0.4938,0.3064,1203062466
12,871616,0.6204,0.2073,1203062469
12,871617,0.3252,0.4878,1203062470
12,871618,0.4938,0.3064,1203062471
12,871620,0.3674,0.4349,1203062473
12,871622,1,-0,1203062475
12,871626,1,-0,1203062479
12,871628,0.497,0.3036,1203062481
12,871630,1,-0,1203062483
12,871631,0.491,0.3089,1203062484
12,871633,0.2423,0.6156,1203062486
12,871634,0.3922,0.4065,1203062487
12,871635,0.4938,0.3064,1203062488
12,871649,0.497,0.3036,1203062502
12,871653,0.1147,0.9404,1203062506
12,871658,1,-0,1203062511
12,871659,0.09873,1.0056,1203062512
12,871664,1,-0,1203062517
12,871668,1,-0,1203062521
12,871675,1,-0,1203062528
12,871676,1,-0,1203062529
12,871878,0.2161,0.6653,1203062731
12,871886,0.497,0.3036,1203062739
12,871897,0.4938,0.3064,1203062750
12,871898,1,-0,1203062751
12,871904,1,-0,1203062757
12,871905,0.4938,0.3064,1203062758
12,871907,0.2072,0.6836,1203062760
12,871913,0.6797,0.1677,1203062766
12,871931,1,-0,1203062784
12,871935,1,-0,1203062788
12,871953,0.4938,0.3064,1203062806
12,959349,0.4938,0.3064,1203150202
12,959363,0.4938,0.3064,1203150216
12,959370,0.4938,0.3064,1203150223
12,959385,0.08208,1.0858,1203150238
12,959403,1,-0,1203150256
12,959412,1,-0,1203150265
12,959422,0.3674,0.4349,1203150275
12,959424,1,-0,1203150277
12,959428,1,-0,1203150281
12,959432,1,-0,1203150285
12,959444,0.7198,0.1428,1203150297
12,959447,0.2423,0.6156,1203150300
12,959448,0.7124,0.1473,1203150301
12,959462,0.4938,0.3064,1203150315
12,959662,0.7211,0.142,1203150515
12,959665,0.4975,0.3032,1203150518
12,959666,1,-0,1203150519
12,959667,1,-0,1203150520
12,959670,1,-0,1203150523
12,959671,0.4228,0.3739,1203150524
12,959672,1,-0,1203150525
12,959678,0.2423,0.6156,1203150531
12,959689,0.6098,0.2148,1203150542
12,959691,0.497,0.3036,1203150544
12,959700,0.2423,0.6156,1203150553
12,959705,0.4399,0.3566,1203150558
12,959713,1,-0,1203150566
12,959717,1,-0,1203150570
12,959723,1,-0,1203150576
12,959728,0.618,0.209,1203150581
12,959732,1,-0,1203150585
12,959733,0.4399,0.3566,1203150586
12,959738,0.618,0.209,1203150591
12,959745,1,-0,1203150598
12,959746,0.618,0.209,1203150599
12,959770,0.4938,0.3064,1203150623
12,959777,1,-0,1203150630
12,959778,0.5346,0.272,1203150631
12,959790,1,-0,1203150643
12,965468,1,-0,1203156321
12,965472,1,-0,1203156325
12,965482,0.4968,0.3038,1203156335
12,965500,0.4295,0.367,1203156353
12,965517,1,-0,1203156370
12,965519,1,-0,1203156372
12,965522,1,-0,1203156375
12,965532,1,-0,1203156385
12,965546,1,-0,1203156399
12,965547,1,-0,1203156400
12,965552,1,-0,1203156405
12,965556,0.6085,0.2157,1203156409
12,965575,1,-0,1203156428
12,965585,0.4968,0.3038,1203156438
12,965706,1,-0,1203156559
12,965732,0.1127,0.9481,1203156585
12,965738,1,-0,1203156591
12,965749,0.497,0.3036,1203156602
12,965754,1,-0,1203156607
12,965755,1,-0,1203156608
12,965785,1,-0,1203156638
12,965792,0.7456,0.1275,1203156645
12,965798,1,-0,1203156651
12,965811,0.06195,1.208,1203156664
12,965824,0.6813,0.1667,1203156677
12,965825,1,-0,1203156678
12,965842,0.681,0.1669,1203156695
12,965843,1,-0,1203156696
12,965856,1,-0,1203156709
12,965861,0.2448,0.6112,1203156714
12,965871,1,-0,1203156724
12,965872,0.4966,0.304,1203156725
12,965876,1,-0,1203156729
12,965894,1,-0,1203156747
12,965896,0.4966,0.304,1203156749
12,965903,1,-0,1203156756
12,965917,0.7811,0.1073,1203156770
12,965918,0.1127,0.9481,1203156771
12,965921,0.2787,0.5549,1203156774
12,965928,0.4807,0.3181,1203156781
12,965932,0.6204,0.2073,1203156785
12,965933,1,-0,1203156786
12,965941,1,-0,1203156794
12,965943,0.235,0.6289,1203156796
12,965944,1,-0,1203156797
12,965947,0.497,0.3036,1203156800
12,965948,1,-0,1203156801
12,965950,0.4865,0.3129,1203156803
12,965952,1,-0,1203156805
12,965957,0.4967,0.3039,1203156810
12,965960,1,-0,1203156813
12,965962,0.4967,0.3039,1203156815
12,965966,1,-0,1203156819
12,965982,0.4933,0.3069,1203156835
12,965988,0.6813,0.1667,1203156841
12,965994,1,-0,1203156847
12,965995,1,-0,1203156848
12,966000,1,-0,1203156853
12,966012,0.1201,0.9205,1203156865
12,966035,0.4967,0.3039,1203156888
12,966036,0.4965,0.3041,1203156889
12,966040,1,-0,1203156893
12,966044,0.5609,0.2511,1203156897
12,966047,0.4737,0.3245,1203156900
12,966309,1,-0,1203157162
12,966322,0.4389,0.3576,1203157175
12,966325,0.2454,0.6101,1203157178
12,966331,1,-0,1203157184
12,966332,1,-0,1203157185
12,966341,0.4933,0.3069,1203157194
12,966353,0.02723,1.565,1203157206
12,966369,1,-0,1203157222
12,966370,0.4933,0.3069,1203157223
12,966372,1,-0,1203157225
12,966373,1,-0,1203157226
12,966377,0.4389,0.3576,1203157230
12,966384,0.7192,0.1432,1203157237
12,966403,0.4967,0.3039,1203157256
12,966405,1,-0,1203157258
12,995830,1,-0,1203186683
12,995833,0.4468,0.3499,1203186686
12,995835,1,-0,1203186688
12,995836,1,-0,1203186689
12,995838,0.8651,0.0629,1203186691
12,995847,1,-0,1203186700
12,995851,1,-0,1203186704
12,995860,0.8209,0.0857,1203186713
12,995862,0.4744,0.3239,1203186715
12,995874,0.4744,0.3239,1203186727
12,995877,1,-0,1203186730
12,995890,1,-0,1203186743
12,995894,1,-0,1203186747
12,995908,0.5667,0.2466,1203186761
12,995910,0.4722,0.3259,1203186763
12,995930,0.4744,0.3239,1203186783
12,995931,0.6839,0.165,1203186784
12,995933,0.4744,0.3239,1203186786
12,995935,1,-0,1203186788
12,995938,1,-0,1203186791
12,995941,0.06106,1.2142,1203186794
12,995952,0.4744,0.3239,1203186805
12,995954,0.4981,0.3027,1203186807
12,996010,1,-0,1203186863
12,996012,0.2207,0.6562,1203186865
12,996028,1,-0,1203186881
12,996033,0.2115,0.6747,1203186886
12,996034,1,-0,1203186887
12,996039,1,-0,1203186892
12,996041,1,-0,1203186894
12,996043,0.5733,0.2416,1203186896
12,996044,1,-0,1203186897
12,996046,1,-0,1203186899
12,996054,0.7717,0.1126,1203186907
12,996063,0.4648,0.3327,1203186916
12,996065,0.499,0.3019,1203186918
12,996066,0.06118,1.2134,1203186919
12,996067,0.06118,1.2134,1203186920
12,996075,0.2143,0.669,1203186928
12,996082,1,-0,1203186935
12,996089,1,-0,1203186942
12,996096,0.4981,0.3027,1203186949
12,996099,1,-0,1203186952
12,996101,1,-0,1203186954
12,996103,0.7737,0.1114,1203186956
12,996105,0.2234,0.6509,1203186958
12,996112,1,-0,1203186965
12,996120,0.6336,0.1982,1203186973
12,996123,1,-0,1203186976
12,996128,0.8492,0.071,1203186981
12,996129,0.6221,0.2061,1203186982
12,996130,0.6221,0.2061,1203186983
12,996133,0.4656,0.332,1203186986
12,996136,0.2234,0.6509,1203186989
12,996144,0.1222,0.9129,1203186997
12,996146,0.4744,0.3239,1203186999
12,996147,0.4981,0.3027,1203187000
12,996148,0.5034,0.2981,1203187001
12,996152,0.0525,1.2798,1203187005
12,996158,0.4286,0.3679,1203187011
12,996164,0.1842,0.7347,1203187017
12,996175,0.0525,1.2798,1203187028
12,996180,0.4921,0.3079,1203187033
12,996207,0.1892,0.7231,1203187060
12,996208,0.1892,0.7231,1203187061
12,1004114,0.7998,0.097,1203194967
12,1004116,0.8041,0.0947,1203194969
12,1004123,0.6176,0.2093,1203194976
12,1004133,0.6755,0.1704,1203194986
12,1004137,0.402,0.3958,1203194990
12,1004143,0.6755,0.1704,1203194996
12,1004144,1,-0,1203194997
12,1004146,1,-0,1203194999
12,1004148,1,-0,1203195001
12,1004165,1,-0,1203195018
12,1004186,1,-0,1203195039
12,1004196,0.4971,0.3036,1203195049
12,1004224,1,-0,1203195077
12,1004235,1,-0,1203195088
12,1004236,0.7613,0.1184,1203195089
12,1004240,0.2714,0.5664,1203195093
12,1004307,0.4857,0.3136,1203195160
12,1004312,0.05813,1.2356,1203195165
12,1004334,0.235,0.6289,1203195187
12,1004343,1,-0,1203195196
12,1004371,0.4968,0.3038,1203195224
12,1004417,0.4971,0.3036,1203195270
12,1004427,1,-0,1203195280
12,1004437,1,-0,1203195290
12,1041495,1,-0,1203232348
12,1041499,1,-0,1203232352
12,1041500,0.6127,0.2128,1203232353
12,1041506,0.2354,0.6282,1203232359
12,1041527,1,-0,1203232380
12,1041528,1,-0,1203232381
12,1041535,1,-0,1203232388
12,1041539,0.497,0.3036,1203232392
12,1041545,0.113,0.9469,1203232398
12,1041546,0.6818,0.1663,1203232399
12,1041577,0.6205,0.2073,1203232430
12,1041582,0.4868,0.3126,1203232435
12,1041594,0.2477,0.6061,1203232447
12,1041603,1,-0,1203232456
12,1041616,0.6127,0.2128,1203232469
12,1041617,0.002572,2.5897,1203232470
12,1041623,0.2477,0.6061,1203232476
12,1041736,0.113,0.9469,1203232589
12,1041743,1,-0,1203232596
12,1041744,0.3571,0.4472,1203232597
12,1041751,1,-0,1203232604
12,1041772,0.2354,0.6282,1203232625
12,1041778,0.5816,0.2354,1203232631
12,1041781,1,-0,1203232634
12,1041793,0.2354,0.6282,1203232646
12,1041794,1,-0,1203232647
12,1041799,0.2772,0.5572,1203232652
12,1055713,0.2357,0.6276,1203246566
12,1055718,0.6206,0.2072,1203246571
12,1055719,0.1745,0.7582,1203246572
12,1055735,1,-0,1203246588
12,1055736,1,-0,1203246589
12,1055739,0.6206,0.2072,1203246592
12,1055741,1,-0,1203246594
12,1055742,0.682,0.1662,1203246595
12,1055753,0.4971,0.3036,1203246606
12,1055761,0.4872,0.3123,1203246614
12,1055777,1,-0,1203246630
12,1055780,0.729,0.1373,1203246633
12,1055791,0.275,0.5607,1203246644
12,1055805,1,-0,1203246658
12,1055815,1,-0,1203246668
12,1055817,0.5267,0.2784,1203246670
12,1055820,0.4338,0.3627,1203246673
12,1055832,1,-0,1203246685
12,1055835,1,-0,1203246688
12,1055837,0.2357,0.6276,1203246690
12,1055838,0.4872,0.3123,1203246691
12,1055840,1,-0,1203246693
12,1055964,0.03391,1.4697,1203246817
12,1055969,0.2457,0.6096,1203246822
12,1055981,0.4872,0.3123,1203246834
12,1055986,1,-0,1203246839
12,1055993,0.3576,0.4466,1203246846
12,1056000,0.4971,0.3036,1203246853
12,1056013,1,-0,1203246866
12,1056016,1,-0,1203246869
12,1056017,0.682,0.1662,1203246870
12,1056018,1,-0,1203246871
12,1056043,1,-0,1203246896
12,1056046,1,-0,1203246899
12,1056047,0.2457,0.6096,1203246900
12,1056060,0.4872,0.3123,1203246913
12,1056062,0.2357,0.6276,1203246915
12,1056075,1,-0,1203246928
12,1056090,0.359,0.4449,1203246943
12,1056101,1,-0,1203246954
12,1056113,1,-0,1203246966
12,1056114,1,-0,1203246967
12,1056115,1,-0,1203246968
12,1056117,0.01367,1.8642,1203246970
12,1056134,1,-0,1203246987
12,1056140,0.01294,1.8881,1203246993
12,1056142,1,-0,1203246995
12,1056144,1,-0,1203246997
12,1056147,1,-0,1203247000
12,1056157,1,-0,1203247010
12,1056158,0.2454,0.6101,1203247011
12,1056170,1,-0,1203247023
12,1056172,1,-0,1203247025
12,1056183,1,-0,1203247036
12,1056184,0.3444,0.4629,1203247037
12,1056197,1,-0,1203247050
12,1056199,0.2101,0.6776,1203247052
12,1056200,0.7657,0.1159,1203247053
12,1056202,1,-0,1203247055
12,1056206,0.1989,0.7014,1203247059
12,1056223,1,-0,1203247076
12,1056225,1,-0,1203247078
12,1056231,0.781,0.1073,1203247084
12,1056235,0.3673,0.435,1203247088
12,1056236,1,-0,1203247089
12,1056403,1,-0,1203247256
12,1056410,0.4552,0.3418,1203247263
12,1056413,0.2768,0.5578,1203247266
12,1056414,1,-0,1203247267
12,1056417,1,-0,1203247270
12,1056420,1,-0,1203247273
12,1056426,1,-0,1203247279
12,1056447,1,-0,1203247300
12,1056450,1,-0,1203247303
12,1056457,1,-0,1203247310
12,1056463,1,-0,1203247316
12,1056464,0.4429,0.3537,1203247317
12,1056466,1,-0,1203247319
12,1056468,0.4969,0.3037,1203247321
12,1056470,0.1204,0.9194,1203247323
12,1056474,1,-0,1203247327
12,1056501,0.7483,0.1259,1203247354
12,1056506,0.2101,0.6776,1203247359
12,1056511,0.3693,0.4326,1203247364
12,1056518,0.02843,1.5462,1203247371
12,1056521,1,-0,1203247374
12,1063263,1,-0,1203254116
12,1063290,1,-0,1203254143
12,1063295,1,-0,1203254148
12,1063308,1,-0,1203254161
12,1063309,1,-0,1203254162
12,1063311,0.4969,0.3037,1203254164
12,1063334,1,-0,1203254187
12,1063337,1,-0,1203254190
12,1063359,1,-0,1203254212
12,1063370,1,-0,1203254223
12,1063375,0.2691,0.5701,1203254228
12,1063376,1,-0,1203254229
12,1063383,1,-0,1203254236
12,1063386,0.4969,0.3037,1203254239
12,1063391,1,-0,1203254244
12,1063591,0.2454,0.6101,1203254444
12,1063617,1,-0,1203254470
12,1063618,0.2454,0.6101,1203254471
12,1063637,0.2768,0.5578,1203254490
12,1063667,1,-0,1203254520
12,1063695,1,-0,1203254548
12,1063701,1,-0,1203254554
12,1063702,0.6096,0.215,1203254555
12,1137075,0.4872,0.3123,1203327928
12,1137087,0.7895,0.1026,1203327940
12,1137092,0.4872,0.3123,1203327945
12,1137098,0.7412,0.1301,1203327951
12,1137099,1,-0,1203327952
12,1137111,0.008855,2.0528,1203327964
12,1137112,0.6206,0.2072,1203327965
12,1137114,1,-0,1203327967
12,1137122,0.3576,0.4466,1203327975
12,1137146,1,-0,1203327999
12,1137166,0.4971,0.3036,1203328019
12,1137168,0.4971,0.3036,1203328021
12,1137170,1,-0,1203328023
12,1137171,1,-0,1203328024
12,1137198,0.4872,0.3123,1203328051
12,1137205,0.1651,0.7823,1203328058
12,1137207,0.3915,0.4073,1203328060
12,1137408,0.09224,1.0351,1203328261
12,1137409,0.7613,0.1184,1203328262
12,1137413,0.6755,0.1704,1203328266
12,1137414,0.2357,0.6276,1203328267
12,1137417,0.2775,0.5567,1203328270
12,1137419,0.4872,0.3123,1203328272
12,1137433,0.11,0.9586,1203328286
12,1137435,1,-0,1203328288
12,1137438,0.4872,0.3123,1203328291
12,1137443,0.2357,0.6276,1203328296
12,1137449,0.2106,0.6765,1203328302
12,1137450,0.4971,0.3036,1203328303
12,1137452,1,-0,1203328305
12,1137455,0.1958,0.7082,1203328308
12,1137472,1,-0,1203328325
12,1137477,0.02858,1.5439,1203328330
12,1137478,0.5267,0.2784,1203328331
12,1137493,0.5265,0.2786,1203328346
12,1137496,0.4872,0.3123,1203328349
12,1137502,0.3677,0.4345,1203328355
12,1137503,0.5658,0.2473,1203328356
12,1154246,1,-0,1203345099
12,1154247,1,-0,1203345100
12,1154253,0.4286,0.3679,1203345106
12,1154255,0.4286,0.3679,1203345108
12,1154296,0.4667,0.331,1203345149
12,1154300,0.4667,0.331,1203345153
12,1154306,0.4667,0.331,1203345159
12,1154311,0.4667,0.331,1203345164
12,1154312,0.4667,0.331,1203345165
12,1154320,0.4667,0.331,1203345173
12,1154325,0.4667,0.331,1203345178
12,1154328,1,-0,1203345181
12,1154343,0.3955,0.4029,1203345196
12,1154345,1,-0,1203345198
12,1154348,0.6807,0.167,1203345201
12,1154361,0.8449,0.0732,1203345214
12,1154363,1,-0,1203345216
12,1154369,0.4964,0.3042,1203345222
12,1154371,1,-0,1203345224
12,1154379,1,-0,1203345232
12,1154380,1,-0,1203345233
12,1154381,0.2407,0.6185,1203345234
12,1154384,0.6165,0.2101,1203345237
12,1154389,0.6165,0.2101,1203345242
12,1154397,0.4964,0.3042,1203345250
12,1154398,0.2445,0.6117,1203345251
12,1154402,1,-0,1203345255
12,1154408,0.4964,0.3042,1203345261
12,1154409,0.2084,0.6811,1203345262
12,1154411,1,-0,1203345264
12,1154413,0.2445,0.6117,1203345266
12,1154414,0.2445,0.6117,1203345267
12,1154416,1,-0,1203345269
12,1154419,0.5616,0.2506,1203345272
12,1154422,0.4964,0.3042,1203345275
12,1154423,1,-0,1203345276
12,1154429,0.6191,0.2082,1203345282
12,1154430,0.2445,0.6117,1203345283
12,1154433,0.05337,1.2727,1203345286
12,1154434,0.6816,0.1665,1203345287
12,1154435,0.8118,0.0906,1203345288
12,1154440,0.6203,0.2074,1203345293
12,1154445,1,-0,1203345298
12,1154451,1,-0,1203345304
12,1154458,1,-0,1203345311
12,1154463,0.4933,0.3069,1203345316
12,1154483,0.3356,0.4742,1203345336
12,1154484,0.4918,0.3082,1203345337
12,1154497,1,-0,1203345350
12,1154502,1,-0,1203345355
12,1154506,0.2232,0.6513,1203345359
12,1154513,0.4716,0.3264,1203345366
12,1154514,1,-0,1203345367
12,1154522,1,-0,1203345375
12,1154532,0.4052,0.3923,1203345385
12,1154533,1,-0,1203345386
12,1154534,0.1831,0.7373,1203345387
12,1154537,0.1024,0.9897,1203345390
12,1154564,0.4769,0.3216,1203345417
12,1154565,0.664,0.1778,1203345418
12,1154567,0.4884,0.3112,1203345420
12,1154629,0.1004,0.9983,1203345482
12,1154633,0.4963,0.3043,1203345486
12,1154639,0.3989,0.3991,1203345492
12,1154645,1,-0,1203345498
12,1154654,0.1667,0.7781,1203345507
12,1154655,0.02846,1.5458,1203345508
12,1154664,0.4933,0.3069,1203345517
12,1154678,1,-0,1203345531
12,1154681,0.6127,0.2128,1203345534
12,1154692,0.2456,0.6098,1203345545
12,1154696,0.7453,0.1277,1203345549
12,1154699,0.6205,0.2073,1203345552
12,1154702,1,-0,1203345555
12,1154704,1,-0,1203345557
12,1154710,1,-0,1203345563
12,1154713,0.6206,0.2072,1203345566
12,1154719,1,-0,1203345572
12,1154725,0.2775,0.5567,1203345578
12,1154728,0.613,0.2125,1203345581
12,1154731,1,-0,1203345584
12,1154742,1,-0,1203345595
12,1154747,1,-0,1203345600
12,1154749,0.3677,0.4345,1203345602
12,1154750,1,-0,1203345603
12,1191633,0.2738,0.5626,1203382486
12,1191635,1,-0,1203382488
12,1191636,0.618,0.209,1203382489
12,1191638,0.4938,0.3064,1203382491
12,1191643,0.4938,0.3064,1203382496
12,1191645,0.3085,0.5107,1203382498
12,1191646,0.6204,0.2073,1203382499
12,1191647,0.2455,0.6099,1203382500
12,1191652,0.4938,0.3064,1203382505
12,1191670,1,-0,1203382523
12,1191693,1,-0,1203382546
12,1191694,1,-0,1203382547
12,1191748,0.4938,0.3064,1203382601
12,1191883,0.4938,0.3064,1203382736
12,1191886,0.1171,0.9314,1203382739
12,1191899,0.497,0.3036,1203382752
12,1191900,1,-0,1203382753
12,1191902,1,-0,1203382755
12,1191931,0.2423,0.6156,1203382784
12,1191933,1,-0,1203382786
12,1191935,1,-0,1203382788
12,1191942,0.4938,0.3064,1203382795
12,1191954,0.3285,0.4835,1203382807
12,1191967,0.497,0.3036,1203382820
12,1191977,0.4938,0.3064,1203382830
12,1191990,0.6516,0.186,1203382843
12,1191991,1,-0,1203382844
12,1191995,1,-0,1203382848
12,1192007,1,-0,1203382860
12,1300373,0.01093,1.9614,1203491226
12,1300384,1,-0,1203491237
12,1300390,0.4974,0.3033,1203491243
12,1300399,0.8601,0.0655,1203491252
12,1300419,0.8706,0.0602,1203491272
12,1300422,1,-0,1203491275
12,1300423,0.8706,0.0602,1203491276
12,1300425,0.48,0.3188,1203491278
12,1300427,1,-0,1203491280
12,1300429,0.7745,0.111,1203491282
12,1300430,1,-0,1203491283
12,1300432,0.6211,0.2068,1203491285
12,1300433,0.04917,1.3083,1203491286
12,1300438,0.1369,0.8636,1203491291
12,1300439,0.1842,0.7347,1203491292
12,1300441,0.2287,0.6407,1203491294
12,1300442,1,-0,1203491295
12,1300443,0.2462,0.6087,1203491296
12,1300448,0.48,0.3188,1203491301
12,1300452,0.05811,1.2357,1203491305
12,1300489,1,-0,1203491342
12,1300492,0.6211,0.2068,1203491345
12,1300493,0.3129,0.5046,1203491346
12,1300494,0.48,0.3188,1203491347
12,1300499,1,-0,1203491352
12,1300640,0.4467,0.35,1203491493
12,1300654,0.4974,0.3033,1203491507
12,1300671,1,-0,1203491524
12,1300682,0.04917,1.3083,1203491535
12,1300685,0.195,0.71,1203491538
12,1300688,0.48,0.3188,1203491541
12,1300689,0.2789,0.5546,1203491542
12,1300691,0.05543,1.2563,1203491544
12,1300692,0.48,0.3188,1203491545
12,1300695,0.0143,1.8447,1203491548
12,1300696,0.48,0.3188,1203491549
12,1300698,0.0143,1.8447,1203491551
12,1300706,0.02859,1.5438,1203491559
12,1300709,0.6319,0.1994,1203491562
12,1300719,1,-0,1203491572
12,1300734,1,-0,1203491587
12,1300747,0.3544,0.4505,1203491600
12,1300750,0.2462,0.6087,1203491603
12,1300762,0.4974,0.3033,1203491615
12,1425853,1,-0,1203616706
12,1425862,0.6311,0.1999,1203616715
12,1425889,0.2227,0.6523,1203616742
12,1425890,0.7571,0.1208,1203616743
12,1425897,1,-0,1203616750
12,1425902,1,-0,1203616755
12,1425904,1,-0,1203616757
12,1425905,0.7392,0.1312,1203616758
12,1425906,0.2287,0.6407,1203616759
12,1425907,1,-0,1203616760
12,1425923,1,-0,1203616776
12,1425925,0.2471,0.6071,1203616778
12,1425926,1,-0,1203616779
12,1425935,1,-0,1203616788
12,1425946,1,-0,1203616799
12,1425955,1,-0,1203616808
12,1425971,0.4737,0.3245,1203616824
12,1425973,1,-0,1203616826
12,1426263,1,-0,1203617116
12,1426273,0.4737,0.3245,1203617126
12,1426276,0.6035,0.2193,1203617129
12,1426295,0.3454,0.4617,1203617148
12,1426299,1,-0,1203617152
12,1426325,0.6221,0.2061,1203617178
12,1426331,0.4737,0.3245,1203617184
12,1426335,0.05934,1.2267,1203617188
12,1426355,1,-0,1203617208
12,1426361,1,-0,1203617214
12,1426367,0.2462,0.6087,1203617220
12,1426387,0.5002,0.3009,1203617240
12,1426388,0.3129,0.5046,1203617241
12,1426391,0.4737,0.3245,1203617244
12,1426398,0.4981,0.3027,1203617251
12,1583578,1,-0,1203774431
12,1583587,1,-0,1203774440
12,1583593,0.4884,0.3112,1203774446
12,1583598,0.1854,0.7319,1203774451
12,1583613,0.10780000000000001,0.9674,1203774466
12,1583645,0.4884,0.3112,1203774498
12,1583653,0.4884,0.3112,1203774506
12,1583654,0.656,0.1831,1203774507
12,1583976,0.4884,0.3112,1203774829
12,1583996,1,-0,1203774849
12,1584038,0.6909,0.1606,1203774891
12,1584039,0.2231,0.6515,1203774892
12,1584042,1,-0,1203774895
12,1584055,1,-0,1203774908
12,1584057,1,-0,1203774910
12,1584087,1,-0,1203774940
12,1584098,0.664,0.1778,1203774951
12,1584105,1,-0,1203774958
12,1584118,0.7802,0.10780000000000001,1203774971
12,1584123,0.4967,0.3039,1203774976
12,1584134,1,-0,1203774987
12,1584136,1,-0,1203774989
12,1584143,1,-0,1203774996
12,1584152,0.2758,0.5594,1203775005
12,1584157,0.442,0.3546,1203775010
12,1584166,0.4967,0.3039,1203775019
12,1584189,0.245,0.6108,1203775042
12,1584203,1,-0,1203775056
12,1584208,0.245,0.6108,1203775061
12,1584211,1,-0,1203775064
12,1584214,1,-0,1203775067
12,1584215,0.2487,0.6043,1203775068
12,1584218,1,-0,1203775071
12,1584220,1,-0,1203775073
12,1584228,0.3474,0.4592,1203775081
12,1584238,1,-0,1203775091
12,1584244,1,-0,1203775097
12,1584247,1,-0,1203775100
12,1584484,1,-0,1203775337
12,1584493,1,-0,1203775346
12,1584494,1,-0,1203775347
12,1584497,0.3666,0.4358,1203775350
12,1584498,0.00216,2.6655,1203775351
12,1584499,0.00216,2.6655,1203775352
12,1584501,0.62,0.2076,1203775354
12,1584511,0.4974,0.3033,1203775364
12,1584520,0.02844,1.5461,1203775373
12,1584521,0.008457,2.0728,1203775374
12,1584528,1,-0,1203775381
12,1584537,0.03248,1.4884,1203775390
12,1584538,1,-0,1203775391
12,1584544,0.5075,0.2946,1203775397
12,1584558,0.03794,1.4209,1203775411
12,1584559,0.06402,1.1937,1203775412
12,1584572,0.07803,1.1077,1203775425
12,1584573,0.07803,1.1077,1203775426
12,1584579,1,-0,1203775432
12,1584587,0.4186,0.3782,1203775440
12,1584606,1,-0,1203775459
12,1584611,1,-0,1203775464
12,1639180,1,-0,1203830033
12,1639185,1,-0,1203830038
12,1639186,0.1406,0.852,1203830039
12,1639187,0.6178,0.2092,1203830040
12,1639198,0.49370000000000003,0.3065,1203830051
12,1639209,1,-0,1203830062
12,1639212,1,-0,1203830065
12,1639215,0.6254,0.2038,1203830068
12,1639216,0.07883,1.1033,1203830069
12,1639217,1,-0,1203830070
12,1639219,0.2421,0.616,1203830072
12,1639229,1,-0,1203830082
12,1639237,0.49370000000000003,0.3065,1203830090
12,1639238,0.49370000000000003,0.3065,1203830091
12,1639245,0.7143,0.1461,1203830098
12,1639250,0.4872,0.3123,1203830103
12,1639261,0.7484,0.1259,1203830114
12,1639265,1,-0,1203830118
12,1639266,0.4737,0.3245,1203830119
12,1639275,1,-0,1203830128
12,1639291,0.5185,0.2853,1203830144
12,1639292,0.1221,0.9133,1203830145
12,1639293,0.4737,0.3245,1203830146
12,1639299,1,-0,1203830152
12,1639414,0.1282,0.8921,1203830267
12,1639415,0.5892,0.2297,1203830268
12,1639419,0.3484,0.4579,1203830272
12,1639428,1,-0,1203830281
12,1639441,0.3639,0.439,1203830294
12,1639449,0.49370000000000003,0.3065,1203830302
12,1639450,1,-0,1203830303
12,1639486,0.118,0.9281,1203830339
12,1639502,1,-0,1203830355
12,1639503,1,-0,1203830356
12,1639507,1,-0,1203830360
12,1668406,1,-0,1203859259
12,1668413,0.2234,0.6509,1203859266
12,1668417,1,-0,1203859270
12,1668418,1,-0,1203859271
12,1668419,0.4238,0.3728,1203859272
12,1668420,0.6221,0.2061,1203859273
12,1668424,0.3336,0.4768,1203859277
12,1668429,0.604,0.219,1203859282
12,1668431,1,-0,1203859284
12,1668433,0.604,0.219,1203859286
12,1668436,0.3343,0.4759,1203859289
12,1668437,0.2471,0.6071,1203859290
12,1668438,0.4744,0.3239,1203859291
12,1668439,0.4744,0.3239,1203859292
12,1668444,1,-0,1203859297
12,1668455,0.2234,0.6509,1203859308
12,1668456,1,-0,1203859309
12,1668465,0.604,0.219,1203859318
12,1668466,0.5929,0.227,1203859319
12,1668467,1,-0,1203859320
12,1668476,0.5222,0.2822,1203859329
12,1668477,0.3312,0.4799,1203859330
12,1668480,0.6082,0.216,1203859333
12,1668483,1,-0,1203859336
12,1668488,0.4805,0.3183,1203859341
12,1668493,0.2462,0.6087,1203859346
12,1668501,0.05106,1.2919,1203859354
12,1668511,1,-0,1203859364
12,1668515,0.6717,0.1728,1203859368
12,1668516,1,-0,1203859369
12,1668528,0.6082,0.216,1203859381
12,1668609,0.4744,0.3239,1203859462
12,1668611,0.4981,0.3027,1203859464
12,1668619,0.4744,0.3239,1203859472
12,1668623,0.1909,0.7192,1203859476
12,1668630,0.4744,0.3239,1203859483
12,1668649,0.4744,0.3239,1203859502
12,1668653,0.03701,1.4317,1203859506
12,1668661,1,-0,1203859514
12,1668676,0.3461,0.4608,1203859529
12,1668677,1,-0,1203859530
12,1668684,0.4981,0.3027,1203859537
12,1668689,0.3187,0.4966,1203859542
12,1668705,0.6058,0.2177,1203859558
12,1668707,1,-0,1203859560
12,1668708,0.3461,0.4608,1203859561
12,1668709,0.2471,0.6071,1203859562
12,1668710,0.3744,0.4267,1203859563
12,1668722,0.4744,0.3239,1203859575
12,1668730,0.4744,0.3239,1203859583
12,1699631,0.6204,0.2073,1203890484
12,1699632,0.4954,0.305,1203890485
12,1699636,1,-0,1203890489
12,1699638,1,-0,1203890491
12,1699642,0.285,0.5452,1203890495
12,1699659,1,-0,1203890512
12,1699664,1,-0,1203890517
12,1699676,1,-0,1203890529
12,1699678,1,-0,1203890531
12,1699688,1,-0,1203890541
12,1699689,0.7461,0.1272,1203890542
12,1699700,1,-0,1203890553
12,1699704,1,-0,1203890557
12,1699713,0.7657,0.1159,1203890566
12,1699714,0.6266,0.203,1203890567
12,1699729,1,-0,1203890582
12,1699730,0.247,0.6073,1203890583
12,1699731,0.5345,0.2721,1203890584
12,1699732,1,-0,1203890585
12,1699734,1,-0,1203890587
12,1699735,0.4545,0.3425,1203890588
12,1699743,0.4969,0.3037,1203890596
12,1699745,1,-0,1203890598
12,1699752,1,-0,1203890605
12,1699765,0.4963,0.3043,1203890618
12,1699969,0.02602,1.5847,1203890822
12,1699984,0.3673,0.435,1203890837
12,1699987,0.4969,0.3037,1203890840
12,1699989,0.4969,0.3037,1203890842
12,1700003,1,-0,1203890856
12,1700019,1,-0,1203890872
12,1700022,0.2447,0.6114,1203890875
12,1700028,0.4969,0.3037,1203890881
12,1700057,0.4969,0.3037,1203890910
12,1700087,1,-0,1203890940
12,1700089,1,-0,1203890942
12,1700094,0.4969,0.3037,1203890947
12,1703284,0.4938,0.3064,1203894137
12,1703289,1,-0,1203894142
12,1703290,0.4938,0.3064,1203894143
12,1703297,0.4938,0.3064,1203894150
12,1703317,1,-0,1203894170
12,1703318,0.2455,0.6099,1203894171
12,1703321,0.4753,0.323,1203894174
12,1703332,0.618,0.209,1203894185
12,1703334,0.497,0.3036,1203894187
12,1703335,0.497,0.3036,1203894188
12,1703340,0.6204,0.2073,1203894193
12,1703341,1,-0,1203894194
12,1703342,0.4938,0.3064,1203894195
12,1703344,0.2072,0.6836,1203894197
12,1703346,1,-0,1203894199
12,1703355,1,-0,1203894208
12,1703359,1,-0,1203894212
12,1703370,0.497,0.3036,1203894223
12,1703384,1,-0,1203894237
12,1703390,1,-0,1203894243
12,1703392,1,-0,1203894245
12,1703402,0.00801,2.0964,1203894255
12,1703408,1,-0,1203894261
12,1703413,0.6204,0.2073,1203894266
12,1703414,0.1181,0.9278,1203894267
12,1703500,0.4938,0.3064,1203894353
12,1703511,0.2423,0.6156,1203894364
12,1703512,0.2423,0.6156,1203894365
12,1703520,0.6817,0.1664,1203894373
12,1703522,0.4938,0.3064,1203894375
12,1703526,0.2423,0.6156,1203894379
12,1703550,1,-0,1203894403
12,1703552,0.6397,0.194,1203894405
12,1703553,1,-0,1203894406
12,1703557,0.618,0.209,1203894410
12,1703560,1,-0,1203894413
12,1703566,1,-0,1203894419
12,1703569,0.4938,0.3064,1203894422
12,1703571,1,-0,1203894424
12,1703573,1,-0,1203894426
12,1703580,0.6204,0.2073,1203894433
12,1703602,1,-0,1203894455
12,1703603,0.4938,0.3064,1203894456
12,1703606,0.4938,0.3064,1203894459
12,1703610,1,-0,1203894463
12,1703611,0.4938,0.3064,1203894464
12,1703612,1,-0,1203894465
12,1703626,1,-0,1203894479
12,1703631,0.2072,0.6836,1203894484
12,1703632,1,-0,1203894485
12,1717473,1,-0,1203908326
12,1717484,1,-0,1203908337
12,1717505,1,-0,1203908358
12,1717506,1,-0,1203908359
12,1717507,0.5082,0.294,1203908360
12,1717535,0.5894,0.2296,1203908388
12,1717542,1,-0,1203908395
12,1717543,1,-0,1203908396
12,1717544,1,-0,1203908397
12,1717545,0.4969,0.3037,1203908398
12,1717565,0.4969,0.3037,1203908418
12,1717573,1,-0,1203908426
12,1717575,1,-0,1203908428
12,1717586,1,-0,1203908439
12,1717587,1,-0,1203908440
12,1717589,1,-0,1203908442
12,1717590,0.187,0.7282,1203908443
12,1717591,0.7461,0.1272,1203908444
12,1717602,1,-0,1203908455
12,1717603,1,-0,1203908456
12,1717604,0.4308,0.3657,1203908457
12,1717711,1,-0,1203908564
12,1717731,1,-0,1203908584
12,1717743,0.4969,0.3037,1203908596
12,1717749,0.4954,0.305,1203908602
12,1717753,1,-0,1203908606
12,1717754,1,-0,1203908607
12,1717757,0.7146,0.1459,1203908610
12,1717761,0.7146,0.1459,1203908614
12,1717769,1,-0,1203908622
12,1717781,0.4969,0.3037,1203908634
12,1717782,1,-0,1203908635
12,1717784,1,-0,1203908637
12,1717792,1,-0,1203908645
12,1717797,0.4969,0.3037,1203908650
12,1717809,1,-0,1203908662
12,1717814,0.6204,0.2073,1203908667
12,1717824,1,-0,1203908677
12,1717830,1,-0,1203908683
12,1717835,0.4308,0.3657,1203908688
12,1801145,1,-0,1203991998
12,1801157,1,-0,1203992010
12,1801166,0.4969,0.3037,1203992019
12,1801168,1,-0,1203992021
12,1801171,1,-0,1203992024
12,1801173,0.8704,0.0603,1203992026
12,1801198,1,-0,1203992051
12,1801206,1,-0,1203992059
12,1801217,0.8311,0.0803,1203992070
12,1801220,1,-0,1203992073
12,1801224,1,-0,1203992077
12,1801229,1,-0,1203992082
12,1801230,1,-0,1203992083
12,1801231,1,-0,1203992084
12,1801252,0.4426,0.354,1203992105
12,1801464,1,-0,1203992317
12,1801465,0.606,0.2175,1203992318
12,1801469,1,-0,1203992322
12,1801482,1,-0,1203992335
12,1801490,1,-0,1203992343
12,1801492,1,-0,1203992345
12,1801493,0.6292,0.2012,1203992346
12,1801500,0.2454,0.6101,1203992353
12,1801503,1,-0,1203992356
12,1801504,1,-0,1203992357
12,1801515,0.43,0.3665,1203992368
12,1801523,1,-0,1203992376
12,1801525,0.2323,0.634,1203992378
12,1801531,1,-0,1203992384
12,1801536,1,-0,1203992389
12,1801538,1,-0,1203992391
12,1801540,0.6191,0.2082,1203992393
12,1801546,1,-0,1203992399
12,1801547,0.2454,0.6101,1203992400
12,1801549,1,-0,1203992402
12,1801553,1,-0,1203992406
12,1801558,1,-0,1203992411
12,1801561,1,-0,1203992414
12,1801566,1,-0,1203992419
12,1801567,0.1344,0.8716,1203992420
12,1801569,0.5043,0.2973,1203992422
12,1801570,0.1674,0.7762,1203992423
12,1801571,1,-0,1203992424
12,1801573,1,-0,1203992426
12,1801579,1,-0,1203992432
12,1801587,0.5894,0.2296,1203992440
12,1801595,1,-0,1203992448
12,1801599,0.6204,0.2073,1203992452
12,1801600,1,-0,1203992453
12,1805380,0.4104,0.3868,1203996233
12,1805437,1,-0,1203996290
12,1805443,1,-0,1203996296
12,1805452,1,-0,1203996305
12,1805455,1,-0,1203996308
12,1805461,1,-0,1203996314
12,1805473,1,-0,1203996326
12,1805476,1,-0,1203996329
12,1805479,1,-0,1203996332
12,1805731,1,-0,1203996584
12,1805767,1,-0,1203996620
12,1805842,0.3673,0.435,1203996695
12,1908099,0.06142,1.2117,1204098952
12,1908159,0.2417,0.6167,1204099012
12,1908163,0.1201,0.9205,1204099016
12,1908164,0.7172,0.1444,1204099017
12,1908173,1,-0,1204099026
12,1908177,0.5609,0.2511,1204099030
12,1908188,1,-0,1204099041
12,1908192,0.4667,0.331,1204099045
12,1908195,0.5841,0.2335,1204099048
12,1908197,0.4933,0.3069,1204099050
12,1908206,1,-0,1204099059
12,1908347,0.6172,0.2096,1204099200
12,1908355,0.6201,0.2075,1204099208
12,1908356,0.3633,0.4397,1204099209
12,1908369,0.4967,0.3039,1204099222
12,1908377,1,-0,1204099230
12,1908380,0.679,0.1681,1204099233
12,1908384,0.4933,0.3069,1204099237
12,1908397,0.3633,0.4397,1204099250
12,1908405,0.05846,1.2331,1204099258
12,1908411,0.6174,0.2094,1204099264
12,1908412,0.2725,0.5646,1204099265
12,1908413,0.02825,1.549,1204099266
12,1908415,0.7192,0.1432,1204099268
12,1908419,0.03247,1.4885,1204099272
12,1908427,0.6174,0.2094,1204099280
12,1908435,0.2417,0.6167,1204099288
12,1908445,0.557,0.2541,1204099298
12,1908455,0.089,1.0506,1204099308
12,1908461,0.6201,0.2075,1204099314
12,1908469,0.02723,1.565,1204099322
12,1908475,0.4967,0.3039,1204099328
12,1936771,0.3673,0.435,1204127624
12,1936773,1,-0,1204127626
12,1936781,0.1204,0.9194,1204127634
12,1936792,1,-0,1204127645
12,1936793,0.4969,0.3037,1204127646
12,1936814,0.7197,0.1428,1204127667
12,1936831,1,-0,1204127684
12,1937165,0.187,0.7282,1204128018
12,1937167,0.4926,0.3075,1204128020
12,1937179,1,-0,1204128032
12,1937181,1,-0,1204128034
12,1937193,1,-0,1204128046
12,1937206,1,-0,1204128059
12,1937211,1,-0,1204128064
12,1937225,1,-0,1204128078
12,1937234,1,-0,1204128087
12,1937235,0.1675,0.776,1204128088
12,1937249,1,-0,1204128102
12,1937252,1,-0,1204128105
12,1937280,1,-0,1204128133
12,1937283,1,-0,1204128136
12,1937300,0.8736,0.0587,1204128153
12,1937302,1,-0,1204128155
12,1937303,1,-0,1204128156
12,1937310,0.4935,0.3067,1204128163
12,1937315,1,-0,1204128168
12,1937321,1,-0,1204128174
12,1937326,0.4968,0.3038,1204128179
12,1937329,1,-0,1204128182
12,1937337,0.4425,0.3541,1204128190
12,1937345,0.2419,0.6164,1204128198
12,1937349,0.1357,0.8674,1204128202
12,1937352,0.4968,0.3038,1204128205
12,1937359,0.273,0.5638,1204128212
12,1937361,0.367,0.4353,1204128214
12,1937362,1,-0,1204128215
12,1937367,1,-0,1204128220
12,1937375,1,-0,1204128228
12,1937377,1,-0,1204128230
12,1937378,0.07551,1.122,1204128231
12,1937380,1,-0,1204128233
12,1937383,0.2419,0.6164,1204128236
12,1937391,0.7477,0.1263,1204128244
12,1937397,0.2419,0.6164,1204128250
12,1937398,1,-0,1204128251
12,1937409,1,-0,1204128262
12,1937410,0.2419,0.6164,1204128263
12,1937411,0.6311,0.1999,1204128264
12,1937418,0.4935,0.3067,1204128271
12,1937421,1,-0,1204128274
12,1937428,0.4935,0.3067,1204128281
12,1937429,0.4968,0.3038,1204128282
12,1937432,0.4969,0.3037,1204128285
12,1937656,0.1268,0.8969,1204128509
12,1937660,0.7189,0.1433,1204128513
12,1937661,0.5496,0.26,1204128514
12,1937663,0.2546,0.5941,1204128516
12,1937668,1,-0,1204128521
12,1937674,0.2449,0.611,1204128527
12,1937675,0.1199,0.9212,1204128528
12,1937678,0.4966,0.304,1204128531
12,1937683,1,-0,1204128536
12,1937686,1,-0,1204128539
12,1937688,0.07771,1.1095,1204128541
12,1937692,1,-0,1204128545
12,1937709,0.4966,0.304,1204128562
12,1937712,0.4966,0.304,1204128565
12,1937716,0.7647,0.1165,1204128569
12,1956870,1,-0,1204147723
12,1956881,1,-0,1204147734
12,1956907,1,-0,1204147760
12,1956917,1,-0,1204147770
12,1956934,1,-0,1204147787
12,1956936,1,-0,1204147789
12,1956967,1,-0,1204147820
12,1957059,0.4912,0.3087,1204147912
12,1957060,1,-0,1204147913
12,1957061,1,-0,1204147914
12,1957062,1,-0,1204147915
12,1957068,1,-0,1204147921
12,1957070,1,-0,1204147923
12,1957073,1,-0,1204147926
12,1957075,1,-0,1204147928
12,1957088,1,-0,1204147941
12,1957090,1,-0,1204147943
12,1957095,1,-0,1204147948
12,1957100,1,-0,1204147953
12,1957101,0.5894,0.2296,1204147954
12,1957110,1,-0,1204147963
12,1957111,1,-0,1204147964
12,1957114,1,-0,1204147967
12,1957115,0.4969,0.3037,1204147968
12,1957116,1,-0,1204147969
12,1957127,0.4969,0.3037,1204147980
12,1957132,1,-0,1204147985
12,1957133,0.1169,0.9322,1204147986
12,1957135,0.4969,0.3037,1204147988
12,1957140,1,-0,1204147993
12,1957141,1,-0,1204147994
12,1957146,1,-0,1204147999
12,1957156,1,-0,1204148009
12,1957162,1,-0,1204148015
12,1957166,1,-0,1204148019
12,1957170,1,-0,1204148023
12,1957178,1,-0,1204148031
12,2026897,1,-0,1204217750
12,2026909,0.02846,1.5458,1204217762
12,2026915,1,-0,1204217768
12,2026920,1,-0,1204217773
12,2026926,0.4938,0.3064,1204217779
12,2026927,1,-0,1204217780
12,2026938,0.2423,0.6156,1204217791
12,2026946,1,-0,1204217799
12,2026949,1,-0,1204217802
12,2026952,0.02846,1.5458,1204217805
12,2026959,1,-0,1204217812
12,2026967,0.0334,1.4763,1204217820
12,2026981,0.4938,0.3064,1204217834
12,2026984,0.4938,0.3064,1204217837
12,2026989,1,-0,1204217842
12,2026990,0.1205,0.919,1204217843
12,2026998,1,-0,1204217851
12,2027005,0.06634,1.1782,1204217858
12,2027009,0.4938,0.3064,1204217862
12,2027030,0.02958,1.529,1204217883
12,2027032,0.4981,0.3027,1204217885
12,2027122,1,-0,1204217975
12,2027144,1,-0,1204217997
12,2027157,1,-0,1204218010
12,2027158,0.4938,0.3064,1204218011
12,2027159,1,-0,1204218012
12,2027164,0.1615,0.7918,1204218017
12,2027165,1,-0,1204218018
12,2027166,0.2455,0.6099,1204218019
12,2027168,1,-0,1204218021
12,2027169,1,-0,1204218022
12,2027170,0.497,0.3036,1204218023
12,2027177,1,-0,1204218030
12,2027183,0.497,0.3036,1204218036
12,2027186,0.497,0.3036,1204218039
12,2027189,0.4938,0.3064,1204218042
12,2027196,1,-0,1204218049
12,2027206,0.2441,0.61240000000000006,1204218059
12,2027207,1,-0,1204218060
12,2027219,0.497,0.3036,1204218072
12,2027222,0.497,0.3036,1204218075
12,2027224,0.4938,0.3064,1204218077
12,2261879,1,-0,1204452732
12,2261880,1,-0,1204452733
12,2261888,0.4875,0.312,1204452741
12,2261914,0.358,0.4461,1204452767
12,2261926,0.4875,0.312,1204452779
12,2261931,0.244,0.6126,1204452784
12,2261935,0.6133,0.2123,1204452788
12,2261944,0.4972,0.3035,1204452797
12,2261945,0.4343,0.3622,1204452798
12,2261949,0.03438,1.4637,1204452802
12,2261950,1,-0,1204452803
12,2261963,0.1136,0.9446,1204452816
12,2261964,1,-0,1204452817
12,2261973,0.2234,0.6509,1204452826
12,2261976,0.2234,0.6509,1204452829
12,2261979,0.4744,0.3239,1204452832
12,2261983,0.4981,0.3027,1204452836
12,2261986,0.1909,0.7192,1204452839
12,2261989,0.4744,0.3239,1204452842
12,2261990,1,-0,1204452843
12,2262004,1,-0,1204452857
12,2262007,0.5965,0.2244,1204452860
12,2262172,1,-0,1204453025
12,2262186,0.2361,0.6269,1204453039
12,2262197,0.4875,0.312,1204453050
12,2262205,0.4313,0.3652,1204453058
12,2262209,1,-0,1204453062
12,2262229,0.4972,0.3035,1204453082
12,2262235,1,-0,1204453088
12,2262238,1,-0,1204453091
12,2262250,1,-0,1204453103
12,2262263,0.4972,0.3035,1204453116
12,2262269,0.4875,0.312,1204453122
12,2262278,0.6133,0.2123,1204453131
12,2262280,0.358,0.4461,1204453133
12,2262285,0.2016,0.6955,1204453138
12,2262286,0.7416,0.1298,1204453139
12,2262291,1,-0,1204453144
12,2262299,1,-0,1204453152
12,2281016,1,-0,1204471869
12,2281024,1,-0,1204471877
12,2281044,0.7412,0.1301,1204471897
12,2281066,1,-0,1204471919
12,2281070,0.6257,0.2036,1204471923
12,2281071,0.5139,0.2891,1204471924
12,2281073,0.618,0.209,1204471926
12,2281077,0.4938,0.3064,1204471930
12,2281078,1,-0,1204471931
12,2281079,1,-0,1204471932
12,2281081,1,-0,1204471934
12,2281086,0.443,0.3536,1204471939
12,2281087,0.08669,1.062,1204471940
12,2281096,0.3671,0.4352,1204471949
12,2281112,1,-0,1204471965
12,2281114,0.497,0.3036,1204471967
12,2281116,1,-0,1204471969
12,2281120,0.7658,0.1159,1204471973
12,2281134,0.6269,0.2028,1204471987
12,2281137,0.2455,0.6099,1204471990
12,2281142,0.4938,0.3064,1204471995
12,2281149,0.2102,0.6774,1204472002
12,2281155,0.7462,0.1271,1204472008
12,2281156,1,-0,1204472009
12,2281163,1,-0,1204472016
12,2281168,0.4875,0.312,1204472021
12,2281169,0.2885,0.5399,1204472022
12,2281172,0.725,0.1397,1204472025
12,2281179,1,-0,1204472032
12,2281268,0.1538,0.813,1204472121
12,2281278,0.0975,1.011,1204472131
12,2281285,0.4913,0.3087,1204472138
12,2281309,0.7172,0.1444,1204472162
12,2281310,1,-0,1204472163
12,2281313,0.8446,0.0733,1204472166
12,2281320,0.134,0.8729,1204472173
12,2281330,1,-0,1204472183
12,2281333,1,-0,1204472186
12,2281334,0.846,0.0726,1204472187
12,2281337,0.4844,0.3148,1204472190
12,2281347,0.1497,0.8248,1204472200
12,2281348,0.8462,0.0725,1204472201
12,2281352,0.8431,0.0741,1204472205
12,2281353,0.6937,0.1588,1204472206
12,2281354,0.1948,0.7104,1204472207
12,2281359,0.3081,0.5113,1204472212
12,2281361,0.268,0.5719,1204472214
12,2281362,0.5589,0.2527,1204472215
12,2281366,0.4915,0.3085,1204472219
12,2281367,1,-0,1204472220
12,2281374,0.1871,0.7279,1204472227
12,2281383,0.833,0.0794,1204472236
12,2281391,0.04859,1.3135,1204472244
12,2281393,0.005659,2.2473,1204472246
12,2281401,1,-0,1204472254
12,2281402,1,-0,1204472255
12,2281411,0.2398,0.6202,1204472264
12,2281414,1,-0,1204472267
12,2281420,0.6244,0.2045,1204472273
12,2281431,0.3279,0.4843,1204472284
12,2281445,1,-0,1204472298
12,2281450,0.2178,0.6619,1204472303
12,2281451,0.2014,0.6959,1204472304
12,2281456,0.4933,0.3069,1204472309
12,2281462,1,-0,1204472315
12,2281465,1,-0,1204472318
12,2281470,1,-0,1204472323
12,2281479,1,-0,1204472332
12,2281480,0.4969,0.3037,1204472333
12,2281497,0.7464,0.127,1204472350
12,2281507,1,-0,1204472360
12,2281530,1,-0,1204472383
12,2281531,0.6202,0.2075,1204472384
12,2281538,1,-0,1204472391
12,2281542,0.344,0.4634,1204472395
12,2281572,1,-0,1204472425
12,2281579,0.4158,0.3811,1204472432
12,2281590,1,-0,1204472443
12,2281594,0.8214,0.0854,1204472447
12,2281614,1,-0,1204472467
12,2281618,0.7967,0.0987,1204472471
12,2281624,1,-0,1204472477
12,2281633,1,-0,1204472486
12,2281636,1,-0,1204472489
12,2281649,0.2499,0.6022,1204472502
12,2281652,0.8305,0.0807,1204472505
12,2281657,0.4999,0.3011,1204472510
12,2281659,0.4999,0.3011,1204472512
12,2281660,0.3641,0.4388,1204472513
12,2281674,1,-0,1204472527
12,2281701,0.1346,0.871,1204472554
12,2281725,1,-0,1204472578
12,2281726,1,-0,1204472579
12,2281746,1,-0,1204472599
12,2281755,0.4967,0.3039,1204472608
12,2281760,0.09596,1.0179,1204472613
12,2281767,0.2091,0.6796,1204472620
12,2281775,0.659,0.1811,1204472628
12,2281776,0.07385,1.1316,1204472629
12,2281778,0.3206,0.494,1204472631
12,2281782,1,-0,1204472635
12,2281792,0.1932,0.714,1204472645
12,2281793,0.4423,0.3543,1204472646
12,2281796,0.4423,0.3543,1204472649
12,2281803,0.08091,1.092,1204472656
12,2281806,0.5824,0.2348,1204472659
12,2281809,0.5019,0.2994,1204472662
12,2350948,0.4969,0.3037,1204541801
12,2350965,0.21,0.6778,1204541818
12,2350968,1,-0,1204541821
12,2350975,0.49370000000000003,0.3065,1204541828
12,2350977,0.3672,0.4351,1204541830
12,2350982,0.4969,0.3037,1204541835
12,2350983,1,-0,1204541836
12,2350987,1,-0,1204541840
12,2350989,0.49370000000000003,0.3065,1204541842
12,2351244,0.2421,0.616,1204542097
12,2351253,1,-0,1204542106
12,2351256,1,-0,1204542109
12,2351259,0.3672,0.4351,1204542112
12,2351263,0.49370000000000003,0.3065,1204542116
12,2351290,1,-0,1204542143
12,2351299,1,-0,1204542152
12,2351313,0.49370000000000003,0.3065,1204542166
12,2351320,1,-0,1204542173
12,2351330,0.7794,0.1082,1204542183
12,2351347,0.4969,0.3037,1204542200
12,2351363,0.118,0.9281,1204542216
12,2418302,0.06667,1.1761,1204609155
12,2418445,0.06667,1.1761,1204609298
12,2418482,0.06667,1.1761,1204609335
12,2418525,0.5793,0.2371,1204609378
12,2418530,1,-0,1204609383
12,2418531,0.1921,0.7165,1204609384
12,2418533,0.02199,1.6578,1204609386
12,2418540,1,-0,1204609393
12,2418548,0.5028,0.2986,1204609401
12,2418549,0.0828,1.082,1204609402
12,2418551,0.4407,0.3559,1204609404
12,2418555,0.5028,0.2986,1204609408
12,2418586,0.2542,0.5948,1204609439
12,2418617,0.7112,0.148,1204609470
12,2418622,0.4407,0.3559,1204609475
12,2418626,0.2542,0.5948,1204609479
12,2418651,1,-0,1204609504
12,2418709,1,-0,1204609562
12,2418714,0.6813,0.1667,1204609567
12,2418715,0.6632,0.1784,1204609568
12,2418730,0.6813,0.1667,1204609583
12,2418750,0.4982,0.3026,1204609603
12,2418761,1,-0,1204609614
12,2418762,0.09981,1.0008,1204609615
12,2418769,0.4967,0.3039,1204609622
12,2418772,0.4219,0.3748,1204609625
12,2418774,0.227,0.644,1204609627
12,2418807,1,-0,1204609660
12,2418816,0.7455,0.1276,1204609669
12,2418839,0.8141,0.0893,1204609692
12,2418887,0.4872,0.3123,1204609740
12,2418888,1,-0,1204609741
12,2418910,1,-0,1204609763
12,2418932,0.49370000000000003,0.3065,1204609785
12,2418933,0.49370000000000003,0.3065,1204609786
12,2418967,1,-0,1204609820
12,2418995,1,-0,1204609848
12,2497260,1,-0,1204688113
12,2497262,0.681,0.1669,1204688115
12,2497263,1,-0,1204688116
12,2497269,0.6199,0.2077,1204688122
12,2497270,0.6198,0.2077,1204688123
12,2497277,1,-0,1204688130
12,2497283,0.6066,0.2171,1204688136
12,2497287,1,-0,1204688140
12,2497303,0.7074,0.1503,1204688156
12,2497307,0.7234,0.1406,1204688160
12,2497313,0.4857,0.3136,1204688166
12,2497315,0.4857,0.3136,1204688168
12,2497326,0.8155,0.0886,1204688179
12,2497330,0.6199,0.2077,1204688183
12,2497334,0.7801,0.10780000000000001,1204688187
12,2497335,0.5857,0.2323,1204688188
12,2497337,0.2449,0.611,1204688190
12,2497341,0.4966,0.304,1204688194
12,2497348,0.6998,0.155,1204688201
12,2497349,1,-0,1204688202
12,2497364,1,-0,1204688217
12,2497365,0.2449,0.611,1204688218
12,2497381,1,-0,1204688234
12,2497389,1,-0,1204688242
12,2497673,1,-0,1204688526
12,2497675,0.4966,0.304,1204688528
12,2497676,1,-0,1204688529
12,2497679,1,-0,1204688532
12,2497681,0.1895,0.7224,1204688534
12,2497682,0.617,0.2097,1204688535
12,2497685,0.7918,0.1014,1204688538
12,2497687,0.2415,0.6171,1204688540
12,2497689,0.4969,0.3037,1204688542
12,2497690,1,-0,1204688543
12,2497694,0.03185,1.4969,1204688547
12,2497704,1,-0,1204688557
12,2497708,1,-0,1204688561
12,2497709,1,-0,1204688562
12,2497710,0.4966,0.304,1204688563
12,2497714,1,-0,1204688567
12,2497715,0.3971,0.4011,1204688568
12,2497716,1,-0,1204688569
12,2497718,1,-0,1204688571
12,2497721,1,-0,1204688574
12,2497722,1,-0,1204688575
12,2497725,1,-0,1204688578
12,2497735,0.2089,0.6801,1204688588
12,2497736,0.451,0.3458,1204688589
12,2497737,0.4932,0.307,1204688590
12,2497738,1,-0,1204688591
12,2497740,0.4966,0.304,1204688593
12,2497748,0.01198,1.9215,1204688601
12,2497751,1,-0,1204688604
12,2497752,1,-0,1204688605
12,2497767,0.6199,0.2077,1204688620
12,2497769,1,-0,1204688622
12,2497771,0.4385,0.358,1204688624
12,2497778,0.6811,0.1668,1204688631
12,2497785,0.6811,0.1668,1204688638
12,2497786,0.6811,0.1668,1204688639
12,2497790,1,-0,1204688643
12,2497798,0.5857,0.2323,1204688651
12,2497807,0.2415,0.6171,1204688660
12,2577524,0.2423,0.6156,1204768377
12,2577528,0.7179,0.1439,1204768381
12,2577536,0.497,0.3036,1204768389
12,2577563,0.2423,0.6156,1204768416
12,2577569,0.4938,0.3064,1204768422
12,2577570,0.618,0.209,1204768423
12,2577576,0.4938,0.3064,1204768429
12,2577578,0.4938,0.3064,1204768431
12,2577582,0.1181,0.9278,1204768435
12,2577586,1,-0,1204768439
12,2577600,0.05875,1.231,1204768453
12,2577605,1,-0,1204768458
12,2577608,0.6797,0.1677,1204768461
12,2577611,1,-0,1204768464
12,2577614,0.497,0.3036,1204768467
12,2577616,0.4938,0.3064,1204768469
12,2577619,1,-0,1204768472
12,2577621,0.2423,0.6156,1204768474
12,2577805,1,-0,1204768658
12,2577806,0.2423,0.6156,1204768659
12,2577810,1,-0,1204768663
12,2577813,1,-0,1204768666
12,2577828,0.4399,0.3566,1204768681
12,2577832,0.2423,0.6156,1204768685
12,2577835,1,-0,1204768688
12,2577838,1,-0,1204768691
12,2577860,1,-0,1204768713
12,2577865,1,-0,1204768718
12,2577870,0.6204,0.2073,1204768723
12,2577874,1,-0,1204768727
12,2577880,1,-0,1204768733
12,2577887,1,-0,1204768740
12,2577892,0.7658,0.1159,1204768745
12,2577900,0.2455,0.6099,1204768753
12,2577901,0.497,0.3036,1204768754
12,2577910,1,-0,1204768763
12,2615948,0.4872,0.3123,1204806801
12,2615950,0.1235,0.9083,1204806803
12,2615954,0.7662,0.1157,1204806807
12,2615965,1,-0,1204806818
12,2615972,0.4935,0.3067,1204806825
12,2615976,0.4935,0.3067,1204806829
12,2615981,0.5576,0.2537,1204806834
12,2615993,0.721,0.1421,1204806846
12,2615999,1,-0,1204806852
12,2616007,0.6231,0.2054,1204806860
12,2616032,0.6201,0.2075,1204806885
12,2616035,0.6201,0.2075,1204806888
12,2616039,1,-0,1204806892
12,2616041,0.6201,0.2075,1204806894
12,2616047,0.4872,0.3123,1204806900
12,2616048,1,-0,1204806901
12,2616052,1,-0,1204806905
12,2616056,0.4805,0.3183,1204806909
12,2616066,1,-0,1204806919
12,2616069,0.1335,0.8745,1204806922
12,2616080,1,-0,1204806933
12,2616082,1,-0,1204806935
12,2616151,1,-0,1204807004
12,2616153,0.4981,0.3027,1204807006
12,2616158,0.2227,0.6523,1204807011
12,2616162,0.3119,0.506,1204807015
12,2616169,1,-0,1204807022
12,2616170,0.4552,0.3418,1204807023
12,2616172,1,-0,1204807025
12,2616177,0.1711,0.7667,1204807030
12,2616183,0.5716,0.2429,1204807036
12,2616184,1,-0,1204807037
12,2616186,1,-0,1204807039
12,2616188,1,-0,1204807041
12,2616195,1,-0,1204807048
12,2616199,0.4805,0.3183,1204807052
12,2616207,0.4716,0.3264,1204807060
12,2616212,1,-0,1204807065
12,2616219,1,-0,1204807072
12,2616220,1,-0,1204807073
12,2616221,0.5536,0.2568,1204807074
12,2616226,0.4872,0.3123,1204807079
12,2616252,1,-0,1204807105
12,2616275,0.2775,0.5567,1204807128
12,2616276,0.2341,0.6306,1204807129
12,2616280,0.2097,0.6784,1204807133
12,2616282,1,-0,1204807135
12,2616284,1,-0,1204807137
12,2616303,0.4667,0.331,1204807156
12,2616311,0.4667,0.331,1204807164
12,2616373,0.4667,0.331,1204807226
12,2616381,0.4667,0.331,1204807234
12,2616402,0.4667,0.331,1204807255
12,2616405,0.4667,0.331,1204807258
12,2616426,0.06667,1.1761,1204807279
12,2616438,0.4667,0.331,1204807291
12,2616887,0.5407,0.267,1204807740
12,2653414,1,-0,1204844267
12,2653416,0.6204,0.2073,1204844269
12,2653423,0.4969,0.3037,1204844276
12,2653434,1,-0,1204844287
12,2653435,1,-0,1204844288
12,2653453,1,-0,1204844306
12,2653455,1,-0,1204844308
12,2653484,0.2454,0.6101,1204844337
12,2653489,0.6204,0.2073,1204844342
12,2653496,1,-0,1204844349
12,2653497,0.4969,0.3037,1204844350
12,2653507,0.4969,0.3037,1204844360
12,2653524,0.4954,0.305,1204844377
12,2653528,1,-0,1204844381
12,2653529,1,-0,1204844382
12,2653535,0.02696,1.5693,1204844388
12,2653794,1,-0,1204844647
12,2653798,1,-0,1204844651
12,2653803,1,-0,1204844656
12,2653805,1,-0,1204844658
12,2653810,0.8035,0.095,1204844663
12,2653813,1,-0,1204844666
12,2653815,0.8035,0.095,1204844668
12,2653816,0.5345,0.2721,1204844669
12,2653821,0.4969,0.3037,1204844674
12,2653824,1,-0,1204844677
12,2653826,0.4429,0.3537,1204844679
12,2653830,1,-0,1204844683
12,2653840,1,-0,1204844693
12,2653844,0.7197,0.1428,1204844697
12,2653845,1,-0,1204844698
12,2653849,1,-0,1204844702
12,2653854,1,-0,1204844707
12,2653865,1,-0,1204844718
12,2653869,0.6359,0.1966,1204844722
12,2653870,1,-0,1204844723
12,2653875,1,-0,1204844728
12,2653877,1,-0,1204844730
12,2653878,0.4954,0.305,1204844731
12,2653880,1,-0,1204844733
12,2653881,0.3246,0.4887,1204844734
12,2653882,0.6096,0.215,1204844735
12,2653884,0.3673,0.435,1204844737
12,2653892,0.6243,0.2046,1204844745
12,2653895,0.6204,0.2073,1204844748
12,2653905,1,-0,1204844758
12,2653907,0.4938,0.3064,1204844760
12,2653914,0.3657,0.4369,1204844767
12,2804977,0.7195,0.143,1204995830
12,2804980,1,-0,1204995833
12,2804983,1,-0,1204995836
12,2805007,1,-0,1204995860
12,2805008,0.251,0.6003,1204995861
12,2805013,1,-0,1204995866
12,2805016,0.4969,0.3037,1204995869
12,2805028,0.4969,0.3037,1204995881
12,2805029,1,-0,1204995882
12,2805030,1,-0,1204995883
12,2805037,1,-0,1204995890
12,2805074,0.2098,0.6782,1204995927
12,2805085,1,-0,1204995938
12,2805290,0.4737,0.3245,1204996143
12,2805309,1,-0,1204996162
12,2805310,1,-0,1204996163
12,2805311,1,-0,1204996164
12,2805325,0.6266,0.203,1204996178
12,2805332,0.35,0.4559,1204996185
12,2805333,0.2453,0.6103,1204996186
12,2805338,1,-0,1204996191
12,2805339,1,-0,1204996192
12,2805342,0.2453,0.6103,1204996195
12,2805343,0.764,0.1169,1204996196
12,2805350,0.4301,0.3664,1204996203
12,2805354,1,-0,1204996207
12,2805363,1,-0,1204996216
12,2805379,1,-0,1204996232
12,2805402,1,-0,1204996255
12,2805403,1,-0,1204996256
12,2805414,1,-0,1204996267
12,2805415,0.4969,0.3037,1204996268
12,2813915,0.4938,0.3064,1205004768
12,2813922,1,-0,1205004775
12,2813934,1,-0,1205004787
12,2813947,0.2423,0.6156,1205004800
12,2814004,0.2487,0.6043,1205004857
12,2814005,0.2423,0.6156,1205004858
12,2814008,1,-0,1205004861
12,2814014,0.4938,0.3064,1205004867
12,2814015,1,-0,1205004868
12,2814031,1,-0,1205004884
12,2814038,1,-0,1205004891
12,2814194,1,-0,1205005047
12,2814197,1,-0,1205005050
12,2814204,0.4938,0.3064,1205005057
12,2814212,1,-0,1205005065
12,2814217,0.01705,1.7683,1205005070
12,2814227,1,-0,1205005080
12,2814239,1,-0,1205005092
12,2814242,0.07294,1.137,1205005095
12,2814253,0.2473,0.6068,1205005106
12,2814254,0.2473,0.6068,1205005107
12,2814270,0.497,0.3036,1205005123
12,2814271,1,-0,1205005124
12,2814272,1,-0,1205005125
12,2814288,1,-0,1205005141
12,2814291,0.2423,0.6156,1205005144
12,2814319,0.4956,0.3049,1205005172
12,2814320,1,-0,1205005173
12,2814324,1,-0,1205005177
12,2944927,0.8335,0.0791,1205135780
12,2944928,1,-0,1205135781
12,2944929,0.244,0.6126,1205135782
12,2944930,1,-0,1205135783
12,2944932,1,-0,1205135785
12,2944933,0.6207,0.2071,1205135786
12,2944936,0.4875,0.312,1205135789
12,2944939,0.1136,0.9446,1205135792
12,2944955,0.04194,1.3774,1205135808
12,2944960,1,-0,1205135813
12,2944973,0.6758,0.1702,1205135826
12,2944990,1,-0,1205135843
12,2944996,1,-0,1205135849
12,2945025,1,-0,1205135878
12,2945217,0.4024,0.3953,1205136070
12,2945223,0.4875,0.312,1205136076
12,2945225,0.2704,0.568,1205136078
12,2945227,0.4875,0.312,1205136080
12,2945229,1,-0,1205136082
12,2945230,1,-0,1205136083
12,2945241,0.09324,1.0304,1205136094
12,2945246,0.4972,0.3035,1205136099
12,2945251,0.4875,0.312,1205136104
12,2945262,0.4875,0.312,1205136115
12,2945295,0.4875,0.312,1205136148
12,2945297,0.7385,0.1316,1205136150
12,2945322,0.4875,0.312,1205136175
12,2945325,1,-0,1205136178
12,2945330,1,-0,1205136183
12,2945351,1,-0,1205136204
12,2945365,0.4327,0.3638,1205136218
12,2945369,1,-0,1205136222
12,2945370,0.4875,0.312,1205136223
12,3124347,0.4969,0.3037,1205315200
12,3124356,0.3673,0.435,1205315209
12,3124365,0.4969,0.3037,1205315218
12,3124374,0.812,0.0904,1205315227
12,3124378,0.7461,0.1272,1205315231
12,3124386,0.5718,0.2428,1205315239
12,3124401,1,-0,1205315254
12,3124403,1,-0,1205315256
12,3124404,0.4969,0.3037,1205315257
12,3124406,1,-0,1205315259
12,3124421,0.4938,0.3064,1205315274
12,3124422,0.5319,0.2742,1205315275
12,3124424,0.4938,0.3064,1205315277
12,3124451,1,-0,1205315304
12,3124721,0.4938,0.3064,1205315574
12,3124722,0.4938,0.3064,1205315575
12,3124728,0.618,0.209,1205315581
12,3124731,0.4938,0.3064,1205315584
12,3124732,0.2576,0.5891,1205315585
12,3124774,0.4938,0.3064,1205315627
12,3124777,0.497,0.3036,1205315630
12,3124788,0.4938,0.3064,1205315641
12,3124793,0.4399,0.3566,1205315646
12,3124794,0.4938,0.3064,1205315647
12,3124803,1,-0,1205315656
12,3124814,0.1595,0.7972,1205315667
12,3124820,1,-0,1205315673
12,3124821,0.1296,0.8874,1205315674
12,3124826,1,-0,1205315679
12,3124828,0.1863,0.7298,1205315681
12,3124839,0.634,0.1979,1205315692
12,3124844,1,-0,1205315697
12,3124848,0.4255,0.3711,1205315701
12,3124853,1,-0,1205315706
12,3124854,0.6955,0.1577,1205315707
12,3124860,1,-0,1205315713
12,3124866,0.03713,1.4303,1205315719
12,3124904,1,-0,1205315757
12,3124908,0.5066,0.2953,1205315761
12,3124909,1,-0,1205315762
12,3124915,1,-0,1205315768
12,3124922,1,-0,1205315775
12,3124924,1,-0,1205315777
12,3124928,0.1755,0.7557,1205315781
12,3124942,0.04024,1.3953,1205315795
12,3124943,1,-0,1205315796
12,3124947,0.2599,0.5852,1205315800
12,3124949,0.2363,0.6265,1205315802
12,3124951,0.2363,0.6265,1205315804
12,3124955,0.6943,0.1585,1205315808
12,3124962,0.5037,0.2978,1205315815
12,3124978,1,-0,1205315831
12,3124986,0.4222,0.3745,1205315839
12,3124992,0.2363,0.6265,1205315845
12,3124998,1,-0,1205315851
12,3125004,1,-0,1205315857
12,3125005,1,-0,1205315858
12,3125014,0.4222,0.3745,1205315867
12,3125018,0.1314,0.8814,1205315871
12,3125019,1,-0,1205315872
12,3125023,0.08192,1.0866,1205315876
12,3125026,1,-0,1205315879
12,3125035,0.5031,0.2983,1205315888
12,3125049,1,-0,1205315902
12,3125057,1,-0,1205315910
12,3125062,0.4222,0.3745,1205315915
12,3125063,0.2861,0.5435,1205315916
12,3125070,0.6495,0.1874,1205315923
12,3125120,0.2031,0.6923,1205315973
12,3202841,0.2454,0.6101,1205393694
12,3202842,1,-0,1205393695
12,3202857,1,-0,1205393710
12,3202862,1,-0,1205393715
12,3202880,1,-0,1205393733
12,3202913,1,-0,1205393766
12,3202918,0.4969,0.3037,1205393771
12,3202929,1,-0,1205393782
12,3202957,0.1567,0.8049,1205393810
12,3203123,0.6176,0.2093,1205393976
12,3203126,0.6176,0.2093,1205393979
12,3203128,1,-0,1205393981
12,3203131,1,-0,1205393984
12,3203141,1,-0,1205393994
12,3203149,0.4935,0.3067,1205394002
12,3203150,1,-0,1205394003
12,3203173,0.4968,0.3038,1205394026
12,3203182,0.6814,0.1666,1205394035
12,3203215,1,-0,1205394068
12,3556011,1,-0,1205746864
12,3556021,0.4721,0.326,1205746874
12,3556022,1,-0,1205746875
12,3556027,1,-0,1205746880
12,3556029,0.447,0.3497,1205746882
12,3556032,0.447,0.3497,1205746885
12,3556041,0.7445,0.1281,1205746894
12,3556043,1,-0,1205746896
12,3556045,1,-0,1205746898
12,3556052,0.03944,1.4041,1205746905
12,3556053,1,-0,1205746906
12,3556054,0.4969,0.3037,1205746907
12,3556058,1,-0,1205746911
12,3556065,0.2078,0.6824,1205746918
12,3556070,1,-0,1205746923
12,3556081,0.2738,0.5626,1205746934
12,3556089,0.4938,0.3064,1205746942
12,3556092,1,-0,1205746945
12,3556096,1,-0,1205746949
12,3556098,0.2423,0.6156,1205746951
12,3556099,0.02734,1.5632,1205746952
12,3556103,0.497,0.3036,1205746956
12,3556116,0.02938,1.5319,1205746969
12,3556117,1,-0,1205746970
12,3556124,0.04729,1.3252,1205746977
12,3556129,0.2423,0.6156,1205746982
12,3556131,0.8443,0.0735,1205746984
12,3556137,0.2069,0.6842,1205746990
12,3556139,1,-0,1205746992
12,3556140,1,-0,1205746993
12,3556142,0.4982,0.3026,1205746995
12,3556147,0.1836,0.7361,1205747000
12,3556316,0.1181,0.9278,1205747169
12,3556359,0.4938,0.3064,1205747212
12,3556391,1,-0,1205747244
12,3556400,1,-0,1205747253
12,3556402,1,-0,1205747255
12,3556410,0.4938,0.3064,1205747263
12,3556418,0.7658,0.1159,1205747271
12,3556439,0.3858,0.4136,1205747292
12,3556440,0.4721,0.326,1205747293
12,3556444,0.4938,0.3064,1205747297
12,3556455,0.5588,0.2527,1205747308
12,3556462,1,-0,1205747315
12,3556495,0.06465,1.1894,1205747348
12,3556579,1,-0,1205747432
12,3556584,0.314,0.5031,1205747437
12,3556611,0.6266,0.203,1205747464
12,3556620,0.2038,0.6908,1205747473
12,3556627,0.05352,1.2715,1205747480
12,3556632,0.3939,0.4046,1205747485
12,3556636,0.4242,0.3724,1205747489
12,3556637,0.1946,0.7109,1205747490
12,3556640,0.4194,0.3774,1205747493
12,3556641,0.4286,0.3679,1205747494
12,3556644,0.08101,1.0915,1205747497
12,3556646,0.09948,1.0023,1205747499
12,3556661,1,-0,1205747514
12,3556662,1,-0,1205747515
12,3556663,1,-0,1205747516
12,3556668,0.4474,0.3493,1205747521
12,3556675,1,-0,1205747528
12,3556677,0.2117,0.6743,1205747530
12,3556685,0.4634,0.334,1205747538
12,3556686,1,-0,1205747539
12,3556687,0.4634,0.334,1205747540
12,3556701,0.2017,0.6953,1205747554
12,3556709,1,-0,1205747562
12,3556710,0.5654,0.2476,1205747563
12,3556712,1,-0,1205747565
12,3556715,1,-0,1205747568
12,3556717,1,-0,1205747570
12,3556718,0.8229,0.0847,1205747571
12,3556722,1,-0,1205747575
12,3556724,0.5872,0.2312,1205747577
12,3556725,0.6183,0.2088,1205747578
12,3556731,0.6654,0.1769,1205747584
12,3573620,0.3811,0.419,1205764473
12,3573621,1,-0,1205764474
12,3573631,0.09816,1.0081,1205764484
12,3573639,0.4667,0.331,1205764492
12,3573640,1,-0,1205764493
12,3573642,0.05349,1.2717,1205764495
12,3573661,1,-0,1205764514
12,3573670,0.2483,0.605,1205764523
12,3573674,0.2472,0.607,1205764527
12,3573678,1,-0,1205764531
12,3573679,1,-0,1205764532
12,3573680,0.1019,0.9918,1205764533
12,3573681,0.05349,1.2717,1205764534
12,3573682,0.2161,0.6653,1205764535
12,3573684,0.02053,1.6876,1205764537
12,3573688,0.7036,0.1527,1205764541
12,3573690,1,-0,1205764543
12,3573707,0.3722,0.4292,1205764560
12,3573715,0.1753,0.7562,1205764568
12,3573716,0.001758,2.755,1205764569
12,3573731,0.1892,0.7231,1205764584
12,3573738,0.02053,1.6876,1205764591
12,3573745,1,-0,1205764598
12,3573748,0.3723,0.4291,1205764601
12,3573750,1,-0,1205764603
12,3573840,1,-0,1205764693
12,3573844,0.44,0.3565,1205764697
12,3573846,0.09929,1.0031,1205764699
12,3573850,0.5988,0.2227,1205764703
12,3573851,1,-0,1205764704
12,3573854,0.4667,0.331,1205764707
12,3573860,0.35,0.4559,1205764713
12,3573863,0.09791,1.0092,1205764716
12,3573877,0.2161,0.6653,1205764730
12,3573878,0.4667,0.331,1205764731
12,3573885,0.5974,0.2237,1205764738
12,3573890,1,-0,1205764743
12,3573891,0.7343,0.1341,1205764744
12,3573897,0.4667,0.331,1205764750
12,3573900,0.2161,0.6653,1205764753
12,3573901,0.06109,1.214,1205764754
12,3573902,1,-0,1205764755
12,3573911,0.2161,0.6653,1205764764
12,3573916,0.8566,0.0672,1205764769
12,3573922,1,-0,1205764775
12,3573923,0.8711,0.0599,1205764776
12,3573924,1,-0,1205764777
12,3573926,0.1375,0.8617,1205764779
12,3573927,0.2161,0.6653,1205764780
12,3573931,0.08852,1.053,1205764784
12,3573932,0.2891,0.539,1205764785
12,3573936,0.2161,0.6653,1205764789
12,3573940,0.7078,0.1501,1205764793
12,3573941,0.4667,0.331,1205764794
12,3573944,0.4989,0.302,1205764797
12,3573949,1,-0,1205764802
12,3573950,0.2161,0.6653,1205764803
12,3573954,0.6989,0.1556,1205764807
12,3573957,0.8566,0.0672,1205764810
12,3573960,0.4667,0.331,1205764813
12,3915548,1,-0,1206106401
12,3915549,1,-0,1206106402
12,3915551,1,-0,1206106404
12,3915555,1,-0,1206106408
12,3915559,1,-0,1206106412
12,3915561,1,-0,1206106414
12,3915563,1,-0,1206106416
12,3915564,1,-0,1206106417
12,3915567,1,-0,1206106420
12,3915568,1,-0,1206106421
12,3915569,0.4938,0.3064,1206106422
12,3915571,0.4938,0.3064,1206106424
12,3915573,1,-0,1206106426
12,3915575,0.2423,0.6156,1206106428
12,3915576,1,-0,1206106429
12,3915582,1,-0,1206106435
12,3915583,0.4926,0.3075,1206106436
12,3915586,1,-0,1206106439
12,3915587,0.3642,0.4387,1206106440
12,3915588,0.2441,0.61240000000000006,1206106441
12,3915590,0.4938,0.3064,1206106443
12,3915596,0.4938,0.3064,1206106449
12,3915598,0.497,0.3036,1206106451
12,3915600,0.443,0.3536,1206106453
12,3915601,0.3642,0.4387,1206106454
12,3915602,1,-0,1206106455
12,3915612,1,-0,1206106465
12,3915616,0.5624,0.25,1206106469
12,3915626,1,-0,1206106479
12,3915631,0.6204,0.2073,1206106484
12,3915636,1,-0,1206106489
12,3915637,0.4938,0.3064,1206106490
12,3915639,0.2423,0.6156,1206106492
12,3915642,0.6797,0.1677,1206106495
12,3915919,0.6176,0.2093,1206106772
12,3915931,0.4938,0.3064,1206106784
12,3915935,0.497,0.3036,1206106788
12,3915947,1,-0,1206106800
12,3915952,0.3674,0.4349,1206106805
12,3915958,0.618,0.209,1206106811
12,3915959,0.3663,0.4362,1206106812
12,3915964,0.497,0.3036,1206106817
12,3915965,0.6797,0.1677,1206106818
12,3915971,1,-0,1206106824
12,3915972,1,-0,1206106825
12,3915973,1,-0,1206106826
12,3915974,1,-0,1206106827
12,3915983,0.4938,0.3064,1206106836
12,3915986,0.3642,0.4387,1206106839
12,3915987,0.2631,0.5799,1206106840
12,3915995,0.497,0.3036,1206106848
12,3915996,0.7658,0.1159,1206106849
12,3915999,1,-0,1206106852
12,3916008,0.4972,0.3035,1206106861
12,3916009,1,-0,1206106862
12,3916013,0.2723,0.565,1206106866
12,3916033,1,-0,1206106886
12,3916034,0.493,0.3072,1206106887
12,3916037,0.587,0.2314,1206106890
12,3916038,0.09017,1.0449,1206106891
12,3916045,0.1562,0.8063,1206106898
12,3916054,0.109,0.9626,1206106907
12,3916055,0.1077,0.9678,1206106908
12,4019475,0.2354,0.6282,1206210328
12,4019478,1,-0,1206210331
12,4019483,1,-0,1206210336
12,4019488,0.5328,0.2734,1206210341
12,4019489,1,-0,1206210342
12,4019496,0.05679,1.2457,1206210349
12,4019514,1,-0,1206210367
12,4019519,1,-0,1206210372
12,4019520,1,-0,1206210373
12,4019523,1,-0,1206210376
12,4019525,0.4817,0.3172,1206210378
12,4019528,0.6205,0.2073,1206210381
12,4019538,1,-0,1206210391
12,4019539,0.7463,0.1271,1206210392
12,4019541,0.3571,0.4472,1206210394
12,4019542,1,-0,1206210395
12,4019543,0.2354,0.6282,1206210396
12,4019552,0.6818,0.1663,1206210405
12,4019557,0.4868,0.3126,1206210410
12,4019561,0.497,0.3036,1206210414
12,4019570,1,-0,1206210423
12,4019589,0.4868,0.3126,1206210442
12,4019590,0.6127,0.2128,1206210443
12,4019592,1,-0,1206210445
12,4019598,1,-0,1206210451
12,4019868,0.2462,0.6087,1206210721
12,4019869,0.2456,0.6098,1206210722
12,4019910,0.6205,0.2073,1206210763
12,4019928,0.4555,0.3415,1206210781
12,4019938,1,-0,1206210791
12,4019939,0.1561,0.8066,1206210792
12,4019940,1,-0,1206210793
12,4019944,1,-0,1206210797
12,4019955,0.06501,1.187,1206210808
12,4019956,1,-0,1206210809
12,4019957,1,-0,1206210810
12,4019964,0.4868,0.3126,1206210817
12,4019970,0.5567,0.2544,1206210823
12,4019973,0.6127,0.2128,1206210826
12,4019974,0.6241,0.2047,1206210827
12,4019975,1,-0,1206210828
12,4019980,0.4444,0.3522,1206210833
12,4019984,0.6192,0.2082,1206210837
12,4019985,1,-0,1206210838
12,4019986,1,-0,1206210839
12,4019987,0.2634,0.5794,1206210840
12,4019988,0.27,0.5686,1206210841
12,4019991,1,-0,1206210844
12,4019994,1,-0,1206210847
12,4019996,1,-0,1206210849
12,4019998,1,-0,1206210851
12,4119242,1,-0,1206310095
12,4119243,0.2455,0.6099,1206310096
12,4119244,0.654,0.1844,1206310097
12,4119246,0.4938,0.3064,1206310099
12,4119248,0.497,0.3036,1206310101
12,4119249,1,-0,1206310102
12,4119253,0.6222,0.2061,1206310106
12,4119254,1,-0,1206310107
12,4119257,0.497,0.3036,1206310110
12,4119258,1,-0,1206310111
12,4119259,0.497,0.3036,1206310112
12,4119263,1,-0,1206310116
12,4119270,1,-0,1206310123
12,4119271,1,-0,1206310124
12,4119273,0.4938,0.3064,1206310126
12,4119274,0.618,0.209,1206310127
12,4119278,0.497,0.3036,1206310131
12,4119283,1,-0,1206310136
12,4119289,0.3642,0.4387,1206310142
12,4119298,1,-0,1206310151
12,4119302,0.497,0.3036,1206310155
12,4119304,0.497,0.3036,1206310157
12,4119318,0.4938,0.3064,1206310171
12,4119341,0.4399,0.3566,1206310194
12,4119346,0.2423,0.6156,1206310199
12,4119352,1,-0,1206310205
12,4119354,1,-0,1206310207
12,4119365,0.6204,0.2073,1206310218
12,4119468,0.6797,0.1677,1206310321
12,4119469,1,-0,1206310322
12,4119472,1,-0,1206310325
12,4119478,1,-0,1206310331
12,4119480,1,-0,1206310333
12,4119481,0.2713,0.5666,1206310334
12,4119487,1,-0,1206310340
12,4119496,1,-0,1206310349
12,4119499,0.2423,0.6156,1206310352
12,4119500,0.2423,0.6156,1206310353
12,4119501,0.2423,0.6156,1206310354
12,4119509,0.618,0.209,1206310362
12,4119510,0.8477,0.0718,1206310363
12,4119517,0.4938,0.3064,1206310370
12,4119523,0.2423,0.6156,1206310376
12,4119524,1,-0,1206310377
12,4119531,0.8697,0.0606,1206310384
12,4119540,0.4926,0.3075,1206310393
12,4119545,0.618,0.209,1206310398
12,4119549,0.2423,0.6156,1206310402
12,4119555,0.1649,0.7828,1206310408
12,4119564,0.3642,0.4387,1206310417
12,4119584,0.3674,0.4349,1206310437
12,4119589,1,-0,1206310442
12,4119590,0.6797,0.1677,1206310443
12,4119591,1,-0,1206310444
12,4119592,1,-0,1206310445
12,4119598,0.3642,0.4387,1206310451
12,4119602,0.497,0.3036,1206310455
12,4119609,0.5328,0.2734,1206310462
12,4119632,0.4545,0.3425,1206310485
12,4119635,1,-0,1206310488
12,4119657,1,-0,1206310510
12,4119667,1,-0,1206310520
12,4119674,1,-0,1206310527
12,4119679,0.4783,0.3203,1206310532
12,4119690,1,-0,1206310543
12,4119727,0.193,0.7144,1206310580
12,4233403,0.393,0.4056,1206424256
12,4233420,0.4971,0.3036,1206424273
12,4233421,1,-0,1206424274
12,4233422,1,-0,1206424275
12,4233433,1,-0,1206424286
12,4233450,0.4872,0.3123,1206424303
12,4233453,1,-0,1206424306
12,4233455,0.4872,0.3123,1206424308
12,4233458,0.4483,0.3484,1206424311
12,4233461,0.4872,0.3123,1206424314
12,4233475,0.4634,0.334,1206424328
12,4233476,1,-0,1206424329
12,4233478,1,-0,1206424331
12,4233480,1,-0,1206424333
12,4233482,1,-0,1206424335
12,4233491,0.4971,0.3036,1206424344
12,4233493,0.4872,0.3123,1206424346
12,4233498,1,-0,1206424351
12,4233501,0.4338,0.3627,1206424354
12,4233502,0.3677,0.4345,1206424355
12,4233503,1,-0,1206424356
12,4233509,0.4971,0.3036,1206424362
12,4233512,0.3928,0.4058,1206424365
12,4233514,1,-0,1206424367
12,4233515,1,-0,1206424368
12,4233518,1,-0,1206424371
12,4233520,0.4872,0.3123,1206424373
12,4233525,1,-0,1206424378
12,4233529,1,-0,1206424382
12,4233530,0.4872,0.3123,1206424383
12,4233532,0.4872,0.3123,1206424385
12,4233803,1,-0,1206424656
12,4233814,1,-0,1206424667
12,4233826,0.7143,0.1461,1206424679
12,4233828,0.4971,0.3036,1206424681
12,4233830,0.5278,0.2775,1206424683
12,4233831,0.1883,0.7251,1206424684
12,4233833,0.3135,0.5038,1206424686
12,4233844,1,-0,1206424697
12,4233848,0.4872,0.3123,1206424701
12,4233856,0.4872,0.3123,1206424709
12,4233857,0.1154,0.9378,1206424710
12,4233869,0.02048,1.6887,1206424722
12,4233870,0.01211,1.9169,1206424723
12,4233871,1,-0,1206424724
12,4233885,0.6283,0.2018,1206424738
12,4233892,1,-0,1206424745
12,4233896,1,-0,1206424749
12,4233898,1,-0,1206424751
12,4233899,0.816,0.0883,1206424752
12,4233902,0.8718,0.0596,1206424755
12,4233903,1,-0,1206424756
12,4233912,1,-0,1206424765
12,4233922,1,-0,1206424775
12,4233933,0.4965,0.3041,1206424786
12,4233935,0.4928,0.3073,1206424788
12,4233937,1,-0,1206424790
12,4233944,0.01753,1.7562,1206424797
12,4233948,0.3263,0.4864,1206424801
12,4233953,0.3665,0.4359,1206424806
12,4270773,1,-0,1206461626
12,4270775,1,-0,1206461628
12,4270779,1,-0,1206461632
12,4270785,1,-0,1206461638
12,4270801,1,-0,1206461654
12,4270810,1,-0,1206461663
12,4270819,1,-0,1206461672
12,4270826,0.7655,0.1161,1206461679
12,4270830,1,-0,1206461683
12,4270846,1,-0,1206461699
12,4270847,1,-0,1206461700
12,4270848,0.4426,0.354,1206461701
12,4270852,1,-0,1206461705
12,4270853,0.07806,1.1076,1206461706
12,4270854,1,-0,1206461707
12,4270857,1,-0,1206461710
12,4270878,1,-0,1206461731
12,4271011,0.7631,0.1174,1206461864
12,4271014,1,-0,1206461867
12,4271022,0.3675,0.4347,1206461875
12,4271033,1,-0,1206461886
12,4271034,0.847,0.0721,1206461887
12,4271036,0.1659,0.7802,1206461889
12,4271038,1,-0,1206461891
12,4271048,1,-0,1206461901
12,4271053,1,-0,1206461906
12,4271055,0.2914,0.5355,1206461908
12,4271066,1,-0,1206461919
12,4271075,0.1532,0.8147,1206461928
12,4271079,0.4969,0.3037,1206461932
12,4271080,0.1105,0.9566,1206461933
12,4271081,0.2453,0.6103,1206461934
12,4271085,1,-0,1206461938
12,4271086,0.6202,0.2075,1206461939
12,4271090,1,-0,1206461943
12,4271098,1,-0,1206461951
12,4271099,0.6202,0.2075,1206461952
12,4271100,1,-0,1206461953
12,4271106,1,-0,1206461959
12,4271119,1,-0,1206461972
12,4271120,1,-0,1206461973
12,4271124,0.2009,0.697,1206461977
12,4271130,1,-0,1206461983
12,4271134,1,-0,1206461987
12,4323265,0.4969,0.3037,1206514118
12,4323285,0.2768,0.5578,1206514138
12,4323286,1,-0,1206514139
12,4323295,1,-0,1206514148
12,4323303,1,-0,1206514156
12,4323326,1,-0,1206514179
12,4323327,0.4969,0.3037,1206514180
12,4323367,1,-0,1206514220
12,4323373,0.5973,0.2238,1206514226
12,4323381,1,-0,1206514234
12,4323629,0.7228,0.141,1206514482
12,4323643,1,-0,1206514496
12,4323658,1,-0,1206514511
12,4323670,0.2454,0.6101,1206514523
12,4323673,0.2114,0.67490000000000006,1206514526
12,4323675,0.003099,2.5088,1206514528
12,4323678,1,-0,1206514531
12,4323679,1,-0,1206514532
12,4323686,1,-0,1206514539
12,4323691,1,-0,1206514544
12,4323694,6.823e-4,3.166,1206514547
12,4323698,6.823e-4,3.166,1206514551
12,4323701,1,-0,1206514554
12,4323705,1,-0,1206514558
12,4323708,1,-0,1206514561
12,4323714,1,-0,1206514567
12,4323730,0.6204,0.2073,1206514583
12,4323735,1,-0,1206514588
12,4323737,1,-0,1206514590
12,4323742,0.1417,0.8486,1206514595
12,4323748,0.6816,0.1665,1206514601
12,4323751,1,-0,1206514604
12,4323763,0.36870000000000003,0.4333,1206514616
12,4323776,0.6279,0.2021,1206514629
12,4323778,1,-0,1206514631
12,4323783,1,-0,1206514636
12,4323791,1,-0,1206514644
12,4323807,0.5077,0.2944,1206514660
12,4323808,1,-0,1206514661
12,4323816,1,-0,1206514669
12,4323821,0.3571,0.4472,1206514674
12,4323831,0.3571,0.4472,1206514684
12,4323840,1,-0,1206514693
12,4323846,1,-0,1206514699
12,4323855,1,-0,1206514708
12,4323863,0.5292,0.2764,1206514716
12,4323873,1,-0,1206514726
12,4323892,0.6888,0.1619,1206514745
12,4323896,1,-0,1206514749
12,4323897,0.5238,0.2808,1206514750
12,4323898,1,-0,1206514751
12,4323904,0.3846,0.415,1206514757
12,4323910,0.3521,0.4533,1206514763
12,4323915,0.2805,0.5521,1206514768
12,4323938,0.1902,0.7208,1206514791
12,4323954,0.03529,1.4523,1206514807
12,4323955,1,-0,1206514808
12,4323962,1,-0,1206514815
12,4323969,0.3905,0.4084,1206514822
12,4323973,1,-0,1206514826
12,4324003,0.3602,0.4435,1206514856
12,4324004,0.315,0.5017,1206514857
12,4324028,0.6692,0.1744,1206514881
12,4324031,1,-0,1206514884
12,4324044,1,-0,1206514897
12,4396858,0.4938,0.3064,1206587711
12,4396879,0.618,0.209,1206587732
12,4396885,1,-0,1206587738
12,4396886,1,-0,1206587739
12,4396891,1,-0,1206587744
12,4396894,1,-0,1206587747
12,4396918,1,-0,1206587771
12,4396938,1,-0,1206587791
12,4396940,0.5193,0.2846,1206587793
12,4396952,1,-0,1206587805
12,4396959,1,-0,1206587812
12,4396964,0.3642,0.4387,1206587817
12,4396968,0.4938,0.3064,1206587821
12,4396975,0.493,0.3072,1206587828
12,4397182,1,-0,1206588035
12,4397189,0.2356,0.6278,1206588042
12,4397196,0.4875,0.312,1206588049
12,4397197,0.7409,0.1302,1206588050
12,4397200,0.4875,0.312,1206588053
12,4397210,1,-0,1206588063
12,4397211,1,-0,1206588064
12,4397215,0.2107,0.6763,1206588068
12,4397216,0.2557,0.5923,1206588069
12,4397219,0.4399,0.3566,1206588072
12,4397220,0.4399,0.3566,1206588073
12,4397221,0.4399,0.3566,1206588074
12,4397230,0.4875,0.312,1206588083
12,4397259,1,-0,1206588112
12,4397285,0.4875,0.312,1206588138
12,4397286,0.4972,0.3035,1206588139
12,4397300,1,-0,1206588153
12,4397303,1,-0,1206588156
12,4397305,1,-0,1206588158
12,4425476,1,-0,1206616329
12,4425514,1,-0,1206616367
12,4425597,0.2092,0.6794,1206616450
12,4425606,1,-0,1206616459
12,4425648,0.2092,0.6794,1206616501
12,4425655,1,-0,1206616508
12,4425661,0.2104,0.677,1206616514
12,4425662,0.1588,0.7991,1206616515
12,4425663,1,-0,1206616516
12,4425668,0.2354,0.6282,1206616521
12,4425677,0.497,0.3036,1206616530
12,4425688,1,-0,1206616541
12,4425690,0.497,0.3036,1206616543
12,4425707,0.6678,0.1754,1206616560
12,4425708,1,-0,1206616561
12,4425709,1,-0,1206616562
12,4425712,0.497,0.3036,1206616565
12,4425738,0.2354,0.6282,1206616591
12,4425748,1,-0,1206616601
12,4425756,1,-0,1206616609
12,4425772,0.6205,0.2073,1206616625
12,4425778,0.2354,0.6282,1206616631
12,4425784,0.2354,0.6282,1206616637
12,4425785,1,-0,1206616638
12,4426026,0.2354,0.6282,1206616879
12,4426028,1,-0,1206616881
12,4426049,0.3571,0.4472,1206616902
12,4426075,0.3571,0.4472,1206616928
12,4426079,0.2669,0.5737,1206616932
12,4426086,0.497,0.3036,1206616939
12,4426088,1,-0,1206616941
12,4426091,0.2354,0.6282,1206616944
12,4426108,0.1878,0.7263,1206616961
12,4426112,1,-0,1206616965
12,4426116,0.5094,0.2929,1206616969
12,4426131,0.6818,0.1663,1206616984
12,4426136,0.497,0.3036,1206616989
12,4426137,0.2456,0.6098,1206616990
12,4532301,0.4966,0.304,1206723154
12,4532320,1,-0,1206723173
12,4532328,0.8061,0.0936,1206723181
12,4532334,0.5137,0.2893,1206723187
12,4532338,1,-0,1206723191
12,4532343,0.1501,0.8236,1206723196
12,4532345,0.226,0.6459,1206723198
12,4532349,1,-0,1206723202
12,4532367,0.4753,0.323,1206723220
12,4532375,0.2694,0.5696,1206723228
12,4532380,0.09245,1.0341,1206723233
12,4532381,0.09245,1.0341,1206723234
12,4532382,0.2771,0.5574,1206723235
12,4532386,0.6618,0.1793,1206723239
12,4532389,0.4783,0.3203,1206723242
12,4532396,1,-0,1206723249
12,4532402,1,-0,1206723255
12,4532416,0.1863,0.7298,1206723269
12,4532418,0.01356,1.8677,1206723271
12,4532419,0.3046,0.5163,1206723272
12,4532421,1,-0,1206723274
12,4532425,0.1221,0.9133,1206723278
12,4532428,0.1102,0.9578,1206723281
12,4532429,0.3412,0.467,1206723282
12,4532431,0.2851,0.545,1206723284
12,4532433,0.4697,0.3282,1206723286
12,4532434,0.05086,1.2936,1206723287
12,4532437,0.002572,2.5897,1206723290
12,4532441,1,-0,1206723294
12,4532442,0.1221,0.9133,1206723295
12,4532446,0.3412,0.467,1206723299
12,4532447,0.1221,0.9133,1206723300
12,4532459,0.498,0.3028,1206723312
12,4532475,0.4697,0.3282,1206723328
12,4532476,0.7151,0.1456,1206723329
12,4532480,1,-0,1206723333
12,4532483,1,-0,1206723336
12,4532484,1,-0,1206723337
12,4532488,1,-0,1206723341
12,4532490,0.8621,0.0644,1206723343
12,4532497,1,-0,1206723350
12,4532511,0.5,0.301,1206723364
12,4532512,0.2187,0.6602,1206723365
12,4532515,0.498,0.3028,1206723368
12,4532517,0.4769,0.3216,1206723370
12,4532518,0.6584,0.1815,1206723371
12,4532519,1,-0,1206723372
12,4532520,0.7062,0.1511,1206723373
12,4532528,0.2475,0.6064,1206723381
12,4532532,1,-0,1206723385
12,4532534,0.3753,0.4256,1206723387
12,4532544,0.2871,0.542,1206723397
12,4532760,0.4991,0.3018,1206723613
12,4532766,0.4615,0.3358,1206723619
12,4532771,0.6859,0.1637,1206723624
12,4532779,0.4615,0.3358,1206723632
12,4532781,1,-0,1206723634
12,4532783,1,-0,1206723636
12,4532791,0.3007,0.5219,1206723644
12,4532812,0.6237,0.205,1206723665
12,4532813,1,-0,1206723666
12,4532814,0.6615,0.1795,1206723667
12,4532821,0.703,0.153,1206723674
12,4532823,0.3007,0.5219,1206723676
12,4532833,1,-0,1206723686
12,4532836,0.7108,0.1483,1206723689
12,4532845,0.09449,1.0246,1206723698
12,4532847,0.498,0.3028,1206723700
12,4532849,0.2888,0.5394,1206723702
12,4532861,0.2888,0.5394,1206723714
12,4532864,0.2888,0.5394,1206723717
12,4532868,0.2187,0.6602,1206723721
12,4532874,0.3035,0.5178,1206723727
12,4532875,1,-0,1206723728
12,4532880,0.5996,0.2221,1206723733
12,4648850,1,-0,1206839703
12,4648851,0.2419,0.6164,1206839704
12,4648862,0.2419,0.6164,1206839715
12,4648870,1,-0,1206839723
12,4648871,0.4886,0.311,1206839724
12,4648875,1,-0,1206839728
12,4648876,0.3636,0.4394,1206839729
12,4648883,1,-0,1206839736
12,4648887,0.8714,0.0598,1206839740
12,4648888,0.4968,0.3038,1206839741
12,4648897,1,-0,1206839750
12,4648898,0.744,0.1284,1206839751
12,4648901,0.4935,0.3067,1206839754
12,4648903,0.6793,0.1679,1206839756
12,4648906,0.6176,0.2093,1206839759
12,4648909,1,-0,1206839762
12,4648917,0.8188,0.0868,1206839770
12,4648925,0.5176,0.286,1206839778
12,4648941,1,-0,1206839794
12,4648943,1,-0,1206839796
12,4648945,0.4935,0.3067,1206839798
12,4648948,0.6331,0.1985,1206839801
12,4648957,0.4913,0.3087,1206839810
12,4648961,0.4179,0.3789,1206839814
12,4648974,0.2461,0.6089,1206839827
12,4648976,0.4783,0.3203,1206839829
12,4649067,0.4714,0.3266,1206839920
12,4649071,1,-0,1206839924
12,4649072,0.3571,0.4472,1206839925
12,4649074,0.8592,0.0659,1206839927
12,4649075,0.3635,0.4395,1206839928
12,4649079,1,-0,1206839932
12,4649087,1,-0,1206839940
12,4649093,0.3806,0.4195,1206839946
12,4649099,0.1863,0.7298,1206839952
12,4649106,1,-0,1206839959
12,4649110,0.4709,0.3271,1206839963
12,4649118,0.4709,0.3271,1206839971
12,4649144,1,-0,1206839997
12,4649151,1,-0,1206840004
12,4649152,0.516,0.2874,1206840005
12,4649155,1,-0,1206840008
12,4649156,1,-0,1206840009
12,4649173,0.531,0.2749,1206840026
12,4649174,1,-0,1206840027
12,4649180,1,-0,1206840033
12,4649183,1,-0,1206840036
12,4649188,0.7281,0.1378,1206840041
12,4650286,1,-0,1206841139
12,4650293,0.5035,0.298,1206841146
12,4650295,0.7175,0.1442,1206841148
12,4650299,0.3074,0.5123,1206841152
12,4650300,0.531,0.2749,1206841153
12,4650302,0.1378,0.8608,1206841155
12,4650309,0.4917,0.3083,1206841162
12,4650329,0.4935,0.3067,1206841182
12,4650344,0.4935,0.3067,1206841197
12,4650361,1,-0,1206841214
12,4650366,1,-0,1206841219
12,4650367,1,-0,1206841220
12,4650369,0.2762,0.5588,1206841222
12,4650372,1,-0,1206841225
12,4650373,0.3681,0.434,1206841226
12,4650374,1,-0,1206841227
12,4650382,0.4392,0.3573,1206841235
12,4650387,0.721,0.1421,1206841240
12,4650393,0.2762,0.5588,1206841246
12,4650398,0.4868,0.3126,1206841251
12,4650401,0.5934,0.2267,1206841254
12,4650658,0.721,0.1421,1206841511
12,4650661,0.4935,0.3067,1206841514
12,4650669,1,-0,1206841522
12,4650678,0.4935,0.3067,1206841531
12,4650687,0.6007,0.2213,1206841540
12,4650691,1,-0,1206841544
12,4650692,0.7458,0.1274,1206841545
12,4650698,0.6814,0.1666,1206841551
12,4650718,1,-0,1206841571
12,4650719,1,-0,1206841572
12,4650721,0.7454,0.1276,1206841574
12,4650722,1,-0,1206841575
12,4650724,1,-0,1206841577
12,4650727,0.6812,0.1667,1206841580
12,4650742,0.3199,0.495,1206841595
12,4650743,0.1736,0.7605,1206841596
12,4650764,1,-0,1206841617
12,4650766,1,-0,1206841619
12,4650776,0.4967,0.3039,1206841629
12,4650785,0.62,0.2076,1206841638
12,4728857,0.578,0.2381,1206919710
12,4728861,0.48,0.3188,1206919714
12,4728865,1,-0,1206919718
12,4728866,0.1319,0.8798,1206919719
12,4728867,1,-0,1206919720
12,4728880,0.1319,0.8798,1206919733
12,4728885,1,-0,1206919738
12,4728891,0.2253,0.6472,1206919744
12,4728893,1,-0,1206919746
12,4728907,1,-0,1206919760
12,4728908,1,-0,1206919761
12,4728910,1,-0,1206919763
12,4728922,0.48,0.3188,1206919775
12,4728927,1,-0,1206919780
12,4728931,0.4906,0.3093,1206919784
12,4728944,0.48,0.3188,1206919797
12,4728960,1,-0,1206919813
12,4728962,0.1333,0.8752,1206919815
12,4728976,1,-0,1206919829
12,4728981,1,-0,1206919834
12,4728984,1,-0,1206919837
12,4728985,1,-0,1206919838
12,4729027,1,-0,1206919880
12,4729038,0.4286,0.3679,1206919891
12,4729048,1,-0,1206919901
12,4729082,0.4286,0.3679,1206919935
12,4729109,0.03571,1.4472,1206919962
12,4729276,1,-0,1206920129
12,4729285,1,-0,1206920138
12,4729294,0.4783,0.3203,1206920147
12,4729295,0.717,0.1445,1206920148
12,4729306,0.4545,0.3425,1206920159
12,4729311,0.4899,0.3099,1206920164
12,4729317,0.489,0.3107,1206920170
12,4729319,1,-0,1206920172
12,4729323,1,-0,1206920176
12,4729331,0.3327,0.4779,1206920184
12,4729338,1,-0,1206920191
12,4729347,1,-0,1206920200
12,4729355,1,-0,1206920208
12,4729393,1,-0,1206920246
12,4729396,0.4783,0.3203,1206920249
12,4729424,0.4872,0.3123,1206920277
12,4729446,0.4872,0.3123,1206920299
12,4729455,1,-0,1206920308
12,4729468,1,-0,1206920321
12,4729474,1,-0,1206920327
12,4729475,0.4872,0.3123,1206920328
12,4729493,0.4872,0.3123,1206920346
12,4729500,0.4872,0.3123,1206920353
12,4729512,0.4971,0.3036,1206920365
12,4729544,0.4971,0.3036,1206920397
12,4729720,1,-0,1206920573
12,4729725,1,-0,1206920578
12,4729734,1,-0,1206920587
12,4729739,1,-0,1206920592
12,4729761,0.613,0.2125,1206920614
12,4729765,0.2762,0.5588,1206920618
12,4729771,0.11,0.9586,1206920624
12,4729772,0.613,0.2125,1206920625
12,4729773,1,-0,1206920626
12,4729774,0.4872,0.3123,1206920627
12,4729776,1,-0,1206920629
12,4729780,0.6755,0.1704,1206920633
12,4729804,0.4872,0.3123,1206920657
12,4729817,1,-0,1206920670
12,4729841,1,-0,1206920694
12,4729844,1,-0,1206920697
12,4754500,1,-0,1206945353
12,4754507,0.08534,1.0688,1206945360
12,4754508,1,-0,1206945361
12,4754512,0.245,0.6108,1206945365
12,4754521,0.05951,1.2254,1206945374
12,4754523,1,-0,1206945376
12,4754526,0.3489,0.4573,1206945379
12,4754529,0.2452,0.6105,1206945382
12,4754536,0.4968,0.3038,1206945389
12,4754537,0.3636,0.4394,1206945390
12,4754541,1,-0,1206945394
12,4754542,0.8353,0.0782,1206945395
12,4754543,0.4114,0.3857,1206945396
12,4754546,1,-0,1206945399
12,4754554,0.6176,0.2093,1206945407
12,4754565,0.4935,0.3067,1206945418
12,4754566,1,-0,1206945419
12,4754569,1,-0,1206945422
12,4754574,1,-0,1206945427
12,4754581,1,-0,1206945434
12,4754589,0.4935,0.3067,1206945442
12,4754592,1,-0,1206945445
12,4754604,1,-0,1206945457
12,4754606,1,-0,1206945459
12,4754607,0.4789,0.3198,1206945460
12,4754609,0.4116,0.3855,1206945462
12,4754616,0.09039,1.0439,1206945469
12,4754617,1,-0,1206945470
12,4754622,0.3472,0.4594,1206945475
12,4754625,1,-0,1206945478
12,4754626,0.686,0.1637,1206945479
12,4754628,1,-0,1206945481
12,4754638,0.4603,0.337,1206945491
12,4754641,1,-0,1206945494
12,4754650,0.5152,0.288,1206945503
12,4754659,0.2043,0.6897,1206945512
12,4754877,0.4865,0.3129,1206945730
12,4754882,0.4935,0.3067,1206945735
12,4754888,0.4935,0.3067,1206945741
12,4754904,0.6202,0.2075,1206945757
12,4754918,0.7191,0.1432,1206945771
12,4754925,1,-0,1206945778
12,4754935,0.2452,0.6105,1206945788
12,4754946,0.4968,0.3038,1206945799
12,4754947,0.4968,0.3038,1206945800
12,4754950,0.5531,0.2572,1206945803
12,4754959,1,-0,1206945812
12,4754960,0.367,0.4353,1206945813
12,4754962,0.2463,0.6085,1206945815
12,4754969,1,-0,1206945822
12,4754971,0.6202,0.2075,1206945824
12,4754972,1,-0,1206945825
12,4842991,1,-0,1207033844
12,4843014,1,-0,1207033867
12,4843017,0.4615,0.3358,1207033870
12,4843030,0.2081,0.6817,1207033883
12,4843042,0.7109,0.1482,1207033895
12,4843050,0.4932,0.307,1207033903
12,4843051,1,-0,1207033904
12,4843071,1,-0,1207033924
12,4843083,0.4932,0.307,1207033936
12,4843086,0.5895,0.2295,1207033939
12,4843087,1,-0,1207033940
12,4843096,0.3764,0.4244,1207033949
12,4843097,0.4615,0.3358,1207033950
12,4843122,0.4615,0.3358,1207033975
12,4843432,1,-0,1207034285
12,4843439,0.4932,0.307,1207034292
12,4843442,1,-0,1207034295
12,4843456,1,-0,1207034309
12,4843457,0.4615,0.3358,1207034310
12,4843460,1,-0,1207034313
12,4843461,0.4615,0.3358,1207034314
12,4843483,0.4615,0.3358,1207034336
12,4843496,0.2081,0.6817,1207034349
12,4843511,0.4615,0.3358,1207034364
12,4843517,0.4615,0.3358,1207034370
12,4843525,0.3577,0.4465,1207034378
12,4843533,1,-0,1207034386
12,4843538,1,-0,1207034391
12,4843546,0.4615,0.3358,1207034399
12,4843582,0.4981,0.3027,1207034435
12,4843599,1,-0,1207034452
12,4843600,1,-0,1207034453
12,4843604,1,-0,1207034457
12,4843605,1,-0,1207034458
12,4843614,0.2454,0.6101,1207034467
12,4843615,0.5962,0.2246,1207034468
12,4843705,1,-0,1207034558
12,4843707,0.4968,0.3038,1207034560
12,4843712,1,-0,1207034565
12,4843735,1,-0,1207034588
12,4843740,0.4375,0.359,1207034593
12,4843756,0.5903,0.2289,1207034609
12,4843760,1,-0,1207034613
12,4843766,1,-0,1207034619
12,4843781,1,-0,1207034634
12,4843786,1,-0,1207034639
12,4843802,1,-0,1207034655
12,4843814,0.4341,0.3624,1207034667
12,4843820,1,-0,1207034673
12,4843851,1,-0,1207034704
12,4843856,1,-0,1207034709
12,4843865,1,-0,1207034718
12,4843940,1,-0,1207034793
12,4843960,1,-0,1207034813
12,4843983,0.4828,0.3162,1207034836
12,4844016,0.4667,0.331,1207034869
12,4844017,1,-0,1207034870
12,4844018,0.4667,0.331,1207034871
12,4844024,0.4667,0.331,1207034877
12,4844041,1,-0,1207034894
12,4844050,0.788,0.1035,1207034903
12,4844051,0.4667,0.331,1207034904
12,4850538,1,-0,1207041391
12,4850541,1,-0,1207041394
12,4850551,0.4932,0.307,1207041404
12,4850559,1,-0,1207041412
12,4850560,1,-0,1207041413
12,4850565,1,-0,1207041418
12,4850575,0.4965,0.3041,1207041428
12,4850579,0.4965,0.3041,1207041432
12,4850580,1,-0,1207041433
12,4850585,0.4965,0.3041,1207041438
12,4850589,1,-0,1207041442
12,4850590,0.4977,0.303,1207041443
12,4850592,0.3666,0.4358,1207041445
12,4850603,0.4965,0.3041,1207041456
12,4850604,1,-0,1207041457
12,4850605,0.2202,0.6572,1207041458
12,4850614,1,-0,1207041467
12,4850615,1,-0,1207041468
12,4850617,1,-0,1207041470
12,4850623,1,-0,1207041476
12,4850628,0.493,0.3072,1207041481
12,4850633,1,-0,1207041486
12,4850634,1,-0,1207041487
12,4850714,1,-0,1207041567
12,4850726,0.4861,0.3133,1207041579
12,4850730,1,-0,1207041583
12,4850731,0.2656,0.5758,1207041584
12,4850746,0.1997,0.6996,1207041599
12,4850751,0.4969,0.3037,1207041604
12,4850763,1,-0,1207041616
12,4850764,1,-0,1207041617
12,4850769,0.5602,0.2517,1207041622
12,4850771,1,-0,1207041624
12,4850774,0.4936,0.3066,1207041627
12,4850775,0.5633,0.2493,1207041628
12,4850778,1,-0,1207041631
12,4850784,0.2449,0.611,1207041637
12,4850786,0.8598,0.0656,1207041639
12,4850790,0.5299,0.2758,1207041643
12,4850794,0.69,0.1612,1207041647
12,4850803,1,-0,1207041656
12,4850816,0.4932,0.307,1207041669
12,4850840,0.4966,0.304,1207041693
12,4850844,0.468,0.3298,1207041697
12,4850845,1,-0,1207041698
12,4967193,0.4938,0.3064,1207158046
12,4967194,0.618,0.209,1207158047
12,4967196,0.4938,0.3064,1207158049
12,4967202,0.6797,0.1677,1207158055
12,4967204,0.497,0.3036,1207158057
12,4967223,0.4938,0.3064,1207158076
12,4967228,0.618,0.209,1207158081
12,4967230,1,-0,1207158083
12,4967246,0.4938,0.3064,1207158099
12,4967247,0.05721,1.2425,1207158100
12,4967248,1,-0,1207158101
12,4967249,1,-0,1207158102
12,4967264,0.792,0.1013,1207158117
12,4967267,0.1181,0.9278,1207158120
12,4967275,0.4938,0.3064,1207158128
12,4967277,0.443,0.3536,1207158130
12,4967279,0.6204,0.2073,1207158132
12,4967282,1,-0,1207158135
12,4967285,1,-0,1207158138
12,4967296,0.3657,0.4369,1207158149
12,4967311,1,-0,1207158164
12,4967324,0.4235,0.3731,1207158177
12,4967576,0.3674,0.4349,1207158429
12,4967591,0.4938,0.3064,1207158444
12,4967596,0.792,0.1013,1207158449
12,4967597,0.05875,1.231,1207158450
12,4967620,0.4938,0.3064,1207158473
12,4967627,0.4938,0.3064,1207158480
12,4967628,0.4926,0.3075,1207158481
12,4967645,1,-0,1207158498
12,4967647,0.2455,0.6099,1207158500
12,4967651,0.04938,1.3064,1207158504
12,4967652,0.7445,0.1281,1207158505
12,4967664,1,-0,1207158517
12,4967674,0.5346,0.272,1207158527
12,4967675,0.497,0.3036,1207158528
12,4967701,1,-0,1207158554
12,5049685,0.2423,0.6156,1207240538
12,5049695,1,-0,1207240548
12,5049699,0.6797,0.1677,1207240552
12,5049710,0.3642,0.4387,1207240563
12,5049715,1,-0,1207240568
12,5049730,0.4938,0.3064,1207240583
12,5049741,0.497,0.3036,1207240594
12,5049751,1,-0,1207240604
12,5049753,1,-0,1207240606
12,5049764,1,-0,1207240617
12,5049765,0.2423,0.6156,1207240618
12,5049766,0.4956,0.3049,1207240619
12,5049777,1,-0,1207240630
12,5049780,1,-0,1207240633
12,5049782,1,-0,1207240635
12,5049786,0.1768,0.7525,1207240639
12,5050035,1,-0,1207240888
12,5050051,0.8044,0.0945,1207240904
12,5050057,0.2423,0.6156,1207240910
12,5050065,0.4938,0.3064,1207240918
12,5050078,0.06257,1.2036,1207240931
12,5050084,1,-0,1207240937
12,5050089,2.942e-4,3.5314,1207240942
12,5050104,1,-0,1207240957
12,5050106,0.01785,1.7484,1207240959
12,5050114,1,-0,1207240967
12,5050122,0.08164,1.0881,1207240975
12,5050125,0.2423,0.6156,1207240978
12,5050129,0.06206,1.2072,1207240982
12,5050130,1,-0,1207240983
12,5050133,0.03203,1.4944,1207240986
12,5050138,0.6204,0.2073,1207240991
12,5050146,1,-0,1207240999
12,5050152,1,-0,1207241005
12,5050155,1,-0,1207241008
12,5050156,1,-0,1207241009
12,5050161,1,-0,1207241014
12,5050163,1,-0,1207241016
12,5050164,1,-0,1207241017
12,5050176,0.4938,0.3064,1207241029
12,5170878,0.4031,0.3946,1207361731
12,5170883,0.5624,0.25,1207361736
12,5170884,0.4938,0.3064,1207361737
12,5170904,0.6204,0.2073,1207361757
12,5170909,0.618,0.209,1207361762
12,5170910,1,-0,1207361763
12,5170913,0.7445,0.1281,1207361766
12,5170915,1,-0,1207361768
12,5170916,0.2423,0.6156,1207361769
12,5170921,0.7445,0.1281,1207361774
12,5170923,1,-0,1207361776
12,5170924,0.303,0.5186,1207361777
12,5170925,0.2423,0.6156,1207361778
12,5170934,0.8245,0.0838,1207361787
12,5170935,0.7445,0.1281,1207361788
12,5170940,0.7445,0.1281,1207361793
12,5170944,0.7445,0.1281,1207361797
12,5170949,0.725,0.1397,1207361802
12,5170950,1,-0,1207361803
12,5170955,0.4938,0.3064,1207361808
12,5170969,0.7445,0.1281,1207361822
12,5170978,1,-0,1207361831
12,5170979,0.7445,0.1281,1207361832
12,5170982,0.4938,0.3064,1207361835
12,5170991,1,-0,1207361844
12,5170993,0.618,0.209,1207361846
12,5170998,0.7445,0.1281,1207361851
12,5171009,0.3642,0.4387,1207361862
12,5171167,0.4938,0.3064,1207362020
12,5171181,0.2423,0.6156,1207362034
12,5171187,1,-0,1207362040
12,5171201,0.4399,0.3566,1207362054
12,5171206,0.7811,0.1073,1207362059
12,5171218,0.618,0.209,1207362071
12,5171221,0.2423,0.6156,1207362074
12,5171222,0.7179,0.1439,1207362075
12,5171233,0.8697,0.0606,1207362086
12,5171235,1,-0,1207362088
12,5171245,0.5651,0.2479,1207362098
12,5171249,1,-0,1207362102
12,5171254,0.5346,0.272,1207362107
12,5171265,0.497,0.3036,1207362118
12,5171277,0.2738,0.5626,1207362130
12,5171288,0.6817,0.1664,1207362141
12,5171298,0.3252,0.4878,1207362151
12,5171299,0.3252,0.4878,1207362152
12,5254361,0.0587,1.2314,1207445214
12,5254369,0.3673,0.435,1207445222
12,5254370,0.6816,0.1665,1207445223
12,5254387,0.5345,0.2721,1207445240
12,5254397,0.05665,1.2468,1207445250
12,5254406,0.5345,0.2721,1207445259
12,5254412,1,-0,1207445265
12,5254439,1,-0,1207445292
12,5254442,0.2516,0.5993,1207445295
12,5254448,1,-0,1207445301
12,5254452,0.4969,0.3037,1207445305
12,5254454,0.3693,0.4326,1207445307
12,5254457,0.3673,0.435,1207445310
12,5254462,0.4429,0.3537,1207445315
12,5254472,1,-0,1207445325
12,5254473,1,-0,1207445326
12,5254477,0.4675,0.3302,1207445330
12,5254485,1,-0,1207445338
12,5254486,0.3673,0.435,1207445339
12,5254487,1,-0,1207445340
12,5254488,1,-0,1207445341
12,5254490,1,-0,1207445343
12,5254493,0.3673,0.435,1207445346
12,5254494,0.4969,0.3037,1207445347
12,5254714,1,-0,1207445567
12,5254718,1,-0,1207445571
12,5254719,1,-0,1207445572
12,5254720,1,-0,1207445573
12,5254724,1,-0,1207445577
12,5254738,0.3673,0.435,1207445591
12,5254743,1,-0,1207445596
12,5254751,1,-0,1207445604
12,5254755,1,-0,1207445608
12,5254758,1,-0,1207445611
12,5254762,0.2768,0.5578,1207445615
12,5254763,1,-0,1207445616
12,5254771,1,-0,1207445624
12,5254773,1,-0,1207445626
12,5254779,0.4969,0.3037,1207445632
12,5254785,1,-0,1207445638
12,5254793,1,-0,1207445646
12,5254800,0.2101,0.6776,1207445653
12,5254821,1,-0,1207445674
12,5254828,0.6204,0.2073,1207445681
12,5254831,0.6204,0.2073,1207445684
12,5254832,1,-0,1207445685
12,5370996,0.6614,0.1795,1207561849
12,5371009,0.8029,0.0953,1207561862
12,5371013,0.3409,0.4674,1207561866
12,5371031,0.4595,0.3377,1207561884
12,5371040,0.4595,0.3377,1207561893
12,5371050,0.6117,0.2135,1207561903
12,5371052,1,-0,1207561905
12,5371077,0.4999,0.3011,1207561930
12,5371078,0.4595,0.3377,1207561931
12,5371084,0.4595,0.3377,1207561937
12,5371085,1,-0,1207561938
12,5371100,0.4999,0.3011,1207561953
12,5371101,0.4999,0.3011,1207561954
12,5371107,1,-0,1207561960
12,5371108,0.453,0.3439,1207561961
12,5371111,0.8691,0.0609,1207561964
12,5371352,1,-0,1207562205
12,5371356,0.7416,0.1298,1207562209
12,5371364,0.2094,0.679,1207562217
12,5371383,1,-0,1207562236
12,5371389,1,-0,1207562242
12,5371398,0.2888,0.5394,1207562251
12,5371401,1,-0,1207562254
12,5371425,1,-0,1207562278
12,5371433,0.09467,1.0238,1207562286
12,5371444,1,-0,1207562297
12,5371449,0.2109,0.6759,1207562302
12,5371460,0.3338,0.4765,1207562313
12,5398372,0.3333,0.4772,1207589225
12,5398387,0.4938,0.3064,1207589240
12,5398402,0.05125,1.2903,1207589255
12,5398408,0.4938,0.3064,1207589261
12,5398453,0.2423,0.6156,1207589306
12,5398458,0.5346,0.272,1207589311
12,5398460,1,-0,1207589313
12,5398481,1,-0,1207589334
12,5398505,0.6204,0.2073,1207589358
12,5398510,0.5319,0.2742,1207589363
12,5398518,0.3642,0.4387,1207589371
12,5398649,0.7934,0.1005,1207589502
12,5398651,1,-0,1207589504
12,5398652,1,-0,1207589505
12,5398658,0.3373,0.472,1207589511
12,5398666,1,-0,1207589519
12,5398669,1,-0,1207589522
12,5398670,1,-0,1207589523
12,5398679,0.6817,0.1664,1207589532
12,5398683,0.05799,1.2366,1207589536
12,5398691,0.7146,0.1459,1207589544
12,5398692,1,-0,1207589545
12,5398705,0.8195,0.0865,1207589558
12,5398722,0.3001,0.5227,1207589575
12,5398748,0.7039,0.1525,1207589601
12,5398749,0.752,0.1238,1207589602
12,5398753,0.4938,0.3064,1207589606
12,5398755,0.7272,0.1383,1207589608
12,5398758,1,-0,1207589611
12,5398762,1,-0,1207589615
12,5398770,1,-0,1207589623
12,5710538,0.2454,0.6101,1207901391
12,5710541,0.273,0.5638,1207901394
12,5710561,1,-0,1207901414
12,5710570,1,-0,1207901423
12,5710574,1,-0,1207901427
12,5710580,0.5209,0.2832,1207901433
12,5710591,1,-0,1207901444
12,5710609,0.2108,0.6761,1207901462
12,5710622,1,-0,1207901475
12,5710634,0.2454,0.6101,1207901487
12,5710656,0.2454,0.6101,1207901509
12,5710662,0.4969,0.3037,1207901515
12,5710665,1,-0,1207901518
12,5710667,0.4969,0.3037,1207901520
12,5710675,1,-0,1207901528
12,5710837,0.1589,0.7989,1207901690
12,5710869,1,-0,1207901722
12,5710886,1,-0,1207901739
12,5710895,0.3985,0.3996,1207901748
12,5710906,0.03045,1.5164,1207901759
12,5710914,1,-0,1207901767
12,5710917,1,-0,1207901770
12,5710923,1,-0,1207901776
12,5710924,1,-0,1207901777
12,5710932,1,-0,1207901785
12,5710934,1,-0,1207901787
12,5710936,0.7197,0.1428,1207901789
12,5710937,1,-0,1207901790
12,5710940,0.4969,0.3037,1207901793
12,5710941,0.6204,0.2073,1207901794
12,5710943,1,-0,1207901796
12,5710949,1,-0,1207901802
12,5710951,1,-0,1207901804
12,5710959,1,-0,1207901812
12,5710960,0.6204,0.2073,1207901813
12,5710962,0.4133,0.3837,1207901815
12,5710972,1,-0,1207901825
12,5710994,0.3073,0.5124,1207901847
12,5711000,0.1999,0.6992,1207901853
12,5711021,0.4966,0.304,1207901874
12,5711025,0.4966,0.304,1207901878
12,5711034,0.1999,0.6992,1207901887
12,5871965,1,-0,1208062818
12,5871973,0.2454,0.6101,1208062826
12,5872001,1,-0,1208062854
12,5872005,1,-0,1208062858
12,5872006,1,-0,1208062859
12,5872009,1,-0,1208062862
12,5872015,1,-0,1208062868
12,5872016,1,-0,1208062869
12,5872031,1,-0,1208062884
12,5872053,1,-0,1208062906
12,5872054,1,-0,1208062907
12,5872055,0.4969,0.3037,1208062908
12,5872063,1,-0,1208062916
12,5872067,1,-0,1208062920
12,5872072,1,-0,1208062925
12,5872076,1,-0,1208062929
12,5872081,0.4969,0.3037,1208062934
12,5872094,0.4969,0.3037,1208062947
12,5872099,0.7508,0.1245,1208062952
12,5872295,0.5475,0.2616,1208063148
12,5872297,0.177,0.752,1208063150
12,5872298,0.247,0.6073,1208063151
12,5872300,1,-0,1208063153
12,5872303,0.1169,0.9322,1208063156
12,5872312,1,-0,1208063165
12,5872314,1,-0,1208063167
12,5872322,1,-0,1208063175
12,5872323,1,-0,1208063176
12,5872332,1,-0,1208063185
12,5872339,0.4969,0.3037,1208063192
12,5872352,1,-0,1208063205
12,5872357,1,-0,1208063210
12,5872360,0.4429,0.3537,1208063213
12,5872365,1,-0,1208063218
12,5872366,1,-0,1208063219
12,5872367,1,-0,1208063220
12,5872380,0.285,0.5452,1208063233
12,5872387,0.7197,0.1428,1208063240
12,5872388,1,-0,1208063241
12,5872392,1,-0,1208063245
12,5872393,1,-0,1208063246
12,5872399,1,-0,1208063252
12,5872401,0.6204,0.2073,1208063254
12,5872402,0.426,0.3706,1208063255
12,5872407,1,-0,1208063260
12,5872413,1,-0,1208063266
12,5872414,1,-0,1208063267
12,5872420,1,-0,1208063273
12,5872424,1,-0,1208063277
12,5904424,1,-0,1208095277
12,5904425,1,-0,1208095278
12,5904432,1,-0,1208095285
12,5904433,0.3279,0.4843,1208095286
12,5904441,1,-0,1208095294
12,5904444,1,-0,1208095297
12,5904447,0.4969,0.3037,1208095300
12,5904461,1,-0,1208095314
12,5904477,1,-0,1208095330
12,5904478,1,-0,1208095331
12,5904491,1,-0,1208095344
12,5904492,1,-0,1208095345
12,5904493,1,-0,1208095346
12,5904497,1,-0,1208095350
12,5904498,1,-0,1208095351
12,5904502,0.7515,0.1241,1208095355
12,5904503,0.4969,0.3037,1208095356
12,5904508,1,-0,1208095361
12,5904514,0.4969,0.3037,1208095367
12,5904521,1,-0,1208095374
12,5904539,1,-0,1208095392
12,5904541,1,-0,1208095394
12,5904542,1,-0,1208095395
12,5904549,1,-0,1208095402
12,5904771,0.4969,0.3037,1208095624
12,5904778,1,-0,1208095631
12,5904781,0.4969,0.3037,1208095634
12,5904782,1,-0,1208095635
12,5904784,1,-0,1208095637
12,5904793,0.2421,0.616,1208095646
12,5904799,0.49370000000000003,0.3065,1208095652
12,5904801,1,-0,1208095654
12,5904806,1,-0,1208095659
12,5904815,0.4951,0.3053,1208095668
12,5904816,1,-0,1208095669
12,5904832,0.6202,0.2075,1208095685
12,5904867,1,-0,1208095720
12,5904882,1,-0,1208095735
12,5904883,1,-0,1208095736
12,5904895,1,-0,1208095748
12,5904931,0.4596,0.3376,1208095784
12,5904947,0.8213,0.0855,1208095800
12,5904952,1,-0,1208095805
12,5904966,0.2007,0.6975,1208095819
12,5904973,1,-0,1208095826
12,5904980,1,-0,1208095833
12,5904986,1,-0,1208095839
12,5904996,1,-0,1208095849
12,5905000,0.711,0.1481,1208095853
12,5905012,0.6153,0.2109,1208095865
12,5905016,1,-0,1208095869
12,5905032,1,-0,1208095885
12,5905035,0.6153,0.2109,1208095888
12,5905046,0.49370000000000003,0.3065,1208095899
12,5905049,1,-0,1208095902
12,5948212,0.02872,1.5418,1208139065
12,5948213,0.752,0.1238,1208139066
12,5948215,0.1024,0.9897,1208139068
12,5948224,0.1213,0.9161,1208139077
12,5948230,0.4348,0.3617,1208139083
12,5948233,0.1213,0.9161,1208139086
12,5948245,0.05341,1.2724,1208139098
12,5948279,1,-0,1208139132
12,5948287,0.4926,0.3075,1208139140
12,5948288,0.4545,0.3425,1208139141
12,5948299,1,-0,1208139152
12,5948320,0.6137,0.212,1208139173
12,5948323,0.3889,0.4102,1208139176
12,5948354,0.3422,0.4657,1208139207
12,5948361,0.4643,0.3332,1208139214
12,5948366,1,-0,1208139219
12,5948369,0.4935,0.3067,1208139222
12,5948392,0.4643,0.3332,1208139245
12,5948401,0.4006,0.3973,1208139254
12,5948402,0.4006,0.3973,1208139255
12,5948410,0.4507,0.3461,1208139263
12,5948426,1,-0,1208139279
12,5948465,1,-0,1208139318
12,5948546,0.618,0.209,1208139399
12,5948555,0.618,0.209,1208139408
12,5948790,1,-0,1208139643
12,5948795,1,-0,1208139648
12,5948802,0.6204,0.2073,1208139655
12,5948803,0.6204,0.2073,1208139656
12,5948809,1,-0,1208139662
12,5948816,1,-0,1208139669
12,5948822,1,-0,1208139675
12,5948828,1,-0,1208139681
12,5948831,0.4938,0.3064,1208139684
12,5948843,0.3695,0.4324,1208139696
12,5948844,0.01047,1.9801,1208139697
12,5948848,0.4938,0.3064,1208139701
12,5948849,0.05875,1.231,1208139702
12,5948852,0.4938,0.3064,1208139705
12,5948859,1,-0,1208139712
12,5948861,0.2423,0.6156,1208139714
12,5948862,0.2112,0.6753,1208139715
12,5948881,1,-0,1208139734
12,5948883,0.3285,0.4835,1208139736
12,5948890,0.4938,0.3064,1208139743
12,5948896,0.4311,0.3654,1208139749
12,6007944,0.3454,0.4617,1208198797
12,6007946,0.49370000000000003,0.3065,1208198799
12,6007948,0.2653,0.5763,1208198801
12,6007949,1,-0,1208198802
12,6007953,0.6178,0.2092,1208198806
12,6007969,0.4969,0.3037,1208198822
12,6007983,0.49370000000000003,0.3065,1208198836
12,6007991,0.2421,0.616,1208198844
12,6008044,1,-0,1208198897
12,6008046,0.6795,0.1678,1208198899
12,6008049,0.49370000000000003,0.3065,1208198902
12,6008059,1,-0,1208198912
12,6008074,1,-0,1208198927
12,6008076,0.3418,0.4662,1208198929
12,6008077,1,-0,1208198930
12,6008182,0.4969,0.3037,1208199035
12,6008195,1,-0,1208199048
12,6008212,0.6178,0.2092,1208199065
12,6008218,0.49370000000000003,0.3065,1208199071
12,6008222,0.1204,0.9194,1208199075
12,6008238,1,-0,1208199091
12,6008242,0.2453,0.6103,1208199095
12,6008243,0.2453,0.6103,1208199096
12,6008290,0.1603,0.7951,1208199143
12,6008301,0.49370000000000003,0.3065,1208199154
12,6008302,1,-0,1208199155
12,6138131,1,-0,1208328984
12,6138134,0.2323,0.634,1208328987
12,6138142,1,-0,1208328995
12,6138151,0.4969,0.3037,1208329004
12,6138159,1,-0,1208329012
12,6138177,1,-0,1208329030
12,6138178,0.2101,0.6776,1208329031
12,6138184,0.8754,0.0578,1208329037
12,6138189,0.8754,0.0578,1208329042
12,6138191,0.6204,0.2073,1208329044
12,6138192,1,-0,1208329045
12,6138194,0.1204,0.9194,1208329047
12,6138202,0.4,0.3979,1208329055
12,6138216,1,-0,1208329069
12,6138220,1,-0,1208329073
12,6138225,0.8754,0.0578,1208329078
12,6138227,1,-0,1208329080
12,6138234,0.8754,0.0578,1208329087
12,6138240,1,-0,1208329093
12,6138243,0.6816,0.1665,1208329096
12,6138250,1,-0,1208329103
12,6138253,1,-0,1208329106
12,6138259,0.05321,1.274,1208329112
12,6138463,1,-0,1208329316
12,6138466,1,-0,1208329319
12,6138468,0.4969,0.3037,1208329321
12,6138478,0.8193,0.0866,1208329331
12,6138481,1,-0,1208329334
12,6138484,0.7197,0.1428,1208329337
12,6138488,1,-0,1208329341
12,6138489,0.1183,0.927,1208329342
12,6138494,1,-0,1208329347
12,6138499,1,-0,1208329352
12,6138502,0.1096,0.9602,1208329355
12,6138506,1,-0,1208329359
12,6138513,1,-0,1208329366
12,6138515,0.736,0.1331,1208329368
12,6138523,1,-0,1208329376
12,6138526,0.4969,0.3037,1208329379
12,6138527,0.8193,0.0866,1208329380
12,6138532,1,-0,1208329385
12,6138533,0.736,0.1331,1208329386
12,6138536,1,-0,1208329389
12,6138541,1,-0,1208329394
12,6138554,1,-0,1208329407
12,6138562,1,-0,1208329415
12,6138569,1,-0,1208329422
12,6138573,1,-0,1208329426
12,6138578,1,-0,1208329431
12,6138580,1,-0,1208329433
12,6138586,1,-0,1208329439
12,6138591,1,-0,1208329444
12,6138597,1,-0,1208329450
12,6151171,1,-0,1208342024
12,6151177,0.3977,0.4004,1208342030
12,6151193,0.4916,0.3084,1208342046
12,6151215,0.3533,0.4519,1208342068
12,6151221,1,-0,1208342074
12,6151235,1,-0,1208342088
12,6151245,1,-0,1208342098
12,6151267,1,-0,1208342120
12,6151275,1,-0,1208342128
12,6151276,1,-0,1208342129
12,6151288,0.4969,0.3037,1208342141
12,6151299,1,-0,1208342152
12,6151300,1,-0,1208342153
12,6151303,1,-0,1208342156
12,6151312,1,-0,1208342165
12,6151326,1,-0,1208342179
12,6151327,0.4033,0.3944,1208342180
12,6151340,1,-0,1208342193
12,6151343,1,-0,1208342196
12,6151346,0.4969,0.3037,1208342199
12,6151357,0.2453,0.6103,1208342210
12,6151369,0.3285,0.4835,1208342222
12,6151377,1,-0,1208342230
12,6151385,1,-0,1208342238
12,6151387,0.4969,0.3037,1208342240
12,6151569,1,-0,1208342422
12,6151570,1,-0,1208342423
12,6151573,0.08755,1.0577,1208342426
12,6151589,1,-0,1208342442
12,6151592,1,-0,1208342445
12,6151598,0.6202,0.2075,1208342451
12,6151603,0.6202,0.2075,1208342456
12,6151615,0.1755,0.7557,1208342468
12,6151616,1,-0,1208342469
12,6151618,1,-0,1208342471
12,6151623,1,-0,1208342476
12,6151624,1,-0,1208342477
12,6151635,0.2453,0.6103,1208342488
12,6151636,0.2453,0.6103,1208342489
12,6151641,0.4969,0.3037,1208342494
12,6151642,0.4969,0.3037,1208342495
12,6151644,1,-0,1208342497
12,6151650,1,-0,1208342503
12,6151653,0.3671,0.4352,1208342506
12,6151664,1,-0,1208342517
12,6151669,0.2453,0.6103,1208342522
12,6151690,1,-0,1208342543
12,6151699,0.4121,0.385,1208342552
12,6194065,0.6098,0.2148,1208384918
12,6194075,0.4938,0.3064,1208384928
12,6194078,0.4938,0.3064,1208384931
12,6194099,0.4938,0.3064,1208384952
12,6194102,0.7445,0.1281,1208384955
12,6194109,1,-0,1208384962
12,6194112,1,-0,1208384965
12,6194119,0.6861,0.1636,1208384972
12,6194122,0.5086,0.2936,1208384975
12,6194126,0.01239,1.9069,1208384979
12,6194142,0.006997,2.1551,1208384995
12,6194143,0.01239,1.9069,1208384996
12,6194144,0.01239,1.9069,1208384997
12,6194157,0.3674,0.4349,1208385010
12,6194178,1,-0,1208385031
12,6194180,0.4938,0.3064,1208385033
12,6194185,0.4938,0.3064,1208385038
12,6194187,0.4938,0.3064,1208385040
12,6194190,1,-0,1208385043
12,6194196,0.6797,0.1677,1208385049
12,6194200,0.01362,1.8658,1208385053
12,6194464,1,-0,1208385317
12,6194554,1,-0,1208385407
12,6227074,0.4975,0.3032,1208417927
12,6227082,0.4364,0.3601,1208417935
12,6227090,0.3894,0.4096,1208417943
12,6227095,0.2329,0.6328,1208417948
12,6227103,0.1918,0.7172,1208417956
12,6227104,1,-0,1208417957
12,6227115,0.01104,1.957,1208417968
12,6227116,1,-0,1208417969
12,6227118,0.7385,0.1316,1208417971
12,6227126,1,-0,1208417979
12,6227127,0.09502,1.0222,1208417980
12,6227128,1,-0,1208417981
12,6227131,1,-0,1208417984
12,6227134,0.36870000000000003,0.4333,1208417987
12,6227135,1,-0,1208417988
12,6227136,1,-0,1208417989
12,6227138,0.4805,0.3183,1208417991
12,6227141,0.4868,0.3126,1208417994
12,6227142,0.137,0.8633,1208417995
12,6227148,0.1681,0.7744,1208418001
12,6227157,0.3742,0.4269,1208418010
12,6227165,0.4805,0.3183,1208418018
12,6227166,0.4975,0.3032,1208418019
12,6227170,0.2293,0.6396,1208418023
12,6227175,1,-0,1208418028
12,6227176,0.2462,0.6087,1208418029
12,6227179,0.6827,0.1658,1208418032
12,6227201,1,-0,1208418054
12,6227202,1,-0,1208418055
12,6227209,1,-0,1208418062
12,6227334,0.2293,0.6396,1208418187
12,6227335,0.2293,0.6396,1208418188
12,6227338,1,-0,1208418191
12,6227347,0.1956,0.7086,1208418200
12,6227348,0.4805,0.3183,1208418201
12,6227384,0.2117,0.6743,1208418237
12,6227388,0.2117,0.6743,1208418241
12,6227389,1,-0,1208418242
12,6227408,1,-0,1208418261
12,6227414,1,-0,1208418267
12,6227425,0.2293,0.6396,1208418278
12,6227426,0.8712,0.0599,1208418279
12,6227437,1,-0,1208418290
12,6227439,0.3352,0.4747,1208418292
12,6227450,0.4805,0.3183,1208418303
12,6227455,1,-0,1208418308
12,6227458,0.2399,0.62,1208418311
12,6283123,0.4063,0.3912,1208473976
12,6283139,0.4634,0.334,1208473992
12,6283152,0.2117,0.6743,1208474005
12,6283153,1,-0,1208474006
12,6283154,1,-0,1208474007
12,6283164,1,-0,1208474017
12,6283165,0.5812,0.2357,1208474018
12,6283172,0.5888,0.23,1208474025
12,6283173,1,-0,1208474026
12,6283179,0.6227,0.2057,1208474032
12,6283184,1,-0,1208474037
12,6283189,1,-0,1208474042
12,6283190,1,-0,1208474043
12,6283200,0.6525,0.1854,1208474053
12,6283202,1,-0,1208474055
12,6283206,0.4524,0.3445,1208474059
12,6283207,0.1868,0.7286,1208474060
12,6283210,1,-0,1208474063
12,6283222,0.493,0.3072,1208474075
12,6283223,1,-0,1208474076
12,6283224,0.617,0.2097,1208474077
12,6283225,1,-0,1208474078
12,6283237,0.5294,0.2762,1208474090
12,6283241,1,-0,1208474094
12,6283242,1,-0,1208474095
12,6283245,0.1172,0.9311,1208474098
12,6283268,0.4973,0.3034,1208474121
12,6283278,1,-0,1208474131
12,6283287,1,-0,1208474140
12,6283290,0.05525,1.2577,1208474143
12,6283293,0.2056,0.687,1208474146
12,6283325,0.3626,0.4406,1208474178
12,6283329,0.4966,0.304,1208474182
12,6283331,0.6146,0.2114,1208474184
12,6283342,0.7188,0.1434,1208474195
12,6283350,0.1819,0.7402,1208474203
12,6283352,0.2407,0.6185,1208474205
12,6283355,0.4966,0.304,1208474208
12,6283357,0.4815,0.3174,1208474210
12,6283511,1,-0,1208474364
12,6283525,0.4857,0.3136,1208474378
12,6283534,0.4968,0.3038,1208474387
12,6283549,1,-0,1208474402
12,6283553,0.1992,0.7007,1208474406
12,6283556,0.3569,0.4475,1208474409
12,6283557,0.1202,0.9201,1208474410
12,6283558,0.3709,0.4307,1208474411
12,6283559,0.7929,0.1008,1208474412
12,6283568,0.493,0.3072,1208474421
12,6283570,0.2341,0.6306,1208474423
12,6283577,0.2412,0.6176,1208474430
12,6283584,1,-0,1208474437
12,6283589,0.493,0.3072,1208474442
12,6283594,0.493,0.3072,1208474447
12,6283604,0.493,0.3072,1208474457
12,6283612,1,-0,1208474465
12,6875089,1,-0,1209065942
12,6875097,1,-0,1209065950
12,6875118,0.4286,0.3679,1209065971
12,6875153,0.4667,0.331,1209066006
12,6875164,0.4286,0.3679,1209066017
12,6875170,0.4545,0.3425,1209066023
12,6875188,0.5804,0.2363,1209066041
12,6875199,0.4286,0.3679,1209066052
12,6875229,1,-0,1209066082
12,6875248,0.2253,0.6472,1209066101
12,6875252,0.2025,0.6936,1209066105
12,6875259,0.6613,0.1796,1209066112
12,6875265,1,-0,1209066118
12,6875277,0.4205,0.3762,1209066130
12,6875280,0.4205,0.3762,1209066133
12,6875290,0.2253,0.6472,1209066143
12,6875294,0.7572,0.1208,1209066147
12,6875295,0.6613,0.1796,1209066148
12,6875300,0.5573,0.2539,1209066153
12,6875303,0.5693,0.2447,1209066156
12,6875305,0.48,0.3188,1209066158
12,6875319,0.2253,0.6472,1209066172
12,6875320,0.2253,0.6472,1209066173
12,6875321,0.4906,0.3093,1209066174
12,6875327,0.48,0.3188,1209066180
12,6875328,0.2253,0.6472,1209066181
12,6875331,0.04614,1.3359,1209066184
12,6875339,0.48,0.3188,1209066192
12,6875358,0.2253,0.6472,1209066211
12,6875364,0.7737,0.1114,1209066217
12,6875365,1,-0,1209066218
12,6875549,0.6613,0.1796,1209066402
12,6875556,0.2271,0.6438,1209066409
12,6875558,0.6613,0.1796,1209066411
12,6875573,1,-0,1209066426
12,6875574,0.7505,0.1246,1209066427
12,6875588,0.2243,0.6492,1209066441
12,6875601,0.2253,0.6472,1209066454
12,6875608,0.002035,2.6914,1209066461
12,6875612,0.002035,2.6914,1209066465
12,6875624,0.02296,1.639,1209066477
12,6875641,0.4092,0.3881,1209066494
12,6875644,0.272,0.5654,1209066497
12,6875645,0.272,0.5654,1209066498
12,6875648,0.3876,0.4116,1209066501
12,6875649,0.272,0.5654,1209066502
12,6875656,0.3876,0.4116,1209066509
12,6875682,0.4232,0.3735,1209066535
12,6875732,0.2956,0.5293,1209066585
12,6875738,1,-0,1209066591
12,6875742,0.7426,0.1292,1209066595
12,6875752,1,-0,1209066605
12,6875753,1,-0,1209066606
12,6875756,1,-0,1209066609
12,6875768,1,-0,1209066621
12,6875804,1,-0,1209066657
12,6875813,0.805,0.0942,1209066666
12,6875825,1,-0,1209066678
12,6875831,0.3956,0.4027,1209066684
12,6875846,0.4286,0.3679,1209066699
12,6875858,0.4992,0.3017,1209066711
12,6875873,1,-0,1209066726
12,6875881,0.4444,0.3522,1209066734
12,6875891,1,-0,1209066744
12,6875924,1,-0,1209066777
12,6875928,0.4776,0.3209,1209066781
12,6875929,0.4776,0.3209,1209066782
12,6875934,0.4776,0.3209,1209066787
12,6875939,0.4697,0.3282,1209066792
12,6875941,0.4697,0.3282,1209066794
12,6875942,1,-0,1209066795
12,6875943,0.6058,0.2177,1209066796
12,6875949,1,-0,1209066802
12,6875955,0.4697,0.3282,1209066808
12,6875959,0.2533,0.5964,1209066812
12,6875967,0.2262,0.6455,1209066820
12,6875993,0.02117,1.6743,1209066846
12,6876022,0.4973,0.3034,1209066875
12,6876027,0.4776,0.3209,1209066880
12,6876035,0.4776,0.3209,1209066888
12,6876039,0.02284,1.6413,1209066892
12,6876066,0.4967,0.3039,1209066919
12,6876077,0.814,0.0894,1209066930
12,6877998,1,-0,1209068851
12,6878006,1,-0,1209068859
12,6878014,0.6832,0.1655,1209068867
12,6878028,0.618,0.209,1209068881
12,6878033,0.5086,0.2936,1209068886
12,6878043,0.7179,0.1439,1209068896
12,6878045,1,-0,1209068898
12,6878074,0.282,0.5498,1209068927
12,6878082,0.5895,0.2295,1209068935
12,6878088,0.2423,0.6156,1209068941
12,6878089,0.2423,0.6156,1209068942
12,6878093,1,-0,1209068946
12,6878100,0.02846,1.5458,1209068953
12,6878129,1,-0,1209068982
12,6878304,0.4938,0.3064,1209069157
12,6878313,1,-0,1209069166
12,6878317,0.6411,0.1931,1209069170
12,6878337,0.09653,1.0153,1209069190
12,6878374,0.1205,0.919,1209069227
12,6878376,1,-0,1209069229
12,6878377,0.3642,0.4387,1209069230
12,6878391,0.2423,0.6156,1209069244
12,6878401,0.6204,0.2073,1209069254
12,6878406,0.4938,0.3064,1209069259
12,6878415,1,-0,1209069268
12,6878421,1,-0,1209069274
12,6878423,1,-0,1209069276
12,6909217,0.6197,0.2078,1209100070
12,6909226,0.4414,0.3552,1209100079
12,6909227,1,-0,1209100080
12,6909232,0.8377,0.0769,1209100085
12,6909233,0.4965,0.3041,1209100086
12,6909242,1,-0,1209100095
12,6909244,1,-0,1209100097
12,6909246,1,-0,1209100099
12,6909255,0.698,0.1561,1209100108
12,6909256,1,-0,1209100109
12,6909265,1,-0,1209100118
12,6909287,1,-0,1209100140
12,6909292,1,-0,1209100145
12,6909295,0.6176,0.2093,1209100148
12,6909306,0.4935,0.3067,1209100159
12,6909309,1,-0,1209100162
12,6909317,0.2419,0.6164,1209100170
12,6909319,0.2419,0.6164,1209100172
12,6909324,0.4325,0.364,1209100177
12,6909326,1,-0,1209100179
12,6909331,1,-0,1209100184
12,6909334,0.4968,0.3038,1209100187
12,6909338,0.6176,0.2093,1209100191
12,6909339,0.6176,0.2093,1209100192
12,6909342,1,-0,1209100195
12,6909355,0.09317,1.0307,1209100208
12,6909361,0.09317,1.0307,1209100214
12,6909364,0.09317,1.0307,1209100217
12,6909365,0.09317,1.0307,1209100218
12,6909398,0.09317,1.0307,1209100251
12,6909453,1,-0,1209100306
12,6909456,0.3332,0.4773,1209100309
12,6909463,0.7802,0.10780000000000001,1209100316
12,6909473,1,-0,1209100326
12,6909475,0.7358,0.1332,1209100328
12,6909476,0.531,0.2749,1209100329
12,6909484,0.2765,0.5583,1209100337
12,6909488,1,-0,1209100341
12,6909498,0.4523,0.3446,1209100351
12,6909511,0.4935,0.3067,1209100364
12,6909521,0.3245,0.4888,1209100374
12,6909523,0.5782,0.2379,1209100376
12,6909524,0.4935,0.3067,1209100377
12,6909528,0.1166,0.9333,1209100381
12,6909530,0.2118,0.6741,1209100383
12,6909535,0.1163,0.9344,1209100388
12,6909543,0.1142,0.9423,1209100396
12,6909546,1,-0,1209100399
12,6909550,1,-0,1209100403
12,6909560,0.4935,0.3067,1209100413
12,6909573,1,-0,1209100426
12,6909579,0.531,0.2749,1209100432
12,7023041,0.3172,0.4987,1209213894
12,7023046,0.024,1.6198,1209213899
12,7023048,0.2298,0.6386,1209213901
12,7023049,1,-0,1209213902
12,7023054,0.2463,0.6085,1209213907
12,7023055,0.6213,0.2067,1209213908
12,7023061,0.3677,0.4345,1209213914
12,7023080,0.3898,0.4092,1209213933
12,7023084,1,-0,1209213937
12,7023085,0.7389,0.1314,1209213938
12,7023117,1,-0,1209213970
12,7023126,0.3326,0.4781,1209213979
12,7023130,0.1269,0.8965,1209213983
12,7023142,0.6213,0.2067,1209213995
12,7023144,1,-0,1209213997
12,7023149,1,-0,1209214002
12,7023162,0.1942,0.7118,1209214015
12,7023168,0.4613,0.336,1209214021
12,7023331,0.00723,2.1409,1209214184
12,7023350,0.62,0.2076,1209214203
12,7023351,0.4967,0.3039,1209214204
12,7023352,0.62,0.2076,1209214205
12,7023368,0.4967,0.3039,1209214221
12,7023375,0.6812,0.1667,1209214228
12,7023379,1,-0,1209214232
12,7023386,0.1147,0.9404,1209214239
12,7023389,0.2475,0.6064,1209214242
12,7023391,1,-0,1209214244
12,7023399,0.4967,0.3039,1209214252
12,7023406,0.4967,0.3039,1209214259
12,7023407,0.3033,0.5181,1209214260
12,7023408,0.5188,0.285,1209214261
12,7023412,0.62,0.2076,1209214265
12,7023419,0.245,0.6108,1209214272
12,7023421,1,-0,1209214274
12,7023422,0.07231,1.1408,1209214275
12,7023433,0.3731,0.4282,1209214286
12,7023444,1,-0,1209214297
12,7023445,0.2017,0.6953,1209214298
12,7023452,1,-0,1209214305
12,7023463,0.61240000000000006,0.213,1209214316
12,7023464,1,-0,1209214317
12,7023480,0.1512,0.8204,1209214333
12,7023481,1,-0,1209214334
12,7137696,1,-0,1209328549
12,7137699,0.2738,0.5626,1209328552
12,7137714,0.2455,0.6099,1209328567
12,7137717,0.2423,0.6156,1209328570
12,7137718,1,-0,1209328571
12,7137722,0.6204,0.2073,1209328575
12,7137723,1,-0,1209328576
12,7137724,0.1649,0.7828,1209328577
12,7137732,1,-0,1209328585
12,7137734,1,-0,1209328587
12,7137746,0.8501,0.0705,1209328599
12,7137752,0.2423,0.6156,1209328605
12,7137754,0.618,0.209,1209328607
12,7137760,0.7772,0.1095,1209328613
12,7137763,1,-0,1209328616
12,7137764,1,-0,1209328617
12,7137775,1,-0,1209328628
12,7137776,0.4901,0.3097,1209328629
12,7137792,0.4963,0.3043,1209328645
12,7137794,0.4963,0.3043,1209328647
12,7137803,0.3333,0.4772,1209328656
12,7137992,0.4938,0.3064,1209328845
12,7138011,1,-0,1209328864
12,7138013,0.7198,0.1428,1209328866
12,7138014,0.3252,0.4878,1209328867
12,7138020,0.4938,0.3064,1209328873
12,7138021,0.7811,0.1073,1209328874
12,7138022,1,-0,1209328875
12,7138033,0.003415,2.4666,1209328886
12,7138035,0.4938,0.3064,1209328888
12,7138037,0.6797,0.1677,1209328890
12,7138038,0.497,0.3036,1209328891
12,7138039,0.4938,0.3064,1209328892
12,7138045,0.497,0.3036,1209328898
12,7138049,0.4938,0.3064,1209328902
12,7138060,1,-0,1209328913
12,7138063,0.7462,0.1271,1209328916
12,7138072,0.4938,0.3064,1209328925
12,7138075,0.7179,0.1439,1209328928
12,7138078,0.6746,0.171,1209328931
12,7138079,0.02752,1.5604,1209328932
12,7138090,0.3672,0.4351,1209328943
12,7138092,1,-0,1209328945
12,7138093,0.7177,0.1441,1209328946
12,7138096,1,-0,1209328949
12,7138099,1,-0,1209328952
12,7138100,1,-0,1209328953
12,7138102,0.2423,0.6156,1209328955
12,7138103,0.4938,0.3064,1209328956
12,7138105,0.5319,0.2742,1209328958
12,7138108,0.4938,0.3064,1209328961
12,7138111,0.6204,0.2073,1209328964
12,7138120,1,-0,1209328973
12,7138121,0.497,0.3036,1209328974
12,7225855,1,-0,1209416708
12,7225861,0.1961,0.7075,1209416714
12,7225867,1,-0,1209416720
12,7225868,0.8374,0.0771,1209416721
12,7225878,1,-0,1209416731
12,7225884,0.6213,0.2067,1209416737
12,7225891,0.481,0.3179,1209416744
12,7225896,0.6087,0.21560000000000001,1209416749
12,7225897,1,-0,1209416750
12,7225907,0.481,0.3179,1209416760
12,7225917,0.481,0.3179,1209416770
12,7225929,1,-0,1209416782
12,7225930,0.6721,0.1726,1209416783
12,7225954,0.481,0.3179,1209416807
12,7225959,0.2298,0.6386,1209416812
12,7225964,0.1139,0.9435,1209416817
12,7225966,0.4975,0.3032,1209416819
12,7225968,1,-0,1209416821
12,7225970,0.4975,0.3032,1209416823
12,7225971,0.481,0.3179,1209416824
12,7226182,0.005594,2.2523,1209417035
12,7226190,0.6087,0.21560000000000001,1209417043
12,7226197,0.481,0.3179,1209417050
12,7226199,1,-0,1209417052
12,7226200,1,-0,1209417053
12,7226203,1,-0,1209417056
12,7226208,1,-0,1209417061
12,7226213,1,-0,1209417066
12,7226214,0.8285,0.0817,1209417067
12,7226215,1,-0,1209417068
12,7226221,1,-0,1209417074
12,7226224,0.481,0.3179,1209417077
12,7226254,0.7115,0.1478,1209417107
12,7226261,1,-0,1209417114
12,7226265,0.1987,0.7018,1209417118
12,7226266,0.48,0.3188,1209417119
12,7226271,0.2298,0.6386,1209417124
12,7226272,0.4826,0.3164,1209417125
12,7226273,0.1825,0.7387,1209417126
12,7226274,0.03034,1.518,1209417127
12,7226275,0.03505,1.4553,1209417128
12,7226276,0.01536,1.8136,1209417129
12,7226286,1,-0,1209417139
12,7226290,0.6005,0.2215,1209417143
12,7226291,0.481,0.3179,1209417144
12,7226299,0.2463,0.6085,1209417152
12,7227002,0.6213,0.2067,1209417855
12,7227025,0.481,0.3179,1209417878
12,7227034,0.481,0.3179,1209417887
12,7227041,0.002938,2.5319,1209417894
12,7227084,0.481,0.3179,1209417937
12,7227097,1,-0,1209417950
12,7227116,0.4975,0.3032,1209417969
12,7227203,1,-0,1209418056
12,7227251,0.4868,0.3126,1209418104
12,7227253,0.2354,0.6282,1209418106
12,7227263,0.481,0.3179,1209418116
12,7227270,0.4872,0.3123,1209418123
12,7227273,0.2357,0.6276,1209418126
12,7227302,1,-0,1209418155
12,7227306,1,-0,1209418159
12,7227311,1,-0,1209418164
12,7227315,1,-0,1209418168
12,7227324,0.6213,0.2067,1209418177
12,7227330,1,-0,1209418183
12,7227344,0.481,0.3179,1209418197
12,7227348,1,-0,1209418201
12,7227350,0.481,0.3179,1209418203
12,7227361,0.481,0.3179,1209418214
12,7227371,1,-0,1209418224
12,7227373,0.7955,0.0994,1209418226
12,7227651,1,-0,1209418504
12,7227666,1,-0,1209418519
12,7227670,1,-0,1209418523
12,7227671,0.7232,0.1407,1209418524
12,7227681,0.4474,0.3493,1209418534
12,7227684,1,-0,1209418537
12,7227697,0.2484,0.6048,1209418550
12,7227701,0.4474,0.3493,1209418554
12,7227708,0.4324,0.3641,1209418561
12,7227716,0.3725,0.4289,1209418569
12,7227724,0.6178,0.2092,1209418577
12,7227726,1,-0,1209418579
12,7227737,1,-0,1209418590
12,7227738,0.4667,0.331,1209418591
12,7227741,0.3709,0.4307,1209418594
12,7227745,0.4667,0.331,1209418598
12,7227754,1,-0,1209418607
12,7227759,1,-0,1209418612
12,7227764,1,-0,1209418617
12,7227781,0.4762,0.3222,1209418634
12,7227786,1,-0,1209418639
12,7227789,0.4951,0.3053,1209418642
12,7227794,0.1199,0.9212,1209418647
12,7227809,1,-0,1209418662
12,7227818,1,-0,1209418671
12,7227823,0.4667,0.331,1209418676
12,7227825,0.4944,0.3059,1209418678
12,7227828,1,-0,1209418681
12,7227830,1,-0,1209418683
12,7227838,0.326,0.4868,1209418691
12,7227840,0.2665,0.5743,1209418693
12,7227844,0.4951,0.3053,1209418697
12,7409007,0.4938,0.3064,1209599860
12,7409008,1,-0,1209599861
12,7409022,0.4938,0.3064,1209599875
12,7409031,0.4938,0.3064,1209599884
12,7409036,0.6204,0.2073,1209599889
12,7409066,1,-0,1209599919
12,7409067,0.4938,0.3064,1209599920
12,7409068,0.4938,0.3064,1209599921
12,7409093,0.4938,0.3064,1209599946
12,7409107,1,-0,1209599960
12,7409119,0.4938,0.3064,1209599972
12,7409120,1,-0,1209599973
12,7409123,1,-0,1209599976
12,7409346,0.4938,0.3064,1209600199
12,7409359,0.5555,0.2553,1209600212
12,7409360,0.497,0.3036,1209600213
12,7409379,1,-0,1209600232
12,7409384,0.1181,0.9278,1209600237
12,7409391,0.6723,0.1724,1209600244
12,7409392,0.4938,0.3064,1209600245
12,7409402,1,-0,1209600255
12,7409408,0.4938,0.3064,1209600261
12,7409409,0.4938,0.3064,1209600262
12,7409411,1,-0,1209600264
12,7409414,1,-0,1209600267
12,7409415,0.4938,0.3064,1209600268
12,7409416,1,-0,1209600269
12,7409423,1,-0,1209600276
12,7409441,0.3642,0.4387,1209600294
12,7409445,0.4938,0.3064,1209600298
12,7573076,1,-0,1209763929
12,7573077,1,-0,1209763930
12,7573079,0.4875,0.312,1209763932
12,7573083,1,-0,1209763936
12,7573085,1,-0,1209763938
12,7573086,1,-0,1209763939
12,7573093,1,-0,1209763946
12,7573105,0.4972,0.3035,1209763958
12,7573110,0.2361,0.6269,1209763963
12,7573123,0.4972,0.3035,1209763976
12,7573125,0.05866,1.2317,1209763978
12,7573142,0.7794,0.1082,1209763995
12,7573143,0.7794,0.1082,1209763996
12,7573145,0.2457,0.6096,1209763998
12,7573146,1,-0,1209763999
12,7573154,1,-0,1209764007
12,7573167,1,-0,1209764020
12,7573174,1,-0,1209764027
12,7573186,0.4875,0.312,1209764039
12,7573191,0.4875,0.312,1209764044
12,7573308,0.4314,0.3651,1209764161
12,7573311,1,-0,1209764164
12,7573315,0.3985,0.3996,1209764168
12,7573316,1,-0,1209764169
12,7573319,0.5019,0.2994,1209764172
12,7573355,1,-0,1209764208
12,7573360,1,-0,1209764213
12,7573361,1,-0,1209764214
12,7573371,0.4464,0.3503,1209764224
12,7573466,0.4953,0.3051,1209764319
12,7573468,1,-0,1209764321
12,7573469,0.2249,0.648,1209764322
12,7573481,0.7879,0.1035,1209764334
12,7573484,0.4953,0.3051,1209764337
12,7573500,0.4773,0.3212,1209764353
12,7573504,1,-0,1209764357
12,7573516,0.6784,0.1685,1209764369
12,7573535,0.6665,0.1762,1209764388
12,7573544,0.4953,0.3051,1209764397
12,7573561,1,-0,1209764414
12,7573569,0.4953,0.3051,1209764422
12,7573620,1,-0,1209764473
12,7573725,0.6044,0.2187,1209764578
12,7573782,1,-0,1209764635
12,7573789,0.4545,0.3425,1209764642
12,7610556,1,-0,1209801409
12,7610562,1,-0,1209801415
12,7610563,0.4938,0.3064,1209801416
12,7610581,0.618,0.209,1209801434
12,7610585,1,-0,1209801438
12,7610592,1,-0,1209801445
12,7610622,0.618,0.209,1209801475
12,7610623,0.1843,0.7345,1209801476
12,7610626,0.6204,0.2073,1209801479
12,7610627,1,-0,1209801480
12,7610629,1,-0,1209801482
12,7610631,0.1677,0.7755,1209801484
12,7610641,0.6204,0.2073,1209801494
12,7610667,1,-0,1209801520
12,7610675,0.1181,0.9278,1209801528
12,7610819,0.4938,0.3064,1209801672
12,7610829,0.2423,0.6156,1209801682
12,7610830,0.6746,0.171,1209801683
12,7610839,0.8313,0.0802,1209801692
12,7610842,0.8696,0.0607,1209801695
12,7610847,1,-0,1209801700
12,7610855,0.4225,0.3742,1209801708
12,7610862,1,-0,1209801715
12,7610866,0.2423,0.6156,1209801719
12,7610867,0.3642,0.4387,1209801720
12,7610869,0.6817,0.1664,1209801722
12,7610875,1,-0,1209801728
12,7610878,0.02846,1.5458,1209801731
12,7610885,0.4938,0.3064,1209801738
12,7610886,1,-0,1209801739
12,7610887,0.6204,0.2073,1209801740
12,7610892,1,-0,1209801745
12,7610900,1,-0,1209801753
12,7610914,1,-0,1209801767
12,7610916,1,-0,1209801769
12,7610919,0.2423,0.6156,1209801772
12,7610924,1,-0,1209801777
12,7610927,1,-0,1209801780
12,7610928,0.595,0.2255,1209801781
12,7651860,1,-0,1209842713
12,7651872,1,-0,1209842725
12,7651880,0.2253,0.6472,1209842733
12,7651905,0.4935,0.3067,1209842758
12,7651906,0.4935,0.3067,1209842759
12,7651909,1,-0,1209842762
12,7651919,0.4935,0.3067,1209842772
12,7651920,1,-0,1209842773
12,7651926,0.6793,0.1679,1209842779
12,7651927,0.6814,0.1666,1209842780
12,7651938,1,-0,1209842791
12,7651944,0.738,0.1319,1209842797
12,7651952,1,-0,1209842805
12,7651955,1,-0,1209842808
12,7651977,0.4933,0.3069,1209842830
12,7651988,1,-0,1209842841
12,7651994,0.7407,0.1304,1209842847
12,7651995,0.4865,0.3129,1209842848
12,7651999,1,-0,1209842852
12,7652013,1,-0,1209842866
12,7652020,0.498,0.3028,1209842873
12,7652031,0.05179,1.2858,1209842884
12,7652036,1,-0,1209842889
12,7652038,0.3701,0.4317,1209842891
12,7652157,1,-0,1209843010
12,7652158,0.4795,0.3192,1209843011
12,7652171,1,-0,1209843024
12,7652177,0.4974,0.3033,1209843030
12,7652200,0.2631,0.5799,1209843053
12,7652212,1,-0,1209843065
12,7652217,1,-0,1209843070
12,7652219,0.4795,0.3192,1209843072
12,7652226,0.4795,0.3192,1209843079
12,7652246,0.07153,1.1455,1209843099
12,7652265,0.6709,0.1733,1209843118
12,7652280,0.4974,0.3033,1209843133
12,7652287,1,-0,1209843140
12,7652292,0.3502,0.4557,1209843145
12,7769246,0.49370000000000003,0.3065,1209960099
12,7769254,0.4969,0.3037,1209960107
12,7769255,1,-0,1209960108
12,7769258,0.49370000000000003,0.3065,1209960111
12,7769280,1,-0,1209960133
12,7769285,0.8426,0.0744,1209960138
12,7769287,0.3639,0.439,1209960140
12,7769320,0.3657,0.4369,1209960173
12,7769330,0.4922,0.3079,1209960183
12,7769340,0.4969,0.3037,1209960193
12,7769351,0.49370000000000003,0.3065,1209960204
12,7769356,0.2453,0.6103,1209960209
12,7769502,0.6178,0.2092,1209960355
12,7769503,0.6178,0.2092,1209960356
12,7769516,0.49370000000000003,0.3065,1209960369
12,7769521,1,-0,1209960374
12,7769532,0.4969,0.3037,1209960385
12,7769574,1,-0,1209960427
12,7769581,0.49370000000000003,0.3065,1209960434
12,7769586,1,-0,1209960439
12,7769590,0.2477,0.6061,1209960443
12,7769605,0.49370000000000003,0.3065,1209960458
12,7769612,1,-0,1209960465
12,7769613,1,-0,1209960466
12,7769614,0.49370000000000003,0.3065,1209960467
12,7769618,0.4969,0.3037,1209960471
12,7830855,1,-0,1210021708
12,7830858,1,-0,1210021711
12,7830869,1,-0,1210021722
12,7830870,1,-0,1210021723
12,7830873,1,-0,1210021726
12,7830886,1,-0,1210021739
12,7830928,1,-0,1210021781
12,7830953,1,-0,1210021806
12,7831176,1,-0,1210022029
12,7831188,0.6204,0.2073,1210022041
12,7831189,1,-0,1210022042
12,7831199,1,-0,1210022052
12,7831214,1,-0,1210022067
12,7831218,1,-0,1210022071
12,7831219,1,-0,1210022072
12,7831240,1,-0,1210022093
12,7831250,1,-0,1210022103
12,7831258,1,-0,1210022111
12,7831271,1,-0,1210022124
12,7831283,0.4969,0.3037,1210022136
12,7831290,1,-0,1210022143
12,7831295,1,-0,1210022148
12,7831301,0.7519,0.1238,1210022154
12,7904012,0.4938,0.3064,1210094865
12,7904013,1,-0,1210094866
12,7904027,1,-0,1210094880
12,7904030,0.1181,0.9278,1210094883
12,7904035,1,-0,1210094888
12,7904041,1,-0,1210094894
12,7904046,0.4795,0.3192,1210094899
12,7904054,1,-0,1210094907
12,7904063,1,-0,1210094916
12,7904068,0.4795,0.3192,1210094921
12,7904071,1,-0,1210094924
12,7904084,0.4974,0.3033,1210094937
12,7904105,1,-0,1210094958
12,7904130,0.7378,0.1321,1210094983
12,7904131,1,-0,1210094984
12,7904142,1,-0,1210094995
12,7904249,0.8517,0.0697,1210095102
12,7904272,0.4807,0.3181,1210095125
12,7904318,0.4795,0.3192,1210095171
12,7904325,0.4795,0.3192,1210095178
12,7904339,0.725,0.1397,1210095192
12,7904340,0.8594,0.0658,1210095193
12,7904362,1,-0,1210095215
12,7904370,1,-0,1210095223
12,7904373,0.4795,0.3192,1210095226
12,7904412,1,-0,1210095265
12,7904420,0.4348,0.3617,1210095273
12,7904422,0.6216,0.2065,1210095275
12,7904448,1,-0,1210095301
12,7904452,0.4976,0.3031,1210095305
12,7904465,0.4976,0.3031,1210095318
12,7904466,0.4976,0.3031,1210095319
12,7904505,1,-0,1210095358
12,7904508,1,-0,1210095361
12,7904509,0.636,0.1965,1210095362
12,7904518,0.752,0.1238,1210095371
12,7904548,0.4976,0.3031,1210095401
12,7904589,1,-0,1210095442
12,7904596,0.4976,0.3031,1210095449
12,7904599,0.4348,0.3617,1210095452
12,8013338,1,-0,1210204191
12,8013347,0.6816,0.1665,1210204200
12,8013363,1,-0,1210204216
12,8013371,1,-0,1210204224
12,8013373,1,-0,1210204226
12,8013376,0.4969,0.3037,1210204229
12,8013377,0.4969,0.3037,1210204230
12,8013379,0.1675,0.776,1210204232
12,8013380,0.0273,1.5638,1210204233
12,8013388,0.1675,0.776,1210204241
12,8013394,1,-0,1210204247
12,8013406,1,-0,1210204259
12,8013407,1,-0,1210204260
12,8013443,0.4969,0.3037,1210204296
12,8013447,1,-0,1210204300
12,8013455,1,-0,1210204308
12,8013461,0.05487,1.2607,1210204314
12,8013462,0.1548,0.8102,1210204315
12,8013464,0.1548,0.8102,1210204317
12,8013665,0.6816,0.1665,1210204518
12,8013668,0.435,0.3615,1210204521
12,8013706,1,-0,1210204559
12,8013719,1,-0,1210204572
12,8013720,1,-0,1210204573
12,8013723,1,-0,1210204576
12,8013766,1,-0,1210204619
12,8013771,0.4969,0.3037,1210204624
12,8013779,1,-0,1210204632
12,8013788,0.4969,0.3037,1210204641
12,8013790,1,-0,1210204643
12,8068653,1,-0,1210259506
12,8068657,1,-0,1210259510
12,8068660,1,-0,1210259513
12,8068670,1,-0,1210259523
12,8068676,1,-0,1210259529
12,8068679,1,-0,1210259532
12,8068699,1,-0,1210259552
12,8068723,1,-0,1210259576
12,8068777,0.2768,0.5578,1210259630
12,8068778,0.2768,0.5578,1210259631
12,8068975,0.4969,0.3037,1210259828
12,8068981,0.6204,0.2073,1210259834
12,8068997,1,-0,1210259850
12,8069015,1,-0,1210259868
12,8069046,1,-0,1210259899
12,8069052,1,-0,1210259905
12,8069068,1,-0,1210259921
12,8111448,0.1163,0.9344,1210302301
12,8111458,0.12,0.9208,1210302311
12,8111464,0.4967,0.3039,1210302317
12,8111478,1,-0,1210302331
12,8111479,0.02671,1.5733,1210302332
12,8111489,0.6877,0.1626,1210302342
12,8111494,1,-0,1210302347
12,8111502,0.1004,0.9983,1210302355
12,8111504,0.4967,0.3039,1210302357
12,8111505,0.4967,0.3039,1210302358
12,8111507,0.5387,0.2687,1210302360
12,8111514,0.3633,0.4397,1210302367
12,8111519,1,-0,1210302372
12,8111521,1,-0,1210302374
12,8111527,0.2725,0.5646,1210302380
12,8111536,0.6949,0.1581,1210302389
12,8111537,0.4328,0.3637,1210302390
12,8111538,0.4933,0.3069,1210302391
12,8111543,0.4946,0.3057,1210302396
12,8111544,0.6813,0.1667,1210302397
12,8111545,1,-0,1210302398
12,8111547,0.3304,0.481,1210302400
12,8111548,0.348,0.4584,1210302401
12,8111551,0.5301,0.2756,1210302404
12,8111553,0.69,0.1612,1210302406
12,8111559,0.2459,0.6092,1210302412
12,8111567,0.4967,0.3039,1210302420
12,8111742,0.5225,0.2819,1210302595
12,8111745,0.5225,0.2819,1210302598
12,8111749,0.4966,0.304,1210302602
12,8111750,0.7121,0.1475,1210302603
12,8111760,1,-0,1210302613
12,8111768,0.6734,0.1717,1210302621
12,8111772,1,-0,1210302625
12,8111773,0.4848,0.3144,1210302626
12,8111777,0.3145,0.5024,1210302630
12,8111779,0.1112,0.9539,1210302632
12,8111781,0.3545,0.4504,1210302634
12,8111782,0.198,0.7033,1210302635
12,8111790,0.6734,0.1717,1210302643
12,8111793,1,-0,1210302646
12,8111795,0.4831,0.316,1210302648
12,8111800,0.4848,0.3144,1210302653
12,8111801,1,-0,1210302654
12,8111803,1,-0,1210302656
12,8111809,1,-0,1210302662
12,8111810,1,-0,1210302663
12,8111816,1,-0,1210302669
12,8111822,0.6734,0.1717,1210302675
12,8111824,1,-0,1210302677
12,8111833,0.4848,0.3144,1210302686
12,8111835,0.2332,0.6323,1210302688
12,8111839,0.245,0.6108,1210302692
12,8111840,1,-0,1210302693
12,8111857,0.4848,0.3144,1210302710
12,8111858,0.4966,0.304,1210302711
12,8111859,0.4848,0.3144,1210302712
12,8144499,0.4737,0.3245,1210335352
12,8144500,1,-0,1210335353
12,8144503,0.4987,0.3022,1210335356
12,8144510,0.45,0.3468,1210335363
12,8144517,1,-0,1210335370
12,8144528,1,-0,1210335381
12,8144529,0.4041,0.3935,1210335382
12,8144546,0.4359,0.3606,1210335399
12,8144547,1,-0,1210335400
12,8144592,1,-0,1210335445
12,8144617,0.45,0.3468,1210335470
12,8144628,0.2077,0.6826,1210335481
12,8144629,0.6618,0.1793,1210335482
12,8144640,0.2077,0.6826,1210335493
12,8144666,1,-0,1210335519
12,8144711,0.4965,0.3041,1210335564
12,8144740,1,-0,1210335593
12,8144794,0.4595,0.3377,1210335647
12,8144816,1,-0,1210335669
12,8144860,1,-0,1210335713
12,8144893,0.4969,0.3037,1210335746
12,8144907,1,-0,1210335760
12,8144913,1,-0,1210335766
12,8144914,0.1597,0.7967,1210335767
12,8144915,0.6204,0.2073,1210335768
12,8144926,1,-0,1210335779
12,8144937,1,-0,1210335790
12,8144938,1,-0,1210335791
12,8144940,1,-0,1210335793
12,8144941,1,-0,1210335794
12,8144943,0.2101,0.6776,1210335796
12,8144944,0.4727,0.3254,1210335797
12,8145035,0.7197,0.1428,1210335888
12,8145062,1,-0,1210335915
12,8145081,1,-0,1210335934
12,8145101,1,-0,1210335954
12,8145111,1,-0,1210335964
12,8145113,0.4969,0.3037,1210335966
12,8145131,0.5345,0.2721,1210335984
12,8145132,1,-0,1210335985
12,8145136,0.4969,0.3037,1210335989
12,8232838,1,-0,1210423691
12,8232840,0.6176,0.2093,1210423693
12,8232844,0.4968,0.3038,1210423697
12,8232855,1,-0,1210423708
12,8232860,1,-0,1210423713
12,8232870,0.4968,0.3038,1210423723
12,8232890,1,-0,1210423743
12,8232892,1,-0,1210423745
12,8232894,0.6376,0.1955,1210423747
12,8232930,0.4935,0.3067,1210423783
12,8232961,1,-0,1210423814
12,8233209,0.6935,0.159,1210424062
12,8233210,0.4935,0.3067,1210424063
12,8233221,0.4968,0.3038,1210424074
12,8233227,0.09587,1.0183,1210424080
12,8233246,1,-0,1210424099
12,8233248,0.3245,0.4888,1210424101
12,8233256,0.4425,0.3541,1210424109
12,8233293,0.4968,0.3038,1210424146
12,8233314,0.2452,0.6105,1210424167
12,8252742,0.4565,0.3406,1210443595
12,8252750,0.6225,0.2059,1210443603
12,8252755,0.4545,0.3425,1210443608
12,8252756,1,-0,1210443609
12,8252767,1,-0,1210443620
12,8252769,0.5941,0.2261,1210443622
12,8252772,0.4565,0.3406,1210443625
12,8252773,0.5903,0.2289,1210443626
12,8252783,0.4064,0.391,1210443636
12,8252786,0.215,0.6676,1210443639
12,8252816,1,-0,1210443669
12,8252850,0.3285,0.4835,1210443703
12,8252860,1,-0,1210443713
12,8252870,1,-0,1210443723
12,8252882,0.4875,0.312,1210443735
12,8252889,0.4875,0.312,1210443742
12,8252894,0.2778,0.5563,1210443747
12,8252896,0.1619,0.7908,1210443749
12,8252912,0.4972,0.3035,1210443765
12,8252913,0.05425,1.2656,1210443766
12,8252924,1,-0,1210443777
12,8252932,1,-0,1210443785
12,8252939,0.4437,0.3529,1210443792
12,8253144,0.212,0.6737,1210443997
12,8253149,1,-0,1210444002
12,8253150,1,-0,1210444003
12,8253151,1,-0,1210444004
12,8253166,1,-0,1210444019
12,8253167,0.6087,0.21560000000000001,1210444020
12,8253169,0.6087,0.21560000000000001,1210444022
12,8253183,0.109,0.9626,1210444036
12,8253188,1,-0,1210444041
12,8253189,0.447,0.3497,1210444042
12,8253198,0.2298,0.6386,1210444051
12,8253214,1,-0,1210444067
12,8253218,0.4975,0.3032,1210444071
12,8253226,1,-0,1210444079
12,8253228,0.4975,0.3032,1210444081
12,8253238,0.4975,0.3032,1210444091
12,8253254,0.1961,0.7075,1210444107
12,8253260,1,-0,1210444113
12,8253261,0.481,0.3179,1210444114
12,8253262,0.481,0.3179,1210444115
12,8253263,0.481,0.3179,1210444116
12,8253265,0.481,0.3179,1210444118
12,8320480,0.4938,0.3064,1210511333
12,8320482,0.587,0.2314,1210511335
12,8320487,0.2423,0.6156,1210511340
12,8320490,1,-0,1210511343
12,8320514,1,-0,1210511367
12,8320535,0.1171,0.9314,1210511388
12,8320539,0.4938,0.3064,1210511392
12,8320585,0.6204,0.2073,1210511438
12,8320590,0.4938,0.3064,1210511443
12,8320604,0.4938,0.3064,1210511457
12,8320823,0.3252,0.4878,1210511676
12,8320828,1,-0,1210511681
12,8320832,0.2787,0.5549,1210511685
12,8320836,0.4938,0.3064,1210511689
12,8320843,0.5624,0.25,1210511696
12,8320846,1,-0,1210511699
12,8320864,0.6374,0.1956,1210511717
12,8320867,1,-0,1210511720
12,8320869,0.4938,0.3064,1210511722
12,8320873,0.4938,0.3064,1210511726
12,8320875,0.618,0.209,1210511728
12,8320888,0.4938,0.3064,1210511741
12,8320892,0.06375,1.1955,1210511745
12,8320900,0.654,0.1844,1210511753
12,8320904,0.131,0.8827,1210511757
12,8320909,0.8672,0.0619,1210511762
12,8320911,1,-0,1210511764
12,8320914,1,-0,1210511767
12,8320915,1,-0,1210511768
12,8320921,0.4938,0.3064,1210511774
12,8320922,0.131,0.8827,1210511775
12,8320931,1,-0,1210511784
12,8320942,0.187,0.7282,1210511795
12,8328523,0.2298,0.6386,1210519376
12,8328546,0.481,0.3179,1210519399
12,8328572,0.2938,0.5319,1210519425
12,8328582,0.2137,0.6702,1210519435
12,8328583,0.4189,0.3779,1210519436
12,8328597,0.481,0.3179,1210519450
12,8328621,0.4744,0.3239,1210519474
12,8328641,0.5713,0.2431,1210519494
12,8328649,1,-0,1210519502
12,8328721,1,-0,1210519574
12,8328727,0.481,0.3179,1210519580
12,8328751,1,-0,1210519604
12,8328754,1,-0,1210519607
12,8328766,1,-0,1210519619
12,8328767,1,-0,1210519620
12,8328774,0.59,0.2291,1210519627
12,8328775,0.3731,0.4282,1210519628
12,8328776,0.356,0.4486,1210519629
12,8328789,0.3688,0.4332,1210519642
12,8328793,0.4975,0.3032,1210519646
12,8328794,0.1996,0.6998,1210519647
12,8328796,0.2298,0.6386,1210519649
12,8328801,1,-0,1210519654
12,8328818,0.2298,0.6386,1210519671
12,8328837,0.07476,1.1263,1210519690
12,8328842,0.08164,1.0881,1210519695
12,8328845,0.481,0.3179,1210519698
12,8328847,0.2118,0.6741,1210519700
12,8328850,1,-0,1210519703
12,8328853,1,-0,1210519706
12,8328854,0.2645,0.5776,1210519707
12,8341639,0.7179,0.1439,1210532492
12,8341659,0.63,0.2007,1210532512
12,8341664,1,-0,1210532517
12,8341672,0.529,0.2765,1210532525
12,8341682,0.2423,0.6156,1210532535
12,8341692,1,-0,1210532545
12,8341737,1,-0,1210532590
12,8341738,1,-0,1210532591
12,8341759,0.4872,0.3123,1210532612
12,8341762,0.3928,0.4058,1210532615
12,8342039,0.1873,0.7275,1210532892
12,8342040,1,-0,1210532893
12,8342041,1,-0,1210532894
12,8342042,0.7179,0.1439,1210532895
12,8342045,0.03778,1.4227,1210532898
12,8342049,1,-0,1210532902
12,8342053,0.4338,0.3627,1210532906
12,8342054,0.4938,0.3064,1210532907
12,8342057,0.3971,0.4011,1210532910
12,8342058,0.7553,0.1219,1210532911
12,8342059,0.1677,0.7755,1210532912
12,8342075,0.2787,0.5549,1210532928
12,8342076,0.1171,0.9314,1210532929
12,8342087,1,-0,1210532940
12,8342095,0.0179,1.7471,1210532948
12,8342096,0.0179,1.7471,1210532949
12,8342114,1,-0,1210532967
12,8342125,1,-0,1210532978
12,8342126,1,-0,1210532979
12,8342132,1,-0,1210532985
12,8342133,0.7179,0.1439,1210532986
12,8342135,0.3674,0.4349,1210532988
12,8342140,0.2455,0.6099,1210532993
12,8342163,0.1205,0.919,1210533016
12,8342164,1,-0,1210533017
12,8345057,1,-0,1210535910
12,8345067,0.2423,0.6156,1210535920
12,8345080,1,-0,1210535933
12,8345093,0.4938,0.3064,1210535946
12,8345099,0.497,0.3036,1210535952
12,8345100,1,-0,1210535953
12,8345104,1,-0,1210535957
12,8345105,0.497,0.3036,1210535958
12,8345123,1,-0,1210535976
12,8345126,1,-0,1210535979
12,8345129,1,-0,1210535982
12,8345130,1,-0,1210535983
12,8345143,0.1181,0.9278,1210535996
12,8345153,1,-0,1210536006
12,8345160,1,-0,1210536013
12,8345163,1,-0,1210536016
12,8345179,1,-0,1210536032
12,8345308,1,-0,1210536161
12,8345420,0.3674,0.4349,1210536273
12,8345421,1,-0,1210536274
12,8345422,1,-0,1210536275
12,8345428,0.2455,0.6099,1210536281
12,8345429,1,-0,1210536282
12,8345436,1,-0,1210536289
12,8345437,0.4938,0.3064,1210536290
12,8345447,1,-0,1210536300
12,8345449,0.3945,0.404,1210536302
12,8345455,0.618,0.209,1210536308
12,8345456,0.3674,0.4349,1210536309
12,8345458,0.4938,0.3064,1210536311
12,8345463,1,-0,1210536316
12,8345468,1,-0,1210536321
12,8345470,0.2423,0.6156,1210536323
12,8345474,1,-0,1210536327
12,8345475,0.2679,0.572,1210536328
12,8345480,1,-0,1210536333
12,8345481,0.3674,0.4349,1210536334
12,8345487,0.2102,0.6774,1210536340
12,8345496,1,-0,1210536349
12,8345504,0.618,0.209,1210536357
12,8345526,0.618,0.209,1210536379
12,8345530,0.6797,0.1677,1210536383
12,8345533,1,-0,1210536386
12,8410379,0.6713,0.1731,1210601232
12,8410386,0.48,0.3188,1210601239
12,8410387,1,-0,1210601240
12,8410402,0.7263,0.1389,1210601255
12,8410413,0.4276,0.369,1210601266
12,8410415,0.537,0.27,1210601268
12,8410423,0.48,0.3188,1210601276
12,8410437,0.48,0.3188,1210601290
12,8410462,1,-0,1210601315
12,8410464,1,-0,1210601317
12,8410465,1,-0,1210601318
12,8410473,1,-0,1210601326
12,8410474,0.48,0.3188,1210601327
12,8410482,0.48,0.3188,1210601335
12,8410490,1,-0,1210601343
12,8410504,1,-0,1210601357
12,8410505,1,-0,1210601358
12,8410506,1,-0,1210601359
12,8410775,0.473,0.3251,1210601628
12,8410776,1,-0,1210601629
12,8410777,1,-0,1210601630
12,8410782,0.2444,0.6119,1210601635
12,8410783,0.473,0.3251,1210601636
12,8410789,0.3508,0.4549,1210601642
12,8410790,0.48,0.3188,1210601643
12,8410791,0.6211,0.2068,1210601644
12,8410793,1,-0,1210601646
12,8410794,0.6078,0.2162,1210601647
12,8410798,1,-0,1210601651
12,8410813,0.6078,0.2162,1210601666
12,8410825,0.2462,0.6087,1210601678
12,8410827,0.48,0.3188,1210601680
12,8410834,0.48,0.3188,1210601687
12,8410872,0.48,0.3188,1210601725
12,8410876,0.6078,0.2162,1210601729
12,8410880,0.02856,1.5442,1210601733
12,8410889,0.2462,0.6087,1210601742
12,8410903,1,-0,1210601756
12,8410907,1,-0,1210601760
12,8517507,1,-0,1210708360
12,8517518,1,-0,1210708371
12,8517562,0.4969,0.3037,1210708415
12,8517568,0.4969,0.3037,1210708421
12,8517590,0.4969,0.3037,1210708443
12,8517591,1,-0,1210708444
12,8517595,1,-0,1210708448
12,8517608,1,-0,1210708461
12,8517612,0.4426,0.354,1210708465
12,8517620,1,-0,1210708473
12,8517626,0.7459,0.1273,1210708479
12,8517739,1,-0,1210708592
12,8517749,0.3671,0.4352,1210708602
12,8517772,0.6815,0.1665,1210708625
12,8517774,1,-0,1210708627
12,8517782,1,-0,1210708635
12,8517785,0.4969,0.3037,1210708638
12,8517795,0.2453,0.6103,1210708648
12,8517812,1,-0,1210708665
12,8517820,1,-0,1210708673
12,8517830,1,-0,1210708683
12,8517845,0.8189,0.0868,1210708698
12,8517854,1,-0,1210708707
12,8517855,1,-0,1210708708
12,8517857,1,-0,1210708710
12,8517858,1,-0,1210708711
12,8954630,0.6087,0.21560000000000001,1211145483
12,8954632,1,-0,1211145485
12,8954636,0.7211,0.142,1211145489
12,8954637,1,-0,1211145490
12,8954653,0.3688,0.4332,1211145506
12,8954656,1,-0,1211145509
12,8954663,0.4975,0.3032,1211145516
12,8954669,0.481,0.3179,1211145522
12,8954682,0.2298,0.6386,1211145535
12,8954697,0.6087,0.21560000000000001,1211145550
12,8954699,1,-0,1211145552
12,8954700,1,-0,1211145553
12,8954703,0.6581,0.1817,1211145556
12,8954709,1,-0,1211145562
12,8954712,0.481,0.3179,1211145565
12,8954715,0.6087,0.21560000000000001,1211145568
12,8954718,0.481,0.3179,1211145571
12,8954719,0.4979,0.3029,1211145572
12,8954723,0.2625,0.5809,1211145576
12,8954736,0.6828,0.1657,1211145589
12,8954743,0.1185,0.9263,1211145596
12,8954747,1,-0,1211145600
12,8954753,0.1552,0.8091,1211145606
12,8954754,1,-0,1211145607
12,8954980,0.4744,0.3239,1211145833
12,8954981,0.8215,0.0854,1211145834
12,8954985,0.2234,0.6509,1211145838
12,8954994,0.5713,0.2431,1211145847
12,8954997,0.2234,0.6509,1211145850
12,8955001,1,-0,1211145854
12,8955012,1,-0,1211145865
12,8955016,1,-0,1211145869
12,8955030,1,-0,1211145883
12,8955031,1,-0,1211145884
12,8955039,0.4981,0.3027,1211145892
12,8955041,0.4744,0.3239,1211145894
12,8955042,1,-0,1211145895
12,8955045,1,-0,1211145898
12,8955046,1,-0,1211145899
12,8955050,1,-0,1211145903
12,8955058,1,-0,1211145911
12,8955065,1,-0,1211145918
12,8955066,0.4981,0.3027,1211145919
12,8955075,0.6221,0.2061,1211145928
12,8955096,1,-0,1211145949
12,8955109,0.7224,0.1412,1211145962
12,8955110,0.7492,0.1254,1211145963
12,9212900,0.4972,0.3035,1211403753
12,9212903,0.4437,0.3529,1211403756
12,9212916,0.1465,0.8342,1211403769
12,9212924,0.7467,0.1269,1211403777
12,9212933,0.6133,0.2123,1211403786
12,9212944,1,-0,1211403797
12,9212947,0.8715,0.0597,1211403800
12,9212950,0.2016,0.6955,1211403803
12,9212956,0.6133,0.2123,1211403809
12,9212957,1,-0,1211403810
12,9212966,1,-0,1211403819
12,9212978,0.4045,0.3931,1211403831
12,9212979,1,-0,1211403832
12,9212981,0.6133,0.2123,1211403834
12,9212986,1,-0,1211403839
12,9212994,1,-0,1211403847
12,9212998,1,-0,1211403851
12,9212999,1,-0,1211403852
12,9213000,0.4875,0.312,1211403853
12,9213003,0.4875,0.312,1211403856
12,9213014,1,-0,1211403867
12,9213293,0.1234,0.9087,1211404146
12,9213302,0.2484,0.6048,1211404155
12,9213316,0.4875,0.312,1211404169
12,9213317,1,-0,1211404170
12,9213321,1,-0,1211404174
12,9213324,1,-0,1211404177
12,9213325,0.2458,0.6094,1211404178
12,9213327,1,-0,1211404180
12,9213330,1,-0,1211404183
12,9213333,1,-0,1211404186
12,9213335,0.7772,0.1095,1211404188
12,9213341,0.4875,0.312,1211404194
12,9213345,0.6133,0.2123,1211404198
12,9213353,0.4972,0.3035,1211404206
12,9213355,1,-0,1211404208
12,9213356,0.8089,0.0921,1211404209
12,9213363,0.4875,0.312,1211404216
12,9213366,0.6133,0.2123,1211404219
12,9213377,1,-0,1211404230
12,9213380,1,-0,1211404233
12,9213389,0.4875,0.312,1211404242
12,9213398,0.1322,0.8788,1211404251
12,9213399,0.2361,0.6269,1211404252
12,9213403,0.4676,0.3301,1211404256
12,9213407,0.8229,0.0847,1211404260
12,9213419,1,-0,1211404272
12,9213436,0.6023,0.2202,1211404289
12,9213441,0.6023,0.2202,1211404294
12,9213448,0.2213,0.655,1211404301
12,9213457,1,-0,1211404310
12,9213458,1,-0,1211404311
12,9213459,0.3438,0.4637,1211404312
12,9213461,0.1221,0.9133,1211404314
12,9213467,1,-0,1211404320
12,9213468,0.6671,0.1758,1211404321
12,9213491,0.2471,0.6071,1211404344
12,9213505,1,-0,1211404358
12,9213506,1,-0,1211404359
12,9213507,1,-0,1211404360
12,9213524,0.2213,0.655,1211404377
12,9213529,1,-0,1211404382
12,9213543,1,-0,1211404396
12,9213548,0.2213,0.655,1211404401
12,9213556,1,-0,1211404409
12,9213557,0.4722,0.3259,1211404410
12,9213565,1,-0,1211404418
12,9213782,1,-0,1211404635
12,9213790,0.499,0.3019,1211404643
12,9213795,1,-0,1211404648
12,9213801,0.6234,0.2052,1211404654
12,9213807,0.4881,0.3115,1211404660
12,9213809,0.499,0.3019,1211404662
12,9213813,1,-0,1211404666
12,9213815,0.1786,0.7481,1211404668
12,9213819,1,-0,1211404672
12,9213827,1,-0,1211404680
12,9213832,0.499,0.3019,1211404685
12,9213836,0.499,0.3019,1211404689
12,9213837,1,-0,1211404690
12,9213844,0.4648,0.3327,1211404697
12,9213847,1,-0,1211404700
12,9213853,1,-0,1211404706
12,9215646,0.4938,0.3064,1211406499
12,9215652,0.4938,0.3064,1211406505
12,9215661,1,-0,1211406514
12,9215662,0.4938,0.3064,1211406515
12,9215663,0.3663,0.4362,1211406516
12,9215670,0.6832,0.1655,1211406523
12,9215672,0.2102,0.6774,1211406525
12,9215680,1,-0,1211406533
12,9215688,1,-0,1211406541
12,9215689,1,-0,1211406542
12,9215690,0.1187,0.9255,1211406543
12,9215693,0.618,0.209,1211406546
12,9215718,1,-0,1211406571
12,9215728,1,-0,1211406581
12,9215732,1,-0,1211406585
12,9215733,0.4938,0.3064,1211406586
12,9215734,1,-0,1211406587
12,9215735,0.7179,0.1439,1211406588
12,9215741,0.4938,0.3064,1211406594
12,9215753,0.497,0.3036,1211406606
12,9215754,0.497,0.3036,1211406607
12,9215760,0.7506,0.1246,1211406613
12,9215917,1,-0,1211406770
12,9215918,1,-0,1211406771
12,9215919,0.6797,0.1677,1211406772
12,9215925,1,-0,1211406778
12,9215928,0.4938,0.3064,1211406781
12,9215930,1,-0,1211406783
12,9215936,1,-0,1211406789
12,9215941,0.497,0.3036,1211406794
12,9215951,1,-0,1211406804
12,9215957,0.4938,0.3064,1211406810
12,9215961,0.443,0.3536,1211406814
12,9215962,0.443,0.3536,1211406815
12,9215965,0.4938,0.3064,1211406818
12,9215966,1,-0,1211406819
12,9215970,1,-0,1211406823
12,9215981,0.1075,0.9686,1211406834
12,9215982,0.4938,0.3064,1211406835
12,9215989,1,-0,1211406842
12,9216005,0.497,0.3036,1211406858
12,9216018,0.09653,1.0153,1211406871
12,9216021,1,-0,1211406874
12,9216024,1,-0,1211406877
12,9216028,1,-0,1211406881
12,9216032,1,-0,1211406885
12,9216035,0.4938,0.3064,1211406888
12,9216040,1,-0,1211406893
12,9216041,0.4031,0.3946,1211406894
12,9216043,0.4938,0.3064,1211406896
12,9216057,0.3662,0.4363,1211406910
12,9216060,0.493,0.3072,1211406913
12,9216070,1,-0,1211406923
12,9216071,0.4965,0.3041,1211406924
12,9216077,1,-0,1211406930
12,9216091,0.4965,0.3041,1211406944
12,9216100,0.1198,0.9215,1211406953
12,9216126,1,-0,1211406979
12,9216132,0.778,0.109,1211406985
12,9216141,0.493,0.3072,1211406994
12,9216168,0.4966,0.304,1211407021
12,9216171,0.493,0.3072,1211407024
12,9216189,0.493,0.3072,1211407042
12,9216275,1,-0,1211407128
12,9216331,1,-0,1211407184
12,9216344,0.4965,0.3041,1211407197
12,9216347,1,-0,1211407200
12,9216353,0.4966,0.304,1211407206
12,9216354,1,-0,1211407207
12,9216361,0.02522,1.5983,1211407214
12,9216370,1,-0,1211407223
12,9216371,0.4965,0.3041,1211407224
12,9216374,1,-0,1211407227
12,9216382,1,-0,1211407235
12,9421874,1,-0,1211612727
12,9421880,1,-0,1211612733
12,9421891,0.4969,0.3037,1211612744
12,9421895,1,-0,1211612748
12,9421899,0.5209,0.2832,1211612752
12,9421904,1,-0,1211612757
12,9421905,0.5298,0.2759,1211612758
12,9421913,0.2056,0.687,1211612766
12,9421914,1,-0,1211612767
12,9421915,1,-0,1211612768
12,9421924,1,-0,1211612777
12,9421933,1,-0,1211612786
12,9421937,1,-0,1211612790
12,9421951,0.3673,0.435,1211612804
12,9421960,1,-0,1211612813
12,9421964,1,-0,1211612817
12,9421969,1,-0,1211612822
12,9421977,0.4969,0.3037,1211612830
12,9421980,0.1928,0.7149,1211612833
12,9421988,1,-0,1211612841
12,9421989,1,-0,1211612842
12,9422092,1,-0,1211612945
12,9422103,0.7461,0.1272,1211612956
12,9422106,0.7461,0.1272,1211612959
12,9422137,1,-0,1211612990
12,9422138,1,-0,1211612991
12,9422139,1,-0,1211612992
12,9422155,1,-0,1211613008
12,9422156,0.7657,0.1159,1211613009
12,9422160,1,-0,1211613013
12,9422163,1,-0,1211613016
12,9422165,0.1204,0.9194,1211613018
12,9422174,1,-0,1211613027
12,9422175,1,-0,1211613028
12,9422176,1,-0,1211613029
12,9422177,1,-0,1211613030
12,9422186,1,-0,1211613039
12,9422191,1,-0,1211613044
12,9422200,1,-0,1211613053
12,9422201,0.5082,0.294,1211613054
12,9422207,0.4969,0.3037,1211613060
12,9422227,1,-0,1211613080
12,9426176,0.4396,0.3569,1211617029
12,9426183,0.4922,0.3079,1211617036
12,9426191,1,-0,1211617044
12,9426222,1,-0,1211617075
12,9426226,1,-0,1211617079
12,9426249,1,-0,1211617102
12,9426258,1,-0,1211617111
12,9426259,1,-0,1211617112
12,9426264,1,-0,1211617117
12,9426268,0.49370000000000003,0.3065,1211617121
12,9426271,0.3958,0.4025,1211617124
12,9426277,1,-0,1211617130
12,9426283,1,-0,1211617136
12,9426396,0.3247,0.4885,1211617249
12,9426398,1,-0,1211617251
12,9426399,0.6203,0.2074,1211617252
12,9426400,0.7917,0.1014,1211617253
12,9426406,1,-0,1211617259
12,9426419,1,-0,1211617272
12,9426424,0.49370000000000003,0.3065,1211617277
12,9426435,0.49370000000000003,0.3065,1211617288
12,9426437,0.49370000000000003,0.3065,1211617290
12,9426450,1,-0,1211617303
12,9426456,1,-0,1211617309
12,9426484,0.2421,0.616,1211617337
12,9426504,0.6178,0.2092,1211617357
12,9426522,1,-0,1211617375
12,9426523,1,-0,1211617376
12,9488936,1,-0,1211679789
12,9488953,0.4807,0.3181,1211679806
12,9488955,1,-0,1211679808
12,9488965,0.04833,1.3158,1211679818
12,9488992,0.806,0.0937,1211679845
12,9489010,1,-0,1211679863
12,9489015,1,-0,1211679868
12,9489020,0.4933,0.3069,1211679873
12,9489032,1,-0,1211679885
12,9489034,0.2408,0.6183,1211679887
12,9489041,1,-0,1211679894
12,9489044,1,-0,1211679897
12,9489071,1,-0,1211679924
12,9489077,0.2454,0.6101,1211679930
12,9489084,0.5451,0.2635,1211679937
12,9489090,0.6204,0.2073,1211679943
12,9489092,0.6204,0.2073,1211679945
12,9489093,0.04668,1.3309,1211679946
12,9489099,1,-0,1211679952
12,9489102,1,-0,1211679955
12,9489104,0.781,0.1073,1211679957
12,9489108,1,-0,1211679961
12,9489118,1,-0,1211679971
12,9489119,1,-0,1211679972
12,9489125,0.2454,0.6101,1211679978
12,9489154,1,-0,1211680007
12,9489155,0.4779,0.3207,1211680008
12,9489156,1,-0,1211680009
12,9489162,1,-0,1211680015
12,9489172,1,-0,1211680025
12,9489399,1,-0,1211680252
12,9489401,1,-0,1211680254
12,9489402,1,-0,1211680255
12,9489406,0.7197,0.1428,1211680259
12,9489407,1,-0,1211680260
12,9489411,1,-0,1211680264
12,9489416,0.7461,0.1272,1211680269
12,9489421,0.4969,0.3037,1211680274
12,9489431,0.4969,0.3037,1211680284
12,9489438,1,-0,1211680291
12,9489460,0.1204,0.9194,1211680313
12,9489461,0.4969,0.3037,1211680314
12,9489464,0.6816,0.1665,1211680317
12,9489465,1,-0,1211680318
12,9489475,1,-0,1211680328
12,9489478,1,-0,1211680331
12,9489482,1,-0,1211680335
12,9489489,1,-0,1211680342
12,9489490,1,-0,1211680343
12,9489499,1,-0,1211680352
12,9489503,1,-0,1211680356
12,9489504,1,-0,1211680357
12,9489505,1,-0,1211680358
12,9489531,1,-0,1211680384
12,9593412,0.2357,0.6276,1211784265
12,9593413,0.09514,1.0216,1211784266
12,9593420,0.1682,0.7742,1211784273
12,9593421,0.613,0.2125,1211784274
12,9593427,0.4872,0.3123,1211784280
12,9593429,0.6108,0.2141,1211784282
12,9593432,0.2011,0.6966,1211784285
12,9593436,0.262,0.5817,1211784289
12,9593438,0.1986,0.702,1211784291
12,9593439,0.6755,0.1704,1211784292
12,9593452,1,-0,1211784305
12,9593457,0.7412,0.1301,1211784310
12,9593462,0.4872,0.3123,1211784315
12,9593467,0.4971,0.3036,1211784320
12,9593469,1,-0,1211784322
12,9593474,1,-0,1211784327
12,9593478,0.6206,0.2072,1211784331
12,9593498,0.7042,0.1523,1211784351
12,9593507,1,-0,1211784360
12,9593509,0.4872,0.3123,1211784362
12,9593511,0.4971,0.3036,1211784364
12,9593648,1,-0,1211784501
12,9593650,0.4872,0.3123,1211784503
12,9593652,0.6206,0.2072,1211784505
12,9593655,1,-0,1211784508
12,9593665,1,-0,1211784518
12,9593675,0.4935,0.3067,1211784528
12,9593676,0.2114,0.67490000000000006,1211784529
12,9593680,1,-0,1211784533
12,9593681,0.4971,0.3036,1211784534
12,9593686,0.4077,0.3897,1211784539
12,9593694,0.4971,0.3036,1211784547
12,9593697,1,-0,1211784550
12,9593707,0.4971,0.3036,1211784560
12,9593709,1,-0,1211784562
12,9593757,0.2357,0.6276,1211784610
12,9593761,0.2643,0.5779,1211784614
12,9593763,1,-0,1211784616
12,9593764,0.2357,0.6276,1211784617
12,9593765,1,-0,1211784618
12,9593771,1,-0,1211784624
12,9593776,0.4869,0.3126,1211784629
12,9656941,0.3508,0.4549,1211847794
12,9656946,1,-0,1211847799
12,9656971,0.7802,0.10780000000000001,1211847824
12,9656972,0.5879,0.2307,1211847825
12,9656977,0.679,0.1681,1211847830
12,9656981,1,-0,1211847834
12,9656989,0.7802,0.10780000000000001,1211847842
12,9657005,0.4389,0.3576,1211847858
12,9657013,1,-0,1211847866
12,9657022,0.4967,0.3039,1211847875
12,9657025,1,-0,1211847878
12,9657033,0.4933,0.3069,1211847886
12,9657039,1,-0,1211847892
12,9657055,1,-0,1211847908
12,9657068,1,-0,1211847921
12,9657351,0.3263,0.4864,1211848204
12,9657357,0.3263,0.4864,1211848210
12,9657383,1,-0,1211848236
12,9657384,0.4724,0.3257,1211848237
12,9657385,0.6515,0.1861,1211848238
12,9657400,0.8442,0.0736,1211848253
12,9657416,1,-0,1211848269
12,9657429,1,-0,1211848282
12,9657436,1,-0,1211848289
12,9657442,1,-0,1211848295
12,9657444,1,-0,1211848297
12,9657445,1,-0,1211848298
12,9657448,1,-0,1211848301
12,9657452,0.245,0.6108,1211848305
12,9657473,1,-0,1211848326
12,9657476,1,-0,1211848329
12,9657479,0.4967,0.3039,1211848332
12,9726816,0.4969,0.3037,1211917669
12,9726825,1,-0,1211917678
12,9726826,1,-0,1211917679
12,9726827,1,-0,1211917680
12,9726863,1,-0,1211917716
12,9726874,1,-0,1211917727
12,9726902,1,-0,1211917755
12,9726909,1,-0,1211917762
12,9726922,0.4969,0.3037,1211917775
12,9726923,0.3671,0.4352,1211917776
12,9727140,0.2604,0.5844,1211917993
12,9727151,0.204,0.6904,1211918004
12,9727165,1,-0,1211918018
12,9727167,1,-0,1211918020
12,9727175,1,-0,1211918028
12,9727176,1,-0,1211918029
12,9727183,0.4951,0.3053,1211918036
12,9727188,0.1203,0.9197,1211918041
12,9727192,0.01363,1.8655,1211918045
12,9727195,0.6202,0.2075,1211918048
12,9727197,0.4141,0.3829,1211918050
12,9727199,0.03169,1.4991,1211918052
12,9727205,1,-0,1211918058
12,9727206,1,-0,1211918059
12,9727220,1,-0,1211918073
12,9727240,0.1203,0.9197,1211918093
12,9727242,1,-0,1211918095
12,9727260,1,-0,1211918113
12,9727261,1,-0,1211918114
12,9727263,0.1167,0.9329,1211918116
12,9727276,0.4935,0.3067,1211918129
12,9727286,1,-0,1211918139
12,9727292,0.01862,1.73,1211918145
12,9727293,0.2419,0.6164,1211918146
12,9727299,1,-0,1211918152
12,9727307,0.6176,0.2093,1211918160
12,9727317,0.6793,0.1679,1211918170
12,9727330,0.01459,1.8359,1211918183
12,9727338,0.6176,0.2093,1211918191
12,9727347,0.6793,0.1679,1211918200
12,9727350,1,-0,1211918203
12,9727354,0.2419,0.6164,1211918207
12,9727357,1,-0,1211918210
12,9727361,1,-0,1211918214
12,9727362,0.4935,0.3067,1211918215
12,9727366,0.4935,0.3067,1211918219
12,9727377,0.3452,0.4619,1211918230
12,9727392,0.1202,0.9201,1211918245
12,9727393,0.2419,0.6164,1211918246
12,9727401,0.3636,0.4394,1211918254
12,9727402,1,-0,1211918255
12,9727405,0.4935,0.3067,1211918258
12,9727414,1,-0,1211918267
12,9727416,1,-0,1211918269
12,9727417,0.5161,0.2873,1211918270
12,9727420,1,-0,1211918273
12,9727678,0.4981,0.3027,1211918531
12,9727704,0.4722,0.3259,1211918557
12,9727709,0.4722,0.3259,1211918562
12,9727720,0.3362,0.4734,1211918573
12,9727740,0.4981,0.3027,1211918593
12,9727741,0.4981,0.3027,1211918594
12,9727748,0.2213,0.655,1211918601
12,9727761,1,-0,1211918614
12,9727766,0.7967,0.0987,1211918619
12,9736882,1,-0,1211927735
12,9736895,0.7179,0.1439,1211927748
12,9736904,1,-0,1211927757
12,9736927,0.2423,0.6156,1211927780
12,9736931,0.4938,0.3064,1211927784
12,9736938,1,-0,1211927791
12,9736939,0.4938,0.3064,1211927792
12,9736962,0.497,0.3036,1211927815
12,9736967,1,-0,1211927820
12,9736972,1,-0,1211927825
12,9736974,1,-0,1211927827
12,9736988,0.6516,0.186,1211927841
12,9736989,1,-0,1211927842
12,9736990,0.618,0.209,1211927843
12,9737008,0.1205,0.919,1211927861
12,9737015,1,-0,1211927868
12,9737016,1,-0,1211927869
12,9737169,1,-0,1211928022
12,9737170,1,-0,1211928023
12,9737179,0.497,0.3036,1211928032
12,9737187,1,-0,1211928040
12,9737190,0.2102,0.6774,1211928043
12,9737192,0.4938,0.3064,1211928045
12,9737202,0.8036,0.095,1211928055
12,9737205,0.4938,0.3064,1211928058
12,9737206,0.5694,0.2446,1211928059
12,9737208,0.5908,0.2286,1211928061
12,9737214,0.318,0.4976,1211928067
12,9737218,0.4938,0.3064,1211928071
12,9737238,0.2423,0.6156,1211928091
12,9737252,0.2458,0.6094,1211928105
12,9737253,1,-0,1211928106
12,9737259,0.3252,0.4878,1211928112
12,9737270,0.4938,0.3064,1211928123
12,9737278,1,-0,1211928131
12,9737279,1,-0,1211928132
12,9737282,1,-0,1211928135
12,9737286,0.497,0.3036,1211928139
12,9737287,0.2423,0.6156,1211928140
12,9737288,1,-0,1211928141
12,9804756,1,-0,1211995609
12,9804758,0.3671,0.4352,1211995611
12,9804766,1,-0,1211995619
12,9804767,1,-0,1211995620
12,9804795,1,-0,1211995648
12,9804823,1,-0,1211995676
12,9804824,1,-0,1211995677
12,9804832,1,-0,1211995685
12,9804833,0.3671,0.4352,1211995686
12,9804847,0.4969,0.3037,1211995700
12,9804848,1,-0,1211995701
12,9804852,1,-0,1211995705
12,9804873,1,-0,1211995726
12,9804884,1,-0,1211995737
12,9804888,1,-0,1211995741
12,9804891,1,-0,1211995744
12,9804892,0.4909,0.309,1211995745
12,9805131,0.7195,0.143,1211995984
12,9805141,1,-0,1211995994
12,9805142,0.5439,0.2645,1211995995
12,9805146,0.4969,0.3037,1211995999
12,9805156,1,-0,1211996009
12,9805161,1,-0,1211996014
12,9805162,0.7195,0.143,1211996015
12,9805178,1,-0,1211996031
12,9805187,0.6202,0.2075,1211996040
12,9805195,1,-0,1211996048
12,9805197,1,-0,1211996050
12,9805201,0.4969,0.3037,1211996054
12,9805202,1,-0,1211996055
12,9805207,1,-0,1211996060
12,9805223,1,-0,1211996076
12,9805241,1,-0,1211996094
12,9805250,1,-0,1211996103
12,9805251,1,-0,1211996104
12,9805252,1,-0,1211996105
12,9805257,1,-0,1211996110
12,9805259,0.06973,1.1566,1211996112
12,9826503,1,-0,1212017356
12,9826510,1,-0,1212017363
12,9826513,0.2454,0.6101,1212017366
12,9826521,1,-0,1212017374
12,9826528,1,-0,1212017381
12,9826529,1,-0,1212017382
12,9826540,1,-0,1212017393
12,9826563,1,-0,1212017416
12,9826574,1,-0,1212017427
12,9826590,1,-0,1212017443
12,9826593,1,-0,1212017446
12,9826600,1,-0,1212017453
12,9826611,1,-0,1212017464
12,9826619,1,-0,1212017472
12,9826624,1,-0,1212017477
12,9826900,0.6166,0.21,1212017753
12,9826904,1,-0,1212017757
12,9826908,1,-0,1212017761
12,9826909,1,-0,1212017762
12,9826918,1,-0,1212017771
12,9826938,0.4969,0.3037,1212017791
12,9826941,0.4969,0.3037,1212017794
12,9826950,0.3673,0.435,1212017803
12,9826960,0.4429,0.3537,1212017813
12,9826961,1,-0,1212017814
12,9826966,0.4969,0.3037,1212017819
12,9826975,0.3673,0.435,1212017828
12,9826989,0.1169,0.9322,1212017842
12,9826997,1,-0,1212017850
12,9826998,1,-0,1212017851
12,9827002,0.6816,0.1665,1212017855
12,9827013,1,-0,1212017866
12,9827021,0.219,0.6596,1212017874
12,9827026,1,-0,1212017879
12,9827029,0.4429,0.3537,1212017882
12,9835076,1,-0,1212025929
12,9835086,1,-0,1212025939
12,9835088,1,-0,1212025941
12,9835091,0.7933,0.1006,1212025944
12,9835092,0.009649,2.0155,1212025945
12,9835093,1,-0,1212025946
12,9835099,0.6096,0.215,1212025952
12,9835100,1,-0,1212025953
12,9835105,0.4969,0.3037,1212025958
12,9835117,1,-0,1212025970
12,9835118,1,-0,1212025971
12,9835119,1,-0,1212025972
12,9835120,0.2101,0.6776,1212025973
12,9835131,0.4969,0.3037,1212025984
12,9835139,0.2454,0.6101,1212025992
12,9835161,0.4969,0.3037,1212026014
12,9835179,0.741,0.1302,1212026032
12,9835180,1,-0,1212026033
12,9835193,1,-0,1212026046
12,9835196,0.4969,0.3037,1212026049
12,9835337,1,-0,1212026190
12,9835338,1,-0,1212026191
12,9835353,1,-0,1212026206
12,9835355,1,-0,1212026208
12,9835362,0.8035,0.095,1212026215
12,9835369,1,-0,1212026222
12,9835389,0.7197,0.1428,1212026242
12,9835392,0.2454,0.6101,1212026245
12,9835394,1,-0,1212026247
12,9835415,1,-0,1212026268
12,9835424,1,-0,1212026277
12,9835459,1,-0,1212026312
12,9835460,0.6816,0.1665,1212026313
12,9841019,1,-0,1212031872
12,9841025,0.4938,0.3064,1212031878
12,9841032,0.665,0.1772,1212031885
12,9841040,1,-0,1212031893
12,9841041,1,-0,1212031894
12,9841044,1,-0,1212031897
12,9841066,1,-0,1212031919
12,9841070,0.1165,0.9337,1212031923
12,9841083,0.8122,0.0903,1212031936
12,9841087,0.4938,0.3064,1212031940
12,9841088,0.4938,0.3064,1212031941
12,9841089,0.2431,0.6142,1212031942
12,9841107,0.1181,0.9278,1212031960
12,9841108,1,-0,1212031961
12,9841125,1,-0,1212031978
12,9841134,1,-0,1212031987
12,9841136,1,-0,1212031989
12,9841137,0.4938,0.3064,1212031990
12,9841262,1,-0,1212032115
12,9841264,1,-0,1212032117
12,9841271,0.1205,0.919,1212032124
12,9841272,1,-0,1212032125
12,9841289,0.497,0.3036,1212032142
12,9841296,1,-0,1212032149
12,9841313,0.4399,0.3566,1212032166
12,9841314,1,-0,1212032167
12,9841315,0.2423,0.6156,1212032168
12,9841328,0.4279,0.36870000000000003,1212032181
12,9841339,0.1649,0.7828,1212032192
12,9841342,1,-0,1212032195
12,9841353,1,-0,1212032206
12,9841360,0.4938,0.3064,1212032213
12,9841368,0.4938,0.3064,1212032221
12,9872143,0.4435,0.3531,1212062996
12,9872166,1,-0,1212063019
12,9872173,0.4875,0.312,1212063026
12,9872181,1,-0,1212063034
12,9872231,1,-0,1212063084
12,9872240,1,-0,1212063093
12,9872261,1,-0,1212063114
12,9872347,0.2483,0.605,1212063200
12,9872350,1,-0,1212063203
12,9872351,0.1956,0.7086,1212063204
12,9872353,0.3098,0.5089,1212063206
12,9872358,0.352,0.4535,1212063211
12,9872363,0.4449,0.3517,1212063216
12,9872381,0.4875,0.312,1212063234
12,9872388,0.7202,0.1425,1212063241
12,9872403,0.358,0.4461,1212063256
12,9872404,0.4875,0.312,1212063257
12,9872414,0.05425,1.2656,1212063267
12,9872419,1,-0,1212063272
12,9872425,1,-0,1212063278
12,9872437,0.4972,0.3035,1212063290
12,9872457,0.4972,0.3035,1212063310
12,9872465,0.4875,0.312,1212063318
12,9872466,0.2361,0.6269,1212063319
12,9872475,1,-0,1212063328
12,9921111,1,-0,1212111964
12,9921112,1,-0,1212111965
12,9921119,1,-0,1212111972
12,9921125,1,-0,1212111978
12,9921126,1,-0,1212111979
12,9921141,0.247,0.6073,1212111994
12,9921144,1,-0,1212111997
12,9921147,1,-0,1212112000
12,9921155,1,-0,1212112008
12,9921157,1,-0,1212112010
12,9921159,1,-0,1212112012
12,9921164,1,-0,1212112017
12,9921177,0.4969,0.3037,1212112030
12,9921183,0.3252,0.4878,1212112036
12,9921188,0.6204,0.2073,1212112041
12,9921192,0.6816,0.1665,1212112045
12,9921193,1,-0,1212112046
12,9921194,1,-0,1212112047
12,9921213,1,-0,1212112066
12,9921361,1,-0,1212112214
12,9921364,1,-0,1212112217
12,9921387,0.6816,0.1665,1212112240
12,9921392,1,-0,1212112245
12,9921398,0.2454,0.6101,1212112251
12,9921403,1,-0,1212112256
12,9921418,1,-0,1212112271
12,9921426,1,-0,1212112279
12,9921427,0.4969,0.3037,1212112280
12,9921429,1,-0,1212112282
12,9921439,1,-0,1212112292
12,9921441,1,-0,1212112294
12,9921442,1,-0,1212112295
12,9921447,1,-0,1212112300
12,9921449,0.3283,0.4837,1212112302
12,9921461,0.2454,0.6101,1212112314
12,9921471,1,-0,1212112324
12,9921479,0.034,1.4685,1212112332
12,9921480,1,-0,1212112333
12,9921484,0.6816,0.1665,1212112337
12,9921488,1,-0,1212112341
12,9921491,1,-0,1212112344
12,10014919,1,-0,1212205772
12,10014936,1,-0,1212205789
12,10014951,1,-0,1212205804
12,10014958,0.6204,0.2073,1212205811
12,10014963,1,-0,1212205816
12,10014964,0.4969,0.3037,1212205817
12,10014970,1,-0,1212205823
12,10014977,1,-0,1212205830
12,10014983,1,-0,1212205836
12,10014993,1,-0,1212205846
12,10014994,1,-0,1212205847
12,10015001,1,-0,1212205854
12,10015027,1,-0,1212205880
12,10015036,1,-0,1212205889
12,10015040,1,-0,1212205893
12,10015045,1,-0,1212205898
12,10015049,0.8193,0.0866,1212205902
12,10015052,0.4938,0.3064,1212205905
12,10015153,0.6204,0.2073,1212206006
12,10015167,1,-0,1212206020
12,10015182,0.4969,0.3037,1212206035
12,10015183,1,-0,1212206036
12,10015189,1,-0,1212206042
12,10015191,0.6204,0.2073,1212206044
12,10015199,1,-0,1212206052
12,10015202,1,-0,1212206055
12,10015210,0.4926,0.3075,1212206063
12,10015217,1,-0,1212206070
12,10015222,0.6816,0.1665,1212206075
12,10015230,1,-0,1212206083
12,10015239,1,-0,1212206092
12,10015240,0.6204,0.2073,1212206093
12,10015251,1,-0,1212206104
12,10015253,1,-0,1212206106
12,10015260,0.1169,0.9322,1212206113
12,10015266,1,-0,1212206119
12,10022119,0.4872,0.3123,1212212972
12,10022121,0.4872,0.3123,1212212974
12,10022126,0.05405,1.2672,1212212979
12,10022131,1,-0,1212212984
12,10022141,1,-0,1212212994
12,10022151,1,-0,1212213004
12,10022158,1,-0,1212213011
12,10022170,0.4872,0.3123,1212213023
12,10022177,1,-0,1212213030
12,10022196,0.4872,0.3123,1212213049
12,10022197,0.4435,0.3531,1212213050
12,10022205,1,-0,1212213058
12,10022207,0.682,0.1662,1212213060
12,10022208,1,-0,1212213061
12,10022209,1,-0,1212213062
12,10022214,1,-0,1212213067
12,10022218,1,-0,1212213071
12,10022219,0.4971,0.3036,1212213072
12,10022222,1,-0,1212213075
12,10022223,0.4872,0.3123,1212213076
12,10022229,1,-0,1212213082
12,10022239,0.4872,0.3123,1212213092
12,10022517,1,-0,1212213370
12,10022530,0.6206,0.2072,1212213383
12,10022531,0.1593,0.7978,1212213384
12,10022532,0.4872,0.3123,1212213385
12,10022540,0.7143,0.1461,1212213393
12,10022552,0.4872,0.3123,1212213405
12,10022561,1,-0,1212213414
12,10022562,1,-0,1212213415
12,10022571,1,-0,1212213424
12,10022572,0.4872,0.3123,1212213425
12,10022580,0.4872,0.3123,1212213433
12,10022582,1,-0,1212213435
12,10022593,1,-0,1212213446
12,10022606,1,-0,1212213459
12,10022607,0.2457,0.6096,1212213460
12,10030319,0.4676,0.3301,1212221172
12,10030320,1,-0,1212221173
12,10030324,0.4875,0.312,1212221177
12,10030341,0.4875,0.312,1212221194
12,10030344,1,-0,1212221197
12,10030370,0.358,0.4461,1212221223
12,10030374,0.7416,0.1298,1212221227
12,10030375,0.6207,0.2071,1212221228
12,10030377,0.3679,0.4343,1212221230
12,10030382,0.6758,0.1702,1212221235
12,10030385,0.4972,0.3035,1212221238
12,10030391,1,-0,1212221244
12,10030393,0.6133,0.2123,1212221246
12,10030413,1,-0,1212221266
12,10030414,0.162,0.7905,1212221267
12,10030437,1,-0,1212221290
12,10030442,0.4875,0.312,1212221295
12,10030450,1,-0,1212221303
12,10030718,1,-0,1212221571
12,10030726,1,-0,1212221579
12,10030727,0.05425,1.2656,1212221580
12,10030729,0.6821,0.1662,1212221582
12,10030736,0.4875,0.312,1212221589
12,10030738,0.4972,0.3035,1212221591
12,10030744,1,-0,1212221597
12,10030746,1,-0,1212221599
12,10030748,1,-0,1212221601
12,10030749,1,-0,1212221602
12,10030761,1,-0,1212221614
12,10030762,0.4875,0.312,1212221615
12,10030767,0.3679,0.4343,1212221620
12,10030783,1,-0,1212221636
12,10030790,0.6758,0.1702,1212221643
12,10030795,0.6207,0.2071,1212221648
12,10030803,0.7772,0.1095,1212221656
12,10030809,0.06418,1.1926,1212221662
12,10030837,0.2361,0.6269,1212221690
12,10030845,0.4875,0.312,1212221698
12,10187701,1,-0,1212378554
12,10187720,0.6816,0.1665,1212378573
12,10187727,1,-0,1212378580
12,10187743,1,-0,1212378596
12,10187762,1,-0,1212378615
12,10187764,1,-0,1212378617
12,10187778,1,-0,1212378631
12,10187788,1,-0,1212378641
12,10187794,1,-0,1212378647
12,10187798,1,-0,1212378651
12,10187812,0.4969,0.3037,1212378665
12,10187817,1,-0,1212378670
12,10187820,0.1223,0.9126,1212378673
12,10187824,1,-0,1212378677
12,10187833,0.3674,0.4349,1212378686
12,10188029,0.6864,0.1634,1212378882
12,10188034,1,-0,1212378887
12,10188043,0.4938,0.3064,1212378896
12,10188047,1,-0,1212378900
12,10188048,1,-0,1212378901
12,10188072,1,-0,1212378925
12,10188087,1,-0,1212378940
12,10188088,1,-0,1212378941
12,10188089,0.6204,0.2073,1212378942
12,10188093,0.4954,0.305,1212378946
12,10188094,1,-0,1212378947
12,10188095,1,-0,1212378948
12,10188104,1,-0,1212378957
12,10188105,0.4954,0.305,1212378958
12,10188118,1,-0,1212378971
12,10188119,1,-0,1212378972
12,10188121,1,-0,1212378974
12,10188139,1,-0,1212378992
12,10188156,1,-0,1212379009
12,10230774,1,-0,1212421627
12,10230777,0.4521,0.3448,1212421630
12,10230780,1,-0,1212421633
12,10230785,0.09646,1.0157,1212421638
12,10230786,0.7668,0.1153,1212421639
12,10230787,1,-0,1212421640
12,10230788,0.2201,0.6574,1212421641
12,10230789,1,-0,1212421642
12,10230791,0.7953,0.0995,1212421644
12,10230792,0.8228,0.0847,1212421645
12,10230793,1,-0,1212421646
12,10230794,0.7539,0.1227,1212421647
12,10230795,0.4502,0.3466,1212421648
12,10230796,0.7334,0.1347,1212421649
12,10230797,0.4521,0.3448,1212421650
12,10230798,0.06236,1.2051,1212421651
12,10230800,0.5077,0.2944,1212421653
12,10230802,1,-0,1212421655
12,10230833,1,-0,1212421686
12,10230836,0.4595,0.3377,1212421689
12,10230837,0.6614,0.1795,1212421690
12,10230842,0.4999,0.3011,1212421695
12,10230855,0.4981,0.3027,1212421708
12,10230861,1,-0,1212421714
12,10230864,0.5941,0.2261,1212421717
12,10230870,1,-0,1212421723
12,10230895,0.4595,0.3377,1212421748
12,10230897,1,-0,1212421750
12,10230898,0.3338,0.4765,1212421751
12,10230901,0.4583,0.3389,1212421754
12,10230902,1,-0,1212421755
12,10230904,0.2091,0.6796,1212421757
12,10231031,0.3882,0.4109,1212421884
12,10231037,0.4595,0.3377,1212421890
12,10231038,1,-0,1212421891
12,10231058,0.2094,0.679,1212421911
12,10231060,0.4595,0.3377,1212421913
12,10231065,0.4595,0.3377,1212421918
12,10231069,0.4999,0.3011,1212421922
12,10231075,0.4999,0.3011,1212421928
12,10231076,0.7034,0.1528,1212421929
12,10231077,0.4999,0.3011,1212421930
12,10231080,0.5941,0.2261,1212421933
12,10231083,1,-0,1212421936
12,10231091,1,-0,1212421944
12,10231099,0.6249,0.2042,1212421952
12,10231102,0.4595,0.3377,1212421955
12,10231105,1,-0,1212421958
12,10231117,1,-0,1212421970
12,10231124,1,-0,1212421977
12,10239416,1,-0,1212430269
12,10239463,1,-0,1212430316
12,10239466,0.06305,1.2003,1212430319
12,10239472,1,-0,1212430325
12,10239480,0.4966,0.304,1212430333
12,10239481,1,-0,1212430334
12,10239485,1,-0,1212430338
12,10239490,1,-0,1212430343
12,10239497,1,-0,1212430350
12,10239506,1,-0,1212430359
12,10239520,1,-0,1212430373
12,10239523,1,-0,1212430376
12,10239526,0.6384,0.1949,1212430379
12,10239537,1,-0,1212430390
12,10239541,0.4965,0.3041,1212430394
12,10239544,1,-0,1212430397
12,10239546,1,-0,1212430399
12,10239547,1,-0,1212430400
12,10239548,1,-0,1212430401
12,10239564,1,-0,1212430417
12,10239570,1,-0,1212430423
12,10239572,1,-0,1212430425
12,10239573,1,-0,1212430426
12,10239576,1,-0,1212430429
12,10239583,1,-0,1212430436
12,10239596,1,-0,1212430449
12,10239684,0.127,0.8962,1212430537
12,10239686,1,-0,1212430539
12,10239687,0.1775,0.7508,1212430540
12,10239689,1,-0,1212430542
12,10239694,0.6788,0.1683,1212430547
12,10239696,0.2449,0.611,1212430549
12,10239697,1,-0,1212430550
12,10239698,0.2059,0.6863,1212430551
12,10239699,0.343,0.4647,1212430552
12,10239702,1,-0,1212430555
12,10239707,1,-0,1212430560
12,10239710,1,-0,1212430563
12,10239712,1,-0,1212430565
12,10239717,1,-0,1212430570
12,10239733,0.3265,0.4861,1212430586
12,10239739,1,-0,1212430592
12,10239746,1,-0,1212430599
12,10239753,1,-0,1212430606
12,10239770,1,-0,1212430623
12,10239773,1,-0,1212430626
12,10239783,1,-0,1212430636
12,10239795,0.3664,0.436,1212430648
12,10239803,1,-0,1212430656
12,10239804,1,-0,1212430657
12,10428380,0.4969,0.3037,1212619233
12,10428388,1,-0,1212619241
12,10428391,1,-0,1212619244
12,10428397,0.6816,0.1665,1212619250
12,10428405,0.1566,0.8052,1212619258
12,10428410,0.6204,0.2073,1212619263
12,10428413,1,-0,1212619266
12,10428418,0.142,0.8477,1212619271
12,10428419,1,-0,1212619272
12,10428432,0.2454,0.6101,1212619285
12,10428437,0.4969,0.3037,1212619290
12,10428440,1,-0,1212619293
12,10428448,0.4969,0.3037,1212619301
12,10428449,0.131,0.8827,1212619302
12,10428455,0.8402,0.0756,1212619308
12,10428460,1,-0,1212619313
12,10428462,1,-0,1212619315
12,10428463,1,-0,1212619316
12,10428469,0.4969,0.3037,1212619322
12,10428473,1,-0,1212619326
12,10428475,0.3673,0.435,1212619328
12,10428476,0.4969,0.3037,1212619329
12,10428478,0.4969,0.3037,1212619331
12,10428482,1,-0,1212619335
12,10428483,1,-0,1212619336
12,10428488,0.7461,0.1272,1212619341
12,10428495,1,-0,1212619348
12,10428496,0.5791,0.2372,1212619349
12,10428506,1,-0,1212619359
12,10428507,1,-0,1212619360
12,10428509,1,-0,1212619362
12,10428510,0.4969,0.3037,1212619363
12,10428522,1,-0,1212619375
12,10428630,1,-0,1212619483
12,10428639,0.006235,2.2052,1212619492
12,10428641,0.3444,0.4629,1212619494
12,10428644,0.4969,0.3037,1212619497
12,10428645,1,-0,1212619498
12,10428646,1,-0,1212619499
12,10428649,1,-0,1212619502
12,10428659,0.4969,0.3037,1212619512
12,10428668,1,-0,1212619521
12,10428682,0.6204,0.2073,1212619535
12,10428691,0.05654,1.2476,1212619544
12,10428701,1,-0,1212619554
12,10428707,1,-0,1212619560
12,10428712,1,-0,1212619565
12,10428720,1,-0,1212619573
12,10428736,0.5908,0.2286,1212619589
12,10428737,0.426,0.3706,1212619590
12,10428740,1,-0,1212619593
12,10428742,0.2454,0.6101,1212619595
12,10428744,1,-0,1212619597
12,10428759,0.2614,0.5827,1212619612
12,10428760,1,-0,1212619613
12,10428761,1,-0,1212619614
12,10428770,1,-0,1212619623
12,10428771,1,-0,1212619624
12,10432977,1,-0,1212623830
12,10432981,1,-0,1212623834
12,10432986,0.7346,0.1339,1212623839
12,10432987,0.8647,0.0631,1212623840
12,10432988,0.4922,0.3079,1212623841
12,10432993,1,-0,1212623846
12,10432996,1,-0,1212623849
12,10433013,0.4969,0.3037,1212623866
12,10433015,0.3672,0.4351,1212623868
12,10433017,0.49370000000000003,0.3065,1212623870
12,10433018,0.49370000000000003,0.3065,1212623871
12,10433019,0.8531,0.069,1212623872
12,10433022,0.4969,0.3037,1212623875
12,10433034,0.4969,0.3037,1212623887
12,10433035,0.6203,0.2074,1212623888
12,10433036,0.49370000000000003,0.3065,1212623889
12,10433046,1,-0,1212623899
12,10433051,1,-0,1212623904
12,10433052,1,-0,1212623905
12,10433054,1,-0,1212623907
12,10433056,1,-0,1212623909
12,10433063,0.49370000000000003,0.3065,1212623916
12,10433064,0.49370000000000003,0.3065,1212623917
12,10433069,0.5314,0.2746,1212623922
12,10433074,1,-0,1212623927
12,10433075,0.49370000000000003,0.3065,1212623928
12,10433082,1,-0,1212623935
12,10433088,0.49370000000000003,0.3065,1212623941
12,10433091,0.3672,0.4351,1212623944
12,10433093,1,-0,1212623946
12,10433094,0.2693,0.5698,1212623947
12,10433096,0.2421,0.616,1212623949
12,10433110,0.1836,0.7361,1212623963
12,10433196,0.2024,0.6938,1212624049
12,10433222,0.002891,2.539,1212624075
12,10433228,1,-0,1212624081
12,10433229,1,-0,1212624082
12,10433249,1,-0,1212624102
12,10433253,0.4969,0.3037,1212624106
12,10433274,0.49370000000000003,0.3065,1212624127
12,10433275,1,-0,1212624128
12,10433277,0.6816,0.1665,1212624130
12,10433281,0.359,0.4449,1212624134
12,10433317,1,-0,1212624170
12,10473474,0.2679,0.572,1212664327
12,10473475,1,-0,1212664328
12,10473479,0.4972,0.3035,1212664332
12,10473483,0.4437,0.3529,1212664336
12,10473485,1,-0,1212664338
12,10473490,0.1529,0.8156,1212664343
12,10473491,0.4875,0.312,1212664344
12,10473495,0.3024,0.5194,1212664348
12,10473511,1,-0,1212664364
12,10473513,0.4875,0.312,1212664366
12,10473515,0.4875,0.312,1212664368
12,10473531,0.7898,0.1025,1212664384
12,10473534,1,-0,1212664387
12,10473535,0.4875,0.312,1212664388
12,10473551,1,-0,1212664404
12,10473555,0.3607,0.4429,1212664408
12,10473556,1,-0,1212664409
12,10473557,0.481,0.3179,1212664410
12,10473563,0.4872,0.3123,1212664416
12,10473564,0.1213,0.9161,1212664417
12,10473577,0.358,0.4461,1212664430
12,10473580,1,-0,1212664433
12,10473585,0.6133,0.2123,1212664438
12,10473587,0.4875,0.312,1212664440
12,10473592,0.2361,0.6269,1212664445
12,10473593,1,-0,1212664446
12,10473595,0.5779,0.2381,1212664448
12,10473600,1,-0,1212664453
12,10473796,0.6133,0.2123,1212664649
12,10473802,0.6758,0.1702,1212664655
12,10473804,0.4343,0.3622,1212664657
12,10473806,1,-0,1212664659
12,10473812,0.4875,0.312,1212664665
12,10473815,0.05899,1.2292,1212664668
12,10473820,0.05425,1.2656,1212664673
12,10473837,1,-0,1212664690
12,10473850,1,-0,1212664703
12,10473880,0.4969,0.3037,1212664733
12,10473882,0.49370000000000003,0.3065,1212664735
12,10473886,0.4396,0.3569,1212664739
12,10473890,0.6178,0.2092,1212664743
12,10473891,0.6203,0.2074,1212664744
12,10473894,0.49370000000000003,0.3065,1212664747
12,10473895,0.5314,0.2746,1212664748
12,10473898,0.49370000000000003,0.3065,1212664751
12,10473899,0.6203,0.2074,1212664752
12,10473903,0.4969,0.3037,1212664756
12,10473904,1,-0,1212664757
12,10473905,0.6178,0.2092,1212664758
12,10473923,0.4922,0.3079,1212664776
12,10473924,0.7794,0.1082,1212664777
12,10499163,0.4969,0.3037,1212690016
12,10499166,1,-0,1212690019
12,10499195,0.2768,0.5578,1212690048
12,10499236,1,-0,1212690089
12,10499237,1,-0,1212690090
12,10499239,1,-0,1212690092
12,10499252,1,-0,1212690105
12,10499254,1,-0,1212690107
12,10499255,0.453,0.3439,1212690108
12,10499271,0.177,0.752,1212690124
12,10499275,1,-0,1212690128
12,10499395,0.5391,0.2683,1212690248
12,10499396,0.4437,0.3529,1212690249
12,10499406,0.5356,0.2712,1212690259
12,10499421,1,-0,1212690274
12,10499429,0.6816,0.1665,1212690282
12,10499431,0.2441,0.61240000000000006,1212690284
12,10499438,0.3712,0.4304,1212690291
12,10499439,1,-0,1212690292
12,10499440,0.4969,0.3037,1212690293
12,10499441,0.3419,0.4661,1212690294
12,10499453,0.2105,0.6767,1212690306
12,10499454,1,-0,1212690307
12,10499459,1,-0,1212690312
12,10499480,1,-0,1212690333
12,10499482,0.6816,0.1665,1212690335
12,10499489,1,-0,1212690342
12,10499495,0.6204,0.2073,1212690348
12,10499499,0.6204,0.2073,1212690352
12,10499503,0.4969,0.3037,1212690356
12,10525205,0.3472,0.4594,1212716058
12,10525208,0.618,0.209,1212716061
12,10525216,0.05676,1.246,1212716069
12,10525222,1,-0,1212716075
12,10525227,0.4938,0.3064,1212716080
12,10525247,0.497,0.3036,1212716100
12,10525248,0.4938,0.3064,1212716101
12,10525261,0.497,0.3036,1212716114
12,10525263,0.6817,0.1664,1212716116
12,10525269,0.4517,0.3451,1212716122
12,10525273,0.5624,0.25,1212716126
12,10525275,0.4938,0.3064,1212716128
12,10525306,0.5168,0.2867,1212716159
12,10525307,1,-0,1212716160
12,10525318,0.8313,0.0802,1212716171
12,10525319,0.8313,0.0802,1212716172
12,10525323,0.4938,0.3064,1212716176
12,10525329,0.4938,0.3064,1212716182
12,10525496,1,-0,1212716349
12,10525507,0.497,0.3036,1212716360
12,10525512,1,-0,1212716365
12,10525516,0.497,0.3036,1212716369
12,10525520,1,-0,1212716373
12,10525529,0.863,0.064,1212716382
12,10525547,0.04206,1.3761,1212716400
12,10525549,0.3318,0.4791,1212716402
12,10525550,1,-0,1212716403
12,10525551,1,-0,1212716404
12,10525555,0.618,0.209,1212716408
12,10525556,0.2294,0.6394,1212716409
12,10525558,1,-0,1212716411
12,10525559,0.5193,0.2846,1212716412
12,10525562,1,-0,1212716415
12,10525567,0.4938,0.3064,1212716420
12,10525578,1,-0,1212716431
12,10525581,0.5896,0.2294,1212716434
12,10525582,0.5316,0.2744,1212716435
12,10525583,0.3263,0.4864,1212716436
12,10525595,0.497,0.3036,1212716448
12,10525604,0.4938,0.3064,1212716457
12,10525605,0.6001,0.2218,1212716458
12,10525611,0.5193,0.2846,1212716464
12,10525613,0.4938,0.3064,1212716466
12,10525618,0.6746,0.171,1212716471
12,10525621,0.7811,0.1073,1212716474
12,10525631,0.497,0.3036,1212716484
12,10525632,1,-0,1212716485
12,10604287,0.2423,0.6156,1212795140
12,10604290,0.1147,0.9404,1212795143
12,10604294,0.4938,0.3064,1212795147
12,10604310,0.4938,0.3064,1212795163
12,10604313,1,-0,1212795166
12,10604317,0.4938,0.3064,1212795170
12,10604331,1,-0,1212795184
12,10604332,0.3642,0.4387,1212795185
12,10604338,0.618,0.209,1212795191
12,10604348,0.2423,0.6156,1212795201
12,10604349,0.4938,0.3064,1212795202
12,10604350,0.587,0.2314,1212795203
12,10604363,1,-0,1212795216
12,10604364,0.08204,1.086,1212795217
12,10604394,1,-0,1212795247
12,10604401,0.02608,1.5837,1212795254
12,10604411,0.5642,0.2486,1212795264
12,10604421,0.5642,0.2486,1212795274
12,10604423,1,-0,1212795276
12,10604426,0.5642,0.2486,1212795279
12,10604436,0.5083,0.2939,1212795289
12,10604441,1,-0,1212795294
12,10604618,0.2099,0.678,1212795471
12,10604622,1,-0,1212795475
12,10604629,0.5941,0.2261,1212795482
12,10604635,1,-0,1212795488
12,10604636,0.4992,0.3017,1212795489
12,10604672,0.2801,0.5527,1212795525
12,10604681,0.4656,0.332,1212795534
12,10604686,0.2997,0.5233,1212795539
12,10604694,0.2178,0.6619,1212795547
12,10604698,0.6838,0.1651,1212795551
12,10604705,1,-0,1212795558
12,10604712,0.3716,0.4299,1212795565
12,10604714,0.2178,0.6619,1212795567
12,10604718,1,-0,1212795571
12,10604723,0.498,0.3028,1212795576
12,10604731,0.2178,0.6619,1212795584
12,10604732,1,-0,1212795585
12,10604734,0.2178,0.6619,1212795587
12,10604776,0.4783,0.3203,1212795629
12,10604780,0.4783,0.3203,1212795633
12,10604784,0.3676,0.4346,1212795637
12,10604802,0.4783,0.3203,1212795655
12,10604808,0.7499,0.125,1212795661
12,10604814,0.7162,0.145,1212795667
12,10604815,1,-0,1212795668
12,10604816,0.0252,1.5986,1212795669
12,10604853,1,-0,1212795706
12,10604867,1,-0,1212795720
12,10630287,1,-0,1212821140
12,10630289,0.2134,0.6708,1212821142
12,10630323,0.127,0.8962,1212821176
12,10630325,1,-0,1212821178
12,10630328,0.252,0.5986,1212821181
12,10630366,1,-0,1212821219
12,10630370,0.1202,0.9201,1212821223
12,10630383,0.2419,0.6164,1212821236
12,10630392,0.2452,0.6105,1212821245
12,10630399,1,-0,1212821252
12,10630405,1,-0,1212821258
12,10630417,1,-0,1212821270
12,10630418,1,-0,1212821271
12,10630420,0.6376,0.1955,1212821273
12,10630421,1,-0,1212821274
12,10630422,0.2066,0.6849,1212821275
12,10630430,1,-0,1212821283
12,10630435,0.4935,0.3067,1212821288
12,10630437,0.4392,0.3573,1212821290
12,10630439,0.4968,0.3038,1212821292
12,10630462,0.4968,0.3038,1212821315
12,10630476,0.4935,0.3067,1212821329
12,10630477,0.05856,1.2324,1212821330
12,10630630,0.6176,0.2093,1212821483
12,10630634,0.1142,0.9423,1212821487
12,10630667,0.2452,0.6105,1212821520
12,10630672,0.4935,0.3067,1212821525
12,10630674,1,-0,1212821527
12,10630676,1,-0,1212821529
12,10630677,0.04689,1.3289,1212821530
12,10630680,1,-0,1212821533
12,10630685,0.4935,0.3067,1212821538
12,10630699,0.4935,0.3067,1212821552
12,10630712,0.4933,0.3069,1212821565
12,10630714,1,-0,1212821567
12,10630715,1,-0,1212821568
12,10630727,0.7458,0.1274,1212821580
12,10630738,0.4935,0.3067,1212821591
12,10630750,1,-0,1212821603
12,10630756,0.4935,0.3067,1212821609
12,10630759,0.4935,0.3067,1212821612
12,10630761,0.1202,0.9201,1212821614
12,10848337,1,-0,1213039190
12,10848359,0.4969,0.3037,1213039212
12,10848360,0.4969,0.3037,1213039213
12,10848372,0.8036,0.095,1213039225
12,10848378,0.6204,0.2073,1213039231
12,10848383,0.2423,0.6156,1213039236
12,10848386,1,-0,1213039239
12,10848406,1,-0,1213039259
12,10848425,0.426,0.3706,1213039278
12,10848429,1,-0,1213039282
12,10848449,0.8035,0.095,1213039302
12,10848450,1,-0,1213039303
12,10848458,1,-0,1213039311
12,10848658,1,-0,1213039511
12,10848682,1,-0,1213039535
12,10848691,1,-0,1213039544
12,10848698,0.4969,0.3037,1213039551
12,10848736,1,-0,1213039589
12,10848760,1,-0,1213039613
12,10850695,1,-0,1213041548
12,10850706,1,-0,1213041559
12,10850708,0.564,0.2487,1213041561
12,10850709,1,-0,1213041562
12,10850717,1,-0,1213041570
12,10850725,1,-0,1213041578
12,10850737,1,-0,1213041590
12,10850747,1,-0,1213041600
12,10850758,1,-0,1213041611
12,10850769,0.4968,0.3038,1213041622
12,10850775,1,-0,1213041628
12,10850807,0.7652,0.1162,1213041660
12,10850811,1,-0,1213041664
12,10850893,0.4935,0.3067,1213041746
12,10850909,1,-0,1213041762
12,10850914,1,-0,1213041767
12,10850940,0.6201,0.2075,1213041793
12,10850959,1,-0,1213041812
12,10850962,1,-0,1213041815
12,10851001,0.4968,0.3038,1213041854
12,10898447,0.06061,1.2175,1213089300
12,10898524,0.4667,0.331,1213089377
12,10898545,0.4667,0.331,1213089398
12,10898547,1,-0,1213089400
12,10898585,0.5152,0.288,1213089438
12,10898605,0.5152,0.288,1213089458
12,10898664,1,-0,1213089517
12,10898670,1,-0,1213089523
12,10898678,1,-0,1213089531
12,10898692,1,-0,1213089545
12,10898695,1,-0,1213089548
12,10898696,1,-0,1213089549
12,10898709,0.5645,0.2483,1213089562
12,10898757,1,-0,1213089610
12,10898759,0.2453,0.6103,1213089612
12,10898760,1,-0,1213089613
12,10898764,0.6639,0.1779,1213089617
12,10898777,1,-0,1213089630
12,10898793,1,-0,1213089646
12,10899065,1,-0,1213089918
12,10899067,1,-0,1213089920
12,10899073,1,-0,1213089926
12,10899107,0.6202,0.2075,1213089960
12,10899112,0.1167,0.9329,1213089965
12,10899130,1,-0,1213089983
12,10899148,1,-0,1213090001
12,10899156,1,-0,1213090009
12,10899159,0.4969,0.3037,1213090012
12,10899180,0.4969,0.3037,1213090033
12,11002848,1,-0,1213193701
12,11002850,1,-0,1213193703
12,11002853,1,-0,1213193706
12,11002855,0.2428,0.6148,1213193708
12,11002859,1,-0,1213193712
12,11002860,0.3255,0.4874,1213193713
12,11002868,0.4964,0.3042,1213193721
12,11002870,1,-0,1213193723
12,11002888,0.01442,1.841,1213193741
12,11002891,1,-0,1213193744
12,11002896,0.3255,0.4874,1213193749
12,11002905,0.7184,0.1436,1213193758
12,11002914,0.6195,0.208,1213193767
12,11002922,0.6305,0.2003,1213193775
12,11002927,0.6196,0.2079,1213193780
12,11002944,1,-0,1213193797
12,11002951,1,-0,1213193804
12,11002953,0.4932,0.307,1213193806
12,11002954,1,-0,1213193807
12,11002957,1,-0,1213193810
12,11002965,0.3834,0.4163,1213193818
12,11002966,1,-0,1213193819
12,11003085,0.7134,0.1467,1213193938
12,11003092,1,-0,1213193945
12,11003095,1,-0,1213193948
12,11003096,0.6002,0.2217,1213193949
12,11003097,0.2446,0.6115,1213193950
12,11003102,0.2446,0.6115,1213193955
12,11003111,1,-0,1213193964
12,11003120,0.4964,0.3042,1213193973
12,11003121,0.7186,0.1435,1213193974
12,11003127,1,-0,1213193980
12,11003142,0.6195,0.208,1213193995
12,11003147,0.2306,0.6371,1213194000
12,11003152,1,-0,1213194005
12,11003162,0.8429,0.0742,1213194015
12,11003166,0.3659,0.4366,1213194019
12,11003167,0.7643,0.1167,1213194020
12,11003168,1,-0,1213194021
12,11003184,0.1169,0.9322,1213194037
12,11003188,0.3551,0.4496,1213194041
12,11003190,0.2086,0.6807,1213194043
12,11003194,1,-0,1213194047
12,11003195,1,-0,1213194048
12,11003232,0.6025,0.22,1213194085
12,11003236,0.6089,0.2155,1213194089
12,11003245,0.4828,0.3162,1213194098
12,11003293,0.6185,0.2087,1213194146
12,11003300,1,-0,1213194153
12,11003364,0.4828,0.3162,1213194217
12,11003367,1,-0,1213194220
12,11024044,0.4938,0.3064,1213214897
12,11024053,0.4938,0.3064,1213214906
12,11024054,0.4399,0.3566,1213214907
12,11024056,1,-0,1213214909
12,11024057,1,-0,1213214910
12,11024064,0.4938,0.3064,1213214917
12,11024078,0.497,0.3036,1213214931
12,11024081,1,-0,1213214934
12,11024082,1,-0,1213214935
12,11024084,1,-0,1213214937
12,11024110,1,-0,1213214963
12,11024115,0.4926,0.3075,1213214968
12,11024122,0.497,0.3036,1213214975
12,11024123,0.497,0.3036,1213214976
12,11024151,0.6797,0.1677,1213215004
12,11024158,0.6204,0.2073,1213215011
12,11024165,0.4938,0.3064,1213215018
12,11024167,1,-0,1213215020
12,11024170,0.2455,0.6099,1213215023
12,11024452,0.4938,0.3064,1213215305
12,11024466,0.2458,0.6094,1213215319
12,11024474,0.618,0.209,1213215327
12,11024479,1,-0,1213215332
12,11024492,1,-0,1213215345
12,11024503,0.3026,0.5191,1213215356
12,11024505,0.497,0.3036,1213215358
12,11024512,1,-0,1213215365
12,11024536,0.6244,0.2045,1213215389
12,11024538,1,-0,1213215391
12,11024546,0.497,0.3036,1213215399
12,11024557,0.497,0.3036,1213215410
12,11024560,0.618,0.209,1213215413
12,11024564,1,-0,1213215417
12,11024567,0.6817,0.1664,1213215420
12,11024569,1,-0,1213215422
12,11024578,0.618,0.209,1213215431
12,11024580,0.4938,0.3064,1213215433
12,11024584,0.618,0.209,1213215437
12,11212937,0.09847,1.0067,1213403790
12,11212941,0.49370000000000003,0.3065,1213403794
12,11212953,1,-0,1213403806
12,11212956,1,-0,1213403809
12,11212957,1,-0,1213403810
12,11212970,1,-0,1213403823
12,11212971,1,-0,1213403824
12,11212979,0.6203,0.2074,1213403832
12,11212981,1,-0,1213403834
12,11212983,1,-0,1213403836
12,11212986,0.49370000000000003,0.3065,1213403839
12,11212987,0.03394,1.4693,1213403840
12,11213002,1,-0,1213403855
12,11213010,0.2421,0.616,1213403863
12,11213015,1,-0,1213403868
12,11213022,0.49370000000000003,0.3065,1213403875
12,11213027,0.49370000000000003,0.3065,1213403880
12,11213041,0.49370000000000003,0.3065,1213403894
12,11213048,0.2103,0.6772,1213403901
12,11213055,0.49370000000000003,0.3065,1213403908
12,11213058,0.2421,0.616,1213403911
12,11213227,0.6085,0.2157,1213404080
12,11213240,1,-0,1213404093
12,11213241,0.05708,1.2435,1213404094
12,11213243,0.2421,0.616,1213404096
12,11213245,0.49370000000000003,0.3065,1213404098
12,11213248,1,-0,1213404101
12,11213254,0.49370000000000003,0.3065,1213404107
12,11213271,0.1645,0.7838,1213404124
12,11213278,0.49370000000000003,0.3065,1213404131
12,11213285,0.118,0.9281,1213404138
12,11213290,1,-0,1213404143
12,11213291,0.1645,0.7838,1213404144
12,11213293,0.1645,0.7838,1213404146
12,11213296,1,-0,1213404149
12,11213297,0.7177,0.1441,1213404150
12,11213299,0.2453,0.6103,1213404152
12,11213300,0.1645,0.7838,1213404153
12,11213301,1,-0,1213404154
12,11213305,0.7917,0.1014,1213404158
12,11213306,0.7177,0.1441,1213404159
12,11213316,0.01743,1.7587,1213404169
12,11213333,0.02743,1.5618,1213404186
12,11213335,1,-0,1213404188
12,11213350,0.4969,0.3037,1213404203
12,11213374,1,-0,1213404227
12,11213376,0.4969,0.3037,1213404229
12,11213381,0.653,0.1851,1213404234
12,11213389,0.06973,1.1566,1213404242
12,11213390,0.4969,0.3037,1213404243
12,11213394,0.5537,0.2567,1213404247
12,11213395,1,-0,1213404248
12,11213398,1,-0,1213404251
12,11213399,0.2453,0.6103,1213404252
12,11213401,1,-0,1213404254
12,11213402,0.6202,0.2075,1213404255
12,11213403,0.2178,0.6619,1213404256
12,11213425,1,-0,1213404278
12,11213433,1,-0,1213404286
12,11213436,1,-0,1213404289
12,11213439,1,-0,1213404292
12,11213441,1,-0,1213404294
12,11213443,1,-0,1213404296
12,11213444,0.2453,0.6103,1213404297
12,11213476,1,-0,1213404329
12,11213479,1,-0,1213404332
12,11213480,1,-0,1213404333
12,11213490,1,-0,1213404343
12,11213491,1,-0,1213404344
12,11213497,1,-0,1213404350
12,11213499,1,-0,1213404352
12,11213721,0.06667,1.1761,1213404574
12,11213751,0.4951,0.3053,1213404604
12,11213752,1,-0,1213404605
12,11213753,0.4969,0.3037,1213404606
12,11213761,1,-0,1213404614
12,11213765,1,-0,1213404618
12,11213766,0.4969,0.3037,1213404619
12,11213772,1,-0,1213404625
12,11213778,1,-0,1213404631
12,11213779,1,-0,1213404632
12,11213783,1,-0,1213404636
12,11213784,0.4951,0.3053,1213404637
12,11213787,0.3671,0.4352,1213404640
12,11213788,0.1167,0.9329,1213404641
12,11213789,1,-0,1213404642
12,11213792,1,-0,1213404645
12,11213800,0.2765,0.5583,1213404653
12,11213806,1,-0,1213404659
12,11213809,0.4969,0.3037,1213404662
12,11213811,1,-0,1213404664
12,11213815,0.2453,0.6103,1213404668
12,11213821,1,-0,1213404674
12,11213823,0.3671,0.4352,1213404676
12,11213826,1,-0,1213404679
12,11213827,0.6202,0.2075,1213404680
12,11213830,1,-0,1213404683
12,11213835,0.4426,0.354,1213404688
12,11213849,1,-0,1213404702
12,11213853,1,-0,1213404706
12,11213854,0.3671,0.4352,1213404707
12,11213859,0.4969,0.3037,1213404712
12,11213860,0.4969,0.3037,1213404713
12,11213861,0.4969,0.3037,1213404714
12,11213862,0.6202,0.2075,1213404715
12,11231278,1,-0,1213422131
12,11231286,1,-0,1213422139
12,11231301,0.875,0.058,1213422154
12,11231308,0.3673,0.435,1213422161
12,11231319,1,-0,1213422172
12,11231323,1,-0,1213422176
12,11231339,1,-0,1213422192
12,11231346,0.2101,0.6776,1213422199
12,11231356,1,-0,1213422209
12,11231363,0.618,0.209,1213422216
12,11231371,1,-0,1213422224
12,11231378,0.2394,0.6209,1213422231
12,11231379,1,-0,1213422232
12,11231381,1,-0,1213422234
12,11231389,1,-0,1213422242
12,11231396,1,-0,1213422249
12,11231574,0.4969,0.3037,1213422427
12,11231595,0.1417,0.8486,1213422448
12,11231601,1,-0,1213422454
12,11231621,0.6204,0.2073,1213422474
12,11231622,0.8193,0.0866,1213422475
12,11231623,1,-0,1213422476
12,11231635,1,-0,1213422488
12,11231651,0.8736,0.0587,1213422504
12,11231654,1,-0,1213422507
12,11231655,1,-0,1213422508
12,11231656,0.1848,0.7333,1213422509
12,11231657,1,-0,1213422510
12,11231658,1,-0,1213422511
12,11231659,0.222,0.6536,1213422512
12,11231661,0.0587,1.2314,1213422514
12,11260900,0.3333,0.4772,1213451753
12,11260904,0.3333,0.4772,1213451757
12,11260918,0.3333,0.4772,1213451771
12,11261046,1,-0,1213451899
12,11261049,0.4933,0.3069,1213451902
12,11261061,0.2417,0.6167,1213451914
12,11261067,0.1707,0.7678,1213451920
12,11261072,0.6201,0.2075,1213451925
12,11261075,0.4933,0.3069,1213451928
12,11261082,0.4933,0.3069,1213451935
12,11261083,0.5143,0.2888,1213451936
12,11261084,0.4967,0.3039,1213451937
12,11261090,1,-0,1213451943
12,11261092,1,-0,1213451945
12,11261096,0.368,0.4342,1213451949
12,11261102,1,-0,1213451955
12,11261103,1,-0,1213451956
12,11261113,1,-0,1213451966
12,11261130,0.2451,0.6107,1213451983
12,11261133,0.7452,0.1277,1213451986
12,11261134,0.2451,0.6107,1213451987
12,11261143,0.6723,0.1724,1213451996
12,11261152,0.49370000000000003,0.3065,1213452005
12,11261157,0.2417,0.6167,1213452010
12,11261427,0.737,0.1325,1213452280
12,11261430,1,-0,1213452283
12,11261431,0.833,0.0794,1213452284
12,11261442,0.4932,0.307,1213452295
12,11261461,0.2415,0.6171,1213452314
12,11261463,1,-0,1213452316
12,11261468,1,-0,1213452321
12,11261474,1,-0,1213452327
12,11261475,1,-0,1213452328
12,11261483,0.7647,0.1165,1213452336
12,11261484,0.6198,0.2077,1213452337
12,11261487,0.4966,0.304,1213452340
12,11261497,1,-0,1213452350
12,11261512,0.4966,0.304,1213452365
12,11261516,1,-0,1213452369
12,11261517,1,-0,1213452370
12,11261540,0.4162,0.3807,1213452393
12,11261541,0.4966,0.304,1213452394
12,11261548,0.4966,0.304,1213452401
12,11453818,1,-0,1213644671
12,11453856,1,-0,1213644709
12,11453864,1,-0,1213644717
12,11453865,0.05088,1.2935,1213644718
12,11453872,0.5489,0.2605,1213644725
12,11453876,1,-0,1213644729
12,11453889,0.05088,1.2935,1213644742
12,11453906,0.65,0.1871,1213644759
12,11453911,1,-0,1213644764
12,11453914,0.1679,0.7749,1213644767
12,11453917,0.1731,0.7617,1213644770
12,11453989,0.7317,0.1357,1213644842
12,11454038,1,-0,1213644891
12,11454041,0.1895,0.7224,1213644894
12,11454046,0.6029,0.2198,1213644899
12,11454058,0.04778,1.3208,1213644911
12,11454067,1,-0,1213644920
12,11454075,0.8506,0.0703,1213644928
12,11454082,1,-0,1213644935
12,11454104,0.149,0.8268,1213644957
12,11454106,0.1527,0.8162,1213644959
12,11454115,1,-0,1213644968
12,11454121,0.1482,0.8292,1213644974
12,11454133,0.01398,1.8545,1213644986
12,11454150,0.05613,1.2508,1213645003
12,11454157,0.4303,0.3662,1213645010
12,11454162,0.2407,0.6185,1213645015
12,11454258,0.2461,0.6089,1213645111
12,11454267,0.222,0.6536,1213645120
12,11454283,0.4223,0.3744,1213645136
12,11454288,1,-0,1213645141
12,11454294,0.5923,0.2275,1213645147
12,11454308,0.7869,0.1041,1213645161
12,11454324,1,-0,1213645177
12,11454329,1,-0,1213645182
12,11454338,0.5802,0.2364,1213645191
12,11454340,1,-0,1213645193
12,11454346,0.2471,0.6071,1213645199
12,11454356,0.2471,0.6071,1213645209
12,11454357,0.222,0.6536,1213645210
12,11454358,0.5178,0.2858,1213645211
12,11454382,0.1515,0.8196,1213645235
12,11454383,0.6949,0.1581,1213645236
12,11454407,1,-0,1213645260
12,11454409,1,-0,1213645262
12,11454432,0.5152,0.288,1213645285
12,11454433,1,-0,1213645286
12,11454436,1,-0,1213645289
12,11454456,0.02074,1.6832,1213645309
12,11454471,1,-0,1213645324
12,11454489,0.7021,0.1536,1213645342
12,11454499,0.5167,0.2868,1213645352
12,11454504,1,-0,1213645357
12,11454512,0.5099,0.2925,1213645365
12,11454519,0.2134,0.6708,1213645372
12,11454551,0.5099,0.2925,1213645404
12,11454580,1,-0,1213645433
12,11454585,1,-0,1213645438
12,11454629,1,-0,1213645482
12,11454656,1,-0,1213645509
12,11502725,1,-0,1213693578
12,11502732,0.06106,1.2142,1213693585
12,11502737,0.2483,0.605,1213693590
12,11502748,0.1909,0.7192,1213693601
12,11502759,0.5401,0.2675,1213693612
12,11502775,0.2234,0.6509,1213693628
12,11502777,0.604,0.219,1213693630
12,11502792,0.1859,0.7307,1213693645
12,11502793,0.009307,2.0312,1213693646
12,11502799,0.06106,1.2142,1213693652
12,11502800,1,-0,1213693653
12,11502836,0.7467,0.1269,1213693689
12,11502848,1,-0,1213693701
12,11502853,0.3877,0.4115,1213693706
12,11502856,1,-0,1213693709
12,11502860,0.4995,0.3015,1213693713
12,11502863,0.2919,0.5348,1213693716
12,11503009,1,-0,1213693862
12,11503026,0.4981,0.3027,1213693879
12,11503044,1,-0,1213693897
12,11503050,0.1173,0.9307,1213693903
12,11503051,1,-0,1213693904
12,11503059,0.6296,0.2009,1213693912
12,11503064,0.6839,0.165,1213693917
12,11503127,0.4225,0.3742,1213693980
12,11503129,0.4225,0.3742,1213693982
12,11503132,1,-0,1213693985
12,11503153,0.1724,0.7635,1213694006
12,11503184,1,-0,1213694037
12,11503212,0.09649,1.0155,1213694065
12,11503216,0.4935,0.3067,1213694069
12,11503249,0.4115,0.3856,1213694102
12,11503540,0.211,0.6757,1213694393
12,11503611,0.4935,0.3067,1213694464
12,11571256,1,-0,1213762109
12,11571502,1,-0,1213762355
12,11571507,1,-0,1213762360
12,11571508,0.272,0.5654,1213762361
12,11571514,1,-0,1213762367
12,11571539,0.5479,0.2613,1213762392
12,11571561,1,-0,1213762414
12,11571571,1,-0,1213762424
12,11571592,1,-0,1213762445
12,11571595,1,-0,1213762448
12,11571662,1,-0,1213762515
12,11571679,1,-0,1213762532
12,11571681,1,-0,1213762534
12,11571687,1,-0,1213762540
12,11571697,0.05902,1.229,1213762550
12,11571711,1,-0,1213762564
12,11571735,1,-0,1213762588
12,11571740,1,-0,1213762593
12,11571745,0.4969,0.3037,1213762598
12,11571757,1,-0,1213762610
12,11571778,0.03941,1.4044,1213762631
12,11571913,0.4969,0.3037,1213762766
12,11571919,0.4969,0.3037,1213762772
12,11571924,0.1169,0.9322,1213762777
12,11571931,0.4308,0.3657,1213762784
12,11571934,1,-0,1213762787
12,11571935,1,-0,1213762788
12,11571936,1,-0,1213762789
12,11571939,0.2454,0.6101,1213762792
12,11571941,0.4969,0.3037,1213762794
12,11571946,1,-0,1213762799
12,11571948,0.6816,0.1665,1213762801
12,11571951,0.2105,0.6767,1213762804
12,11571957,0.4429,0.3537,1213762810
12,11571958,0.4969,0.3037,1213762811
12,11571969,0.1204,0.9194,1213762822
12,11571986,0.2454,0.6101,1213762839
12,11571988,0.4969,0.3037,1213762841
12,11571996,0.8621,0.0644,1213762849
12,11572003,0.5549,0.2558,1213762856
12,11572004,0.6816,0.1665,1213762857
12,11572008,0.6816,0.1665,1213762861
12,11572033,0.1204,0.9194,1213762886
12,11763004,1,-0,1213953857
12,11763014,0.6828,0.1657,1213953867
12,11763015,1,-0,1213953868
12,11763038,1,-0,1213953891
12,11763042,0.4289,0.3676,1213953895
12,11763046,1,-0,1213953899
12,11763058,1,-0,1213953911
12,11763066,1,-0,1213953919
12,11763073,1,-0,1213953926
12,11763086,0.5374,0.2697,1213953939
12,11763094,1,-0,1213953947
12,11763096,1,-0,1213953949
12,11763101,1,-0,1213953954
12,11763122,0.197,0.7055,1213953975
12,11763351,0.2164,0.6647,1213954204
12,11763355,1,-0,1213954208
12,11763365,0.6087,0.21560000000000001,1213954218
12,11763387,0.6773,0.1692,1213954240
12,11763392,0.2282,0.6417,1213954245
12,11763405,0.1211,0.9169,1213954258
12,11763412,1,-0,1213954265
12,11763413,0.03309,1.4803,1213954266
12,11763423,0.4289,0.3676,1213954276
12,11922124,1,-0,1214112977
12,11922129,1,-0,1214112982
12,11922159,0.5552,0.2556,1214113012
12,11922509,0.2423,0.6156,1214113362
12,11922550,0.1205,0.919,1214113403
12,11922552,0.1607,0.794,1214113405
12,11922553,1,-0,1214113406
12,11922555,0.443,0.3536,1214113408
12,11922556,0.443,0.3536,1214113409
12,11922564,1,-0,1214113417
12,11922582,1,-0,1214113435
12,11922592,0.6817,0.1664,1214113445
12,11922601,0.1287,0.8904,1214113454
12,11922606,0.7462,0.1271,1214113459
12,11922613,0.7462,0.1271,1214113466
12,11922614,0.618,0.209,1214113467
12,11922618,0.4399,0.3566,1214113471
12,11922901,1,-0,1214113754
12,11922904,0.2423,0.6156,1214113757
12,11922923,0.2423,0.6156,1214113776
12,11922924,0.2423,0.6156,1214113777
12,11922949,0.618,0.209,1214113802
12,11922956,0.497,0.3036,1214113809
12,11922960,1,-0,1214113813
12,11922963,1,-0,1214113816
12,11922964,1,-0,1214113817
12,11922971,0.2423,0.6156,1214113824
12,12066478,1,-0,1214257331
12,12066529,0.4969,0.3037,1214257382
12,12066578,1,-0,1214257431
12,12066585,0.2453,0.6103,1214257438
12,12066850,1,-0,1214257703
12,12066852,1,-0,1214257705
12,12066875,1,-0,1214257728
12,12066877,0.4969,0.3037,1214257730
12,12066881,1,-0,1214257734
12,12066884,1,-0,1214257737
12,12066892,1,-0,1214257745
12,12066933,0.4969,0.3037,1214257786
12,12066934,0.4221,0.3746,1214257787
12,12066938,0.1167,0.9329,1214257791
12,12066943,1,-0,1214257796
12,12066959,0.4969,0.3037,1214257812
12,12066962,1,-0,1214257815
12,12066963,1,-0,1214257816
12,12066975,1,-0,1214257828
12,12066990,0.7026,0.1533,1214257843
12,12067029,1,-0,1214257882
12,12159726,0.5461,0.2627,1214350579
12,12159751,1,-0,1214350604
12,12159769,0.7026,0.1533,1214350622
12,12159793,1,-0,1214350646
12,12159795,1,-0,1214350648
12,12159809,0.7104,0.1485,1214350662
12,12159819,0.5493,0.2602,1214350672
12,12159849,0.2939,0.5318,1214350702
12,12159856,0.2561,0.5916,1214350709
12,12159860,0.6027,0.2199,1214350713
12,12159872,1,-0,1214350725
12,12159896,0.2423,0.6156,1214350749
12,12159913,1,-0,1214350766
12,12159925,0.497,0.3036,1214350778
12,12159929,0.05721,1.2425,1214350782
12,12159933,1,-0,1214350786
12,12159944,0.2423,0.6156,1214350797
12,12159959,0.1768,0.7525,1214350812
12,12159980,1,-0,1214350833
12,12159991,0.481,0.3179,1214350844
12,12159993,0.2455,0.6099,1214350846
12,12159997,0.7462,0.1271,1214350850
12,12160237,0.2423,0.6156,1214351090
12,12160239,1,-0,1214351092
12,12160241,0.618,0.209,1214351094
12,12160249,0.2423,0.6156,1214351102
12,12160260,0.497,0.3036,1214351113
12,12160269,0.7643,0.1167,1214351122
12,12160270,0.2423,0.6156,1214351123
12,12160275,0.618,0.209,1214351128
12,12160279,1,-0,1214351132
12,12160280,1,-0,1214351133
12,12160290,0.2423,0.6156,1214351143
12,12160301,0.2423,0.6156,1214351154
12,12160304,1,-0,1214351157
12,12160313,0.2423,0.6156,1214351166
12,12160324,0.497,0.3036,1214351177
12,12160344,0.2423,0.6156,1214351197
12,12226254,0.6127,0.2128,1214417107
12,12226258,0.2419,0.6164,1214417111
12,12226262,0.7637,0.1171,1214417115
12,12226263,1,-0,1214417116
12,12226270,1,-0,1214417123
12,12226275,1,-0,1214417128
12,12226289,1,-0,1214417142
12,12226293,0.5144,0.2887,1214417146
12,12226299,0.09819,1.0079,1214417152
12,12226300,1,-0,1214417153
12,12226301,0.4968,0.3038,1214417154
12,12226302,0.4968,0.3038,1214417155
12,12226303,1,-0,1214417156
12,12226304,1,-0,1214417157
12,12226315,1,-0,1214417168
12,12226339,0.2419,0.6164,1214417192
12,12226341,0.4933,0.3069,1214417194
12,12226348,1,-0,1214417201
12,12226364,0.04268,1.3698,1214417217
12,12226365,0.1679,0.7749,1214417218
12,12226369,1,-0,1214417222
12,12226372,0.6078,0.2162,1214417225
12,12226382,1,-0,1214417235
12,12226615,0.6176,0.2093,1214417468
12,12226618,1,-0,1214417471
12,12226628,0.4968,0.3038,1214417481
12,12226630,1,-0,1214417483
12,12226636,1,-0,1214417489
12,12226639,0.4968,0.3038,1214417492
12,12226661,1,-0,1214417514
12,12226667,1,-0,1214417520
12,12226678,0.3401,0.4684,1214417531
12,12226686,0.6127,0.2128,1214417539
12,12226691,0.4974,0.3033,1214417544
12,12226709,0.2419,0.6164,1214417562
12,12226710,0.03679,1.4343,1214417563
12,12226716,1,-0,1214417569
12,12226733,0.4392,0.3573,1214417586
12,12226734,0.2419,0.6164,1214417587
12,12226735,0.4968,0.3038,1214417588
12,12488741,0.497,0.3036,1214679594
12,12488744,0.4938,0.3064,1214679597
12,12488745,0.4938,0.3064,1214679598
12,12488754,0.497,0.3036,1214679607
12,12488760,0.497,0.3036,1214679613
12,12488763,0.497,0.3036,1214679616
12,12488771,0.4399,0.3566,1214679624
12,12488779,0.497,0.3036,1214679632
12,12488782,0.1181,0.9278,1214679635
12,12488810,0.497,0.3036,1214679663
12,12488811,0.5316,0.2744,1214679664
12,12488813,0.7124,0.1473,1214679666
12,12488824,0.497,0.3036,1214679677
12,12488840,0.497,0.3036,1214679693
12,12488851,0.4938,0.3064,1214679704
12,12488852,0.1649,0.7828,1214679705
12,12489077,0.1208,0.9179,1214679930
12,12489079,0.497,0.3036,1214679932
12,12489082,0.497,0.3036,1214679935
12,12489091,0.6797,0.1677,1214679944
12,12489104,0.5346,0.272,1214679957
12,12489107,0.497,0.3036,1214679960
12,12489117,0.4972,0.3035,1214679970
12,12489120,1,-0,1214679973
12,12489130,0.497,0.3036,1214679983
12,12489138,0.4938,0.3064,1214679991
12,12489143,1,-0,1214679996
12,12489156,0.3674,0.4349,1214680009
12,12489159,1,-0,1214680012
12,12489165,0.3674,0.4349,1214680018
12,12489169,0.8301,0.0809,1214680022
12,12489185,0.497,0.3036,1214680038
12,12489188,0.4938,0.3064,1214680041
12,12489199,1,-0,1214680052
12,12489200,0.3642,0.4387,1214680053
12,12489204,0.497,0.3036,1214680057
12,12489207,1,-0,1214680060
12,12570775,0.2926,0.5337,1214761628
12,12570776,0.1512,0.8204,1214761629
12,12570787,1,-0,1214761640
12,12570827,1,-0,1214761680
12,12570832,1,-0,1214761685
12,12570855,0.6148,0.2113,1214761708
12,12570867,0.1135,0.945,1214761720
12,12570872,1,-0,1214761725
12,12570919,1,-0,1214761772
12,12570924,0.5422,0.2658,1214761777
12,12570993,0.4868,0.3126,1214761846
12,12570994,1,-0,1214761847
12,12571007,1,-0,1214761860
12,12571045,0.497,0.3036,1214761898
12,12571063,0.497,0.3036,1214761916
12,12571168,0.02546,1.5941,1214762021
12,12571195,1,-0,1214762048
12,12571198,0.113,0.9469,1214762051
12,12571209,1,-0,1214762062
12,12571225,0.113,0.9469,1214762078
12,12571230,0.4868,0.3126,1214762083
12,12571233,0.497,0.3036,1214762086
12,12571236,0.4868,0.3126,1214762089
12,12571238,1,-0,1214762091
12,12571244,1,-0,1214762097
12,12571250,0.4868,0.3126,1214762103
12,12571257,1,-0,1214762110
12,12571283,0.2207,0.6562,1214762136
12,12571293,1,-0,1214762146
12,12646755,0.4104,0.3868,1214837608
12,12646758,1,-0,1214837611
12,12646793,1,-0,1214837646
12,12646806,1,-0,1214837659
12,12646808,0.2423,0.6156,1214837661
12,12646832,0.2423,0.6156,1214837685
12,12646849,0.05721,1.2425,1214837702
12,12646864,0.2423,0.6156,1214837717
12,12646872,0.497,0.3036,1214837725
12,12647060,0.497,0.3036,1214837913
12,12647068,1,-0,1214837921
12,12647105,0.2423,0.6156,1214837958
12,12647118,0.497,0.3036,1214837971
12,12655036,1,-0,1214845889
12,12655038,1,-0,1214845891
12,12655060,0.4969,0.3037,1214845913
12,12655069,1,-0,1214845922
12,12655070,0.4969,0.3037,1214845923
12,12655088,1,-0,1214845941
12,12655126,1,-0,1214845979
12,12655127,1,-0,1214845980
12,12655142,0.0587,1.2314,1214845995
12,12655353,1,-0,1214846206
12,12655355,0.4969,0.3037,1214846208
12,12655377,1,-0,1214846230
12,12655400,1,-0,1214846253
12,12662277,0.2357,0.6276,1214853130
12,12662280,1,-0,1214853133
12,12662289,1,-0,1214853142
12,12662341,0.4338,0.3627,1214853194
12,12662379,0.2357,0.6276,1214853232
12,12662484,0.6985,0.1558,1214853337
12,12662487,0.8305,0.0807,1214853340
12,12662490,0.06022,1.2203,1214853343
12,12662493,0.2072,0.6836,1214853346
12,12662496,1,-0,1214853349
12,12662498,0.2293,0.6396,1214853351
12,12662499,0.4868,0.3126,1214853352
12,12662502,1,-0,1214853355
12,12662504,1,-0,1214853357
12,12662505,0.4737,0.3245,1214853358
12,12662507,0.07448,1.128,1214853360
12,12662508,0.6035,0.2193,1214853361
12,12662510,0.4737,0.3245,1214853363
12,12662514,0.4805,0.3183,1214853367
12,12662523,1,-0,1214853376
12,12662529,0.6082,0.216,1214853382
12,12662530,1,-0,1214853383
12,12662531,1,-0,1214853384
12,12662550,1,-0,1214853403
12,12662551,1,-0,1214853404
12,12662563,0.2293,0.6396,1214853416
12,12662564,0.3018,0.5203,1214853417
12,12662570,1,-0,1214853423
12,12662571,1,-0,1214853424
12,12662575,0.4971,0.3036,1214853428
12,12662605,1,-0,1214853458
12,12662608,0.4971,0.3036,1214853461
12,12662615,0.01402,1.8533,1214853468
12,12662619,1,-0,1214853472
12,12705106,1,-0,1214895959
12,12705143,1,-0,1214895996
12,12705174,0.4969,0.3037,1214896027
12,12705177,0.709,0.1494,1214896030
12,12705179,0.2454,0.6101,1214896032
12,12705183,0.7461,0.1272,1214896036
12,12705184,0.2454,0.6101,1214896037
12,12705192,0.0587,1.2314,1214896045
12,12705212,0.4969,0.3037,1214896065
12,12705213,1,-0,1214896066
12,12705221,0.7461,0.1272,1214896074
12,12705222,0.2454,0.6101,1214896075
12,12705230,0.4912,0.3087,1214896083
12,12705231,0.4912,0.3087,1214896084
12,12705371,0.4969,0.3037,1214896224
12,12705406,1,-0,1214896259
12,12705441,1,-0,1214896294
12,12705466,0.4969,0.3037,1214896319
12,12705467,1,-0,1214896320
12,12705483,0.2516,0.5993,1214896336
12,12705484,0.426,0.3706,1214896337
12,12705493,0.4969,0.3037,1214896346
12,12705494,1,-0,1214896347
12,12722141,1,-0,1214912994
12,12722148,0.4969,0.3037,1214913001
12,12722152,1,-0,1214913005
12,12722178,1,-0,1214913031
12,12722184,0.4969,0.3037,1214913037
12,12722186,1,-0,1214913039
12,12722189,1,-0,1214913042
12,12722192,0.2454,0.6101,1214913045
12,12722213,1,-0,1214913066
12,12722215,0.2454,0.6101,1214913068
12,12722216,1,-0,1214913069
12,12722222,0.2534,0.5962,1214913075
12,12722223,1,-0,1214913076
12,12722233,1,-0,1214913086
12,12722236,0.8753,0.0578,1214913089
12,12722237,0.2458,0.6094,1214913090
12,12722240,1,-0,1214913093
12,12722409,0.5549,0.2558,1214913262
12,12722412,1,-0,1214913265
12,12722448,0.1167,0.9329,1214913301
12,12722460,1,-0,1214913313
12,12722462,0.4969,0.3037,1214913315
12,12722469,0.4969,0.3037,1214913322
12,12722484,1,-0,1214913337
12,12722486,1,-0,1214913339
12,12722495,1,-0,1214913348
12,12722497,0.424,0.3726,1214913350
12,12722500,0.4426,0.354,1214913353
12,12722509,0.424,0.3726,1214913362
12,12722526,1,-0,1214913379
12,12722527,0.2421,0.616,1214913380
12,12722532,1,-0,1214913385
12,12722536,1,-0,1214913389
12,12757627,1,-0,1214948480
12,12757636,0.618,0.209,1214948489
12,12757648,1,-0,1214948501
12,12757655,1,-0,1214948508
12,12757663,1,-0,1214948516
12,12757684,0.2423,0.6156,1214948537
12,12757697,1,-0,1214948550
12,12757842,0.5193,0.2846,1214948695
12,12757867,1,-0,1214948720
12,12757874,0.5319,0.2742,1214948727
12,12757911,1,-0,1214948764
12,12757912,1,-0,1214948765
12,12757921,0.5193,0.2846,1214948774
12,12757947,0.2423,0.6156,1214948800
12,12757949,0.8685,0.0612,1214948802
12,12757972,0.1487,0.8277,1214948825
12,12757997,1,-0,1214948850
12,12757998,0.2315,0.6354,1214948851
12,12758025,1,-0,1214948878
12,12758037,0.4281,0.3685,1214948890
12,12758050,1,-0,1214948903
12,12758053,1,-0,1214948906
12,12758074,1,-0,1214948927
12,12758082,1,-0,1214948935
12,12758279,0.2395,0.6207,1214949132
12,12758301,1,-0,1214949154
12,12758352,1,-0,1214949205
12,12758365,1,-0,1214949218
12,12758374,0.6838,0.1651,1214949227
12,12758407,1,-0,1214949260
12,12758410,0.2168,0.6639,1214949263
12,12758420,0.2168,0.6639,1214949273
12,12758421,1,-0,1214949274
12,12758442,0.6637,0.178,1214949295
12,12758448,0.4677,0.33,1214949301
12,12863313,0.682,0.1662,1215054166
12,12863322,0.7816,0.107,1215054175
12,12863332,0.2011,0.6966,1215054185
12,12863336,0.2011,0.6966,1215054189
12,12863362,1,-0,1215054215
12,12863375,0.4971,0.3036,1215054228
12,12863399,1,-0,1215054252
12,12863426,0.4971,0.3036,1215054279
12,12863431,0.3189,0.4963,1215054284
12,12863433,0.4971,0.3036,1215054286
12,12863557,0.5425,0.2656,1215054410
12,12863572,1,-0,1215054425
12,12863606,0.7613,0.1184,1215054459
12,12863610,0.613,0.2125,1215054463
12,12863611,0.4971,0.3036,1215054464
12,12863615,0.613,0.2125,1215054468
12,12863619,0.2357,0.6276,1215054472
12,12863650,0.682,0.1662,1215054503
12,12863673,0.682,0.1662,1215054526
12,12863676,0.5823,0.2349,1215054529
12,12863686,1,-0,1215054539
12,12863691,1,-0,1215054544
12,12863718,1,-0,1215054571
12,12863725,1,-0,1215054578
12,12863726,1,-0,1215054579
12,12863841,1,-0,1215054694
12,12863842,0.008333,2.0792,1215054695
12,12863881,1,-0,1215054734
12,12863888,1,-0,1215054741
12,12863898,0.01961,1.7075,1215054751
12,12863930,1,-0,1215054783
12,12897777,1,-0,1215088630
12,12897780,0.4,0.3979,1215088633
12,12897792,0.4969,0.3037,1215088645
12,12897804,0.2768,0.5578,1215088657
12,12897826,0.4969,0.3037,1215088679
12,12897878,0.1169,0.9322,1215088731
12,12897896,0.4969,0.3037,1215088749
12,12897897,0.4969,0.3037,1215088750
12,12897901,1,-0,1215088754
12,12897910,1,-0,1215088763
12,12898086,1,-0,1215088939
12,12898094,0.1204,0.9194,1215088947
12,12898105,0.1204,0.9194,1215088958
12,12898107,0.01757,1.7552,1215088960
12,12898117,1,-0,1215088970
12,12898119,0.8193,0.0866,1215088972
12,12898144,0.8193,0.0866,1215088997
12,12898145,0.8193,0.0866,1215088998
12,12898157,0.03186,1.4968,1215089010
12,12898159,0.1204,0.9194,1215089012
12,12898161,0.2768,0.5578,1215089014
12,12898167,1,-0,1215089020
12,12898168,0.6743,0.1711,1215089021
12,12898181,1,-0,1215089034
12,12898184,0.4969,0.3037,1215089037
12,12898198,0.4969,0.3037,1215089051
12,12898206,0.4969,0.3037,1215089059
12,12967215,0.6536,0.1847,1215158068
12,12967231,0.4969,0.3037,1215158084
12,12967258,0.4969,0.3037,1215158111
12,12967263,1,-0,1215158116
12,12967417,1,-0,1215158270
12,12967419,0.3502,0.4557,1215158272
12,12967454,0.7461,0.1272,1215158307
12,12967469,0.4969,0.3037,1215158322
12,12967477,0.4969,0.3037,1215158330
12,12967490,1,-0,1215158343
12,12967491,1,-0,1215158344
12,12967496,1,-0,1215158349
12,12988911,1,-0,1215179764
12,12988952,1,-0,1215179805
12,12988956,0.4969,0.3037,1215179809
12,12988965,1,-0,1215179818
12,12988971,0.3693,0.4326,1215179824
12,12988981,0.4969,0.3037,1215179834
12,12988982,1,-0,1215179835
12,12988983,1,-0,1215179836
12,12988997,1,-0,1215179850
12,12989002,1,-0,1215179855
12,12989020,1,-0,1215179873
12,12989036,1,-0,1215179889
12,12989197,1,-0,1215180050
12,12989205,1,-0,1215180058
12,12989214,0.4969,0.3037,1215180067
12,12989230,1,-0,1215180083
12,12989235,0.4969,0.3037,1215180088
12,12989251,1,-0,1215180104
12,12989256,1,-0,1215180109
12,12989265,0.4969,0.3037,1215180118
12,12989276,1,-0,1215180129
12,12989278,0.8758,0.0576,1215180131
12,12989279,1,-0,1215180132
12,12989298,0.4969,0.3037,1215180151
12,12989313,0.4969,0.3037,1215180166
12,13017178,1,-0,1215208031
12,13017181,0.497,0.3036,1215208034
12,13017194,0.142,0.8477,1215208047
12,13017210,1,-0,1215208063
12,13017218,1,-0,1215208071
12,13017226,1,-0,1215208079
12,13017249,1,-0,1215208102
12,13017251,1,-0,1215208104
12,13017257,1,-0,1215208110
12,13017288,0.7179,0.1439,1215208141
12,13017502,1,-0,1215208355
12,13017503,0.6133,0.2123,1215208356
12,13017505,1,-0,1215208358
12,13017550,1,-0,1215208403
12,13017553,0.1685,0.7734,1215208406
12,13017572,1,-0,1215208425
12,13017582,0.4972,0.3035,1215208435
12,13017593,1,-0,1215208446
12,13017605,1,-0,1215208458
12,13017619,0.2908,0.5364,1215208472
12,13017620,0.2885,0.5399,1215208473
12,13102323,0.3333,0.4772,1215293176
12,13102333,0.3333,0.4772,1215293186
12,13102334,0.3333,0.4772,1215293187
12,13102349,0.3333,0.4772,1215293202
12,13102350,0.3333,0.4772,1215293203
12,13102353,0.3333,0.4772,1215293206
12,13102412,0.4468,0.3499,1215293265
12,13102417,1,-0,1215293270
12,13102429,0.2829,0.5484,1215293282
12,13102430,0.6685,0.1749,1215293283
12,13102431,0.4468,0.3499,1215293284
12,13102434,1,-0,1215293287
12,13102435,0.4744,0.3239,1215293288
12,13102441,1,-0,1215293294
12,13102448,1,-0,1215293301
12,13102452,0.3332,0.4773,1215293305
12,13102454,1,-0,1215293307
12,13102476,1,-0,1215293329
12,13102477,1,-0,1215293330
12,13102487,0.4967,0.3039,1215293340
12,13102502,0.4744,0.3239,1215293355
12,13102532,0.4468,0.3499,1215293385
12,13102539,1,-0,1215293392
12,13102540,1,-0,1215293393
12,13102683,0.4744,0.3239,1215293536
12,13102684,0.2471,0.6071,1215293537
12,13102686,1,-0,1215293539
12,13102692,0.2815,0.5505,1215293545
12,13102697,1,-0,1215293550
12,13102709,1,-0,1215293562
12,13102716,1,-0,1215293569
12,13102720,0.7224,0.1412,1215293573
12,13102722,0.4744,0.3239,1215293575
12,13102734,0.5929,0.227,1215293587
12,13102735,1,-0,1215293588
12,13102743,1,-0,1215293596
12,13102747,0.4468,0.3499,1215293600
12,13102748,0.4744,0.3239,1215293601
12,13102753,0.5652,0.2478,1215293606
12,13102768,0.2234,0.6509,1215293621
12,13102772,1,-0,1215293625
12,13102801,0.4112,0.3859,1215293654
12,13102806,0.4744,0.3239,1215293659
12,13102807,0.568,0.2457,1215293660
12,13102820,1,-0,1215293673
12,13102881,0.2307,0.637,1215293734
12,13102914,1,-0,1215293767
12,13102926,1,-0,1215293779
12,13102950,0.284,0.5467,1215293803
12,13102960,1,-0,1215293813
12,13102971,1,-0,1215293824
12,13102977,1,-0,1215293830
12,13103016,1,-0,1215293869
12,13103050,0.7328,0.135,1215293903
12,13103056,1,-0,1215293909
12,13111661,1,-0,1215302514
12,13111667,0.2526,0.5976,1215302520
12,13111709,1,-0,1215302562
12,13111710,1,-0,1215302563
12,13111745,1,-0,1215302598
12,13111783,0.4969,0.3037,1215302636
12,13111921,0.5649,0.248,1215302774
12,13111922,1,-0,1215302775
12,13111946,1,-0,1215302799
12,13111963,0.5549,0.2558,1215302816
12,13111972,1,-0,1215302825
12,13111973,1,-0,1215302826
12,13111980,1,-0,1215302833
12,13112014,1,-0,1215302867
12,13112047,1,-0,1215302900
12,13182187,0.4766,0.3218,1215373040
12,13182191,1,-0,1215373044
12,13182193,1,-0,1215373046
12,13182196,0.2357,0.6276,1215373049
12,13182198,0.2011,0.6966,1215373051
12,13182199,1,-0,1215373052
12,13182203,0.05405,1.2672,1215373056
12,13182208,0.4338,0.3627,1215373061
12,13182218,1,-0,1215373071
12,13182227,1,-0,1215373080
12,13182271,0.1893,0.7228,1215373124
12,13182281,0.02294,1.6394,1215373134
12,13182493,0.4971,0.3036,1215373346
12,13182538,0.7143,0.1461,1215373391
12,13182544,1,-0,1215373397
12,13182547,0.4971,0.3036,1215373400
12,13182548,1,-0,1215373401
12,13182549,0.6156,0.2107,1215373402
12,13182552,0.2357,0.6276,1215373405
12,13182558,1,-0,1215373411
12,13182565,0.7895,0.1026,1215373418
12,13182570,1,-0,1215373423
12,13182575,0.4971,0.3036,1215373428
12,13182577,0.4971,0.3036,1215373430
12,13182584,0.2775,0.5567,1215373437
12,13182586,0.682,0.1662,1215373439
12,13182602,1,-0,1215373455
12,13182603,0.4971,0.3036,1215373456
12,13182604,1,-0,1215373457
12,13182605,0.4971,0.3036,1215373458
12,13182619,0.2357,0.6276,1215373472
12,13182647,0.5966,0.2243,1215373500
12,13182650,0.6857,0.1639,1215373503
12,13182657,1,-0,1215373510
12,13182669,0.5736,0.2414,1215373522
12,13182671,0.5966,0.2243,1215373524
12,13182680,1,-0,1215373533
12,13182692,0.04948,1.3056,1215373545
12,13182702,1,-0,1215373555
12,13182734,0.6163,0.2102,1215373587
12,13182735,0.1629,0.7881,1215373588
12,13182755,1,-0,1215373608
12,13182820,1,-0,1215373673
12,13182821,0.1774,0.751,1215373674
12,13182886,0.5958,0.2249,1215373739
12,13182904,0.206,0.6861,1215373757
12,13182909,0.206,0.6861,1215373762
12,13182910,0.206,0.6861,1215373763
12,13182920,1,-0,1215373773
12,13182937,1,-0,1215373790
12,13244026,1,-0,1215434879
12,13244052,0.02948,1.5305,1215434905
12,13244058,1,-0,1215434911
12,13244062,0.604,0.219,1215434915
12,13244066,0.1222,0.9129,1215434919
12,13244072,0.04847,1.3145,1215434925
12,13244073,0.4981,0.3027,1215434926
12,13244076,1,-0,1215434929
12,13244084,0.4981,0.3027,1215434937
12,13244086,1,-0,1215434939
12,13244099,0.2471,0.6071,1215434952
12,13244102,0.4744,0.3239,1215434955
12,13244133,1,-0,1215434986
12,13244155,1,-0,1215435008
12,13244274,0.2234,0.6509,1215435127
12,13244278,1,-0,1215435131
12,13244281,0.04847,1.3145,1215435134
12,13244283,0.1222,0.9129,1215435136
12,13244286,1,-0,1215435139
12,13244289,0.604,0.219,1215435142
12,13244291,0.604,0.219,1215435144
12,13244292,1,-0,1215435145
12,13244297,0.04847,1.3145,1215435150
12,13244309,1,-0,1215435162
12,13244317,1,-0,1215435170
12,13244318,0.05811,1.2357,1215435171
12,13244319,0.09673,1.0144,1215435172
12,13244320,0.435,0.3615,1215435173
12,13244321,0.4276,0.369,1215435174
12,13244329,0.2287,0.6407,1215435182
12,13244341,0.6078,0.2162,1215435194
12,13244346,1,-0,1215435199
12,13244347,1,-0,1215435200
12,13244348,0.2287,0.6407,1215435201
12,13244350,0.2287,0.6407,1215435203
12,13244352,0.2462,0.6087,1215435205
12,13244353,0.7827,0.1064,1215435206
12,13244360,0.3725,0.4289,1215435213
12,13244365,0.4974,0.3033,1215435218
12,13244369,1,-0,1215435222
12,13244370,0.05543,1.2563,1215435223
12,13244378,0.6826,0.1658,1215435231
12,13244379,0.2462,0.6087,1215435232
12,13244383,0.2287,0.6407,1215435236
12,13244390,0.537,0.27,1215435243
12,13244397,1,-0,1215435250
12,13244399,0.2462,0.6087,1215435252
12,13244401,0.5782,0.2379,1215435254
12,13291415,0.7461,0.1272,1215482268
12,13291431,0.4969,0.3037,1215482284
12,13291646,1,-0,1215482499
12,13291653,0.7811,0.1073,1215482506
12,13291666,0.2423,0.6156,1215482519
12,13291671,1,-0,1215482524
12,13291689,0.3673,0.435,1215482542
12,13291690,0.3293,0.4824,1215482543
12,13291702,1,-0,1215482555
12,13291718,1,-0,1215482571
12,13291725,1,-0,1215482578
12,13291745,1,-0,1215482598
12,13377109,1,-0,1215567962
12,13377110,1,-0,1215567963
12,13377118,0.618,0.209,1215567971
12,13377128,1,-0,1215567981
12,13377131,0.8313,0.0802,1215567984
12,13377143,1,-0,1215567996
12,13377157,0.618,0.209,1215568010
12,13377161,1,-0,1215568014
12,13377165,0.05721,1.2425,1215568018
12,13377176,1,-0,1215568029
12,13377183,0.2455,0.6099,1215568036
12,13377198,0.2423,0.6156,1215568051
12,13377206,1,-0,1215568059
12,13377207,1,-0,1215568060
12,13377209,0.481,0.3179,1215568062
12,13377210,1,-0,1215568063
12,13377415,0.2423,0.6156,1215568268
12,13377425,1,-0,1215568278
12,13377443,0.2423,0.6156,1215568296
12,13377454,0.497,0.3036,1215568307
12,13377472,0.6817,0.1664,1215568325
12,13408177,0.09091,1.0414,1215599030
12,13408186,0.473,0.3251,1215599039
12,13408205,1,-0,1215599058
12,13408217,0.6839,0.165,1215599070
12,13408227,0.7358,0.1332,1215599080
12,13408263,0.473,0.3251,1215599116
12,13408265,1,-0,1215599118
12,13408280,0.473,0.3251,1215599133
12,13408319,1,-0,1215599172
12,13408576,1,-0,1215599429
12,13408579,1,-0,1215599432
12,13408580,1,-0,1215599433
12,13408582,0.6734,0.1717,1215599435
12,13408584,0.6173,0.2095,1215599437
12,13408585,0.473,0.3251,1215599438
12,13408600,0.4401,0.3564,1215599453
12,13408614,0.2955,0.5294,1215599467
12,13408616,0.4981,0.3027,1215599469
12,13408660,0.222,0.6536,1215599513
12,13408696,0.222,0.6536,1215599549
12,13408711,0.7848,0.1052,1215599564
12,13408745,0.1401,0.8536,1215599598
12,13408753,0.01964,1.7069,1215599606
12,13408764,0.01964,1.7069,1215599617
12,13408784,0.2744,0.5616,1215599637
12,13408833,0.8073,0.093,1215599686
12,13408834,0.8073,0.093,1215599687
12,13408843,0.6383,0.195,1215599696
12,13408844,0.6383,0.195,1215599697
12,13408847,0.1401,0.8536,1215599700
12,13408903,0.7022,0.1535,1215599756
12,13408918,0.6371,0.1958,1215599771
12,13408974,0.00246,2.6091,1215599827
12,13409001,1,-0,1215599854
12,13409026,1,-0,1215599879
12,13424621,0.4969,0.3037,1215615474
12,13424646,1,-0,1215615499
12,13424850,1,-0,1215615703
12,13424894,1,-0,1215615747
12,13424929,0.4969,0.3037,1215615782
12,13424948,0.4969,0.3037,1215615801
12,13424951,1,-0,1215615804
12,13424965,1,-0,1215615818
12,13550685,1,-0,1215741538
12,13550686,0.4989,0.302,1215741539
12,13550688,0.01442,1.841,1215741541
12,13550690,0.2161,0.6653,1215741543
12,13550706,0.4183,0.3785,1215741559
12,13550731,0.2483,0.605,1215741584
12,13550753,0.4989,0.302,1215741606
12,13550759,0.1851,0.7326,1215741612
12,13550768,0.4989,0.302,1215741621
12,13550781,0.4667,0.331,1215741634
12,13550802,0.1851,0.7326,1215741655
12,13550941,1,-0,1215741794
12,13550947,0.008441,2.0736,1215741800
12,13550948,0.004781,2.3205,1215741801
12,13550969,0.2483,0.605,1215741822
12,13551003,0.2483,0.605,1215741856
12,13551011,0.5988,0.2227,1215741864
12,13551017,0.009171,2.0376,1215741870
12,13551026,0.7056,0.1514,1215741879
12,13551027,0.7512,0.1242,1215741880
12,13551034,0.004781,2.3205,1215741887
12,13551045,1,-0,1215741898
12,13551072,0.2168,0.6639,1215741925
12,13673214,1,-0,1215864067
12,13673258,1,-0,1215864111
12,13673277,1,-0,1215864130
12,13673296,1,-0,1215864149
12,13673330,1,-0,1215864183
12,13673332,1,-0,1215864185
12,13673346,0.618,0.209,1215864199
12,13673367,1,-0,1215864220
12,13673368,1,-0,1215864221
12,13673378,1,-0,1215864231
12,13673389,1,-0,1215864242
12,13673400,0.05875,1.231,1215864253
12,13673424,0.497,0.3036,1215864277
12,13673598,0.497,0.3036,1215864451
12,13673609,1,-0,1215864462
12,13673618,0.443,0.3536,1215864471
12,13673621,0.1205,0.919,1215864474
12,13673647,1,-0,1215864500
12,13673660,0.6817,0.1664,1215864513
12,13673678,0.1205,0.919,1215864531
12,13673680,0.7643,0.1167,1215864533
12,13673691,0.7643,0.1167,1215864544
12,13673710,0.1649,0.7828,1215864563
12,13673724,1,-0,1215864577
12,13694083,1,-0,1215884936
12,13694091,0.1034,0.9855,1215884944
12,13694092,0.1212,0.9165,1215884945
12,13694093,0.02631,1.5799,1215884946
12,13694094,0.5215,0.2827,1215884947
12,13694099,0.4965,0.3041,1215884952
12,13694100,1,-0,1215884953
12,13694101,0.493,0.3072,1215884954
12,13694102,0.4255,0.3711,1215884955
12,13694103,0.2898,0.5379,1215884956
12,13694104,1,-0,1215884957
12,13694111,0.2769,0.5577,1215884964
12,13694112,0.48,0.3188,1215884965
12,13694113,0.5215,0.2827,1215884966
12,13694123,0.4974,0.3033,1215884976
12,13694124,0.2287,0.6407,1215884977
12,13694126,0.01093,1.9614,1215884979
12,13694131,0.02365,1.6262,1215884984
12,13694132,0.4974,0.3033,1215884985
12,13694146,1,-0,1215884999
12,13694158,1,-0,1215885011
12,13694163,0.48,0.3188,1215885016
12,13694175,0.4974,0.3033,1215885028
12,13694188,1,-0,1215885041
12,13694192,0.48,0.3188,1215885045
12,13694200,0.4865,0.3129,1215885053
12,13694205,1,-0,1215885058
12,13694210,1,-0,1215885063
12,13694213,0.4974,0.3033,1215885066
12,13694426,0.1082,0.9658,1215885279
12,13694428,1,-0,1215885281
12,13694434,0.2287,0.6407,1215885287
12,13694453,0.4974,0.3033,1215885306
12,13694456,0.6713,0.1731,1215885309
12,13694466,0.05078,1.2943,1215885319
12,13694471,0.1082,0.9658,1215885324
12,13694473,0.4974,0.3033,1215885326
12,13694480,0.48,0.3188,1215885333
12,13694484,0.2132,0.6712,1215885337
12,13694498,0.48,0.3188,1215885351
12,13694524,0.6826,0.1658,1215885377
12,13694539,0.7406,0.1304,1215885392
12,13694543,0.8164,0.0881,1215885396
12,13694545,1,-0,1215885398
12,13694547,1,-0,1215885400
12,13714375,1,-0,1215905228
12,13714376,0.7067,0.1508,1215905229
12,13714377,0.0234,1.6308,1215905230
12,13714378,0.8044,0.0945,1215905231
12,13714380,0.7477,0.1263,1215905233
12,13714388,0.6133,0.2123,1215905241
12,13714396,1,-0,1215905249
12,13714407,0.4972,0.3035,1215905260
12,13714412,0.2361,0.6269,1215905265
12,13714414,1,-0,1215905267
12,13714421,0.2458,0.6094,1215905274
12,13714429,0.2298,0.6386,1215905282
12,13714436,1,-0,1215905289
12,13714438,1,-0,1215905291
12,13714442,0.4875,0.312,1215905295
12,13714444,0.4875,0.312,1215905297
12,13714457,1,-0,1215905310
12,13714463,1,-0,1215905316
12,13714470,1,-0,1215905323
12,13714886,1,-0,1215905739
12,13714888,1,-0,1215905741
12,13714900,1,-0,1215905753
12,13714914,0.4972,0.3035,1215905767
12,13714915,0.1291,0.8891,1215905768
12,13714951,0.4975,0.3032,1215905804
12,13714957,1,-0,1215905810
12,13714962,1,-0,1215905815
12,13714967,0.4972,0.3035,1215905820
12,13714974,1,-0,1215905827
12,13714978,0.4972,0.3035,1215905831
12,13714993,0.05899,1.2292,1215905846
12,13715000,0.2458,0.6094,1215905853
12,13715004,1,-0,1215905857
12,13715009,1,-0,1215905862
12,13787111,0.2361,0.6269,1215977964
12,13787116,0.2361,0.6269,1215977969
12,13787150,0.6133,0.2123,1215978003
12,13787160,0.2458,0.6094,1215978013
12,13787163,0.2361,0.6269,1215978016
12,13787169,0.2361,0.6269,1215978022
12,13787182,0.8204,0.086,1215978035
12,13787186,0.2458,0.6094,1215978039
12,13787193,0.2361,0.6269,1215978046
12,13787197,0.3819,0.4181,1215978050
12,13787200,0.7146,0.1459,1215978053
12,13787201,1,-0,1215978054
12,13787205,0.2146,0.6684,1215978058
12,13787211,0.6133,0.2123,1215978064
12,13787221,0.5374,0.2697,1215978074
12,13787232,1,-0,1215978085
12,13787471,0.2434,0.6137,1215978324
12,13787477,1,-0,1215978330
12,13787493,1,-0,1215978346
12,13787501,1,-0,1215978354
12,13787510,0.2361,0.6269,1215978363
12,13787537,0.2387,0.6221,1215978390
12,13787538,0.4972,0.3035,1215978391
12,13787552,0.4972,0.3035,1215978405
12,13787556,0.02864,1.543,1215978409
12,13787559,1,-0,1215978412
12,13787568,0.4437,0.3529,1215978421
12,13787582,0.2361,0.6269,1215978435
12,13787586,0.6133,0.2123,1215978439
12,13787587,1,-0,1215978440
12,13787589,1,-0,1215978442
12,13787595,1,-0,1215978448
12,13787641,1,-0,1215978494
12,13787659,1,-0,1215978512
12,13787664,0.5392,0.2683,1215978517
12,13787667,1,-0,1215978520
12,13787685,1,-0,1215978538
12,13787710,1,-0,1215978563
12,13787738,0.5392,0.2683,1215978591
12,13787742,0.8151,0.0888,1215978595
12,13787791,1,-0,1215978644
12,13787803,1,-0,1215978656
12,13787819,0.1764,0.7535,1215978672
12,13971924,0.15,0.8239,1216162777
12,13971925,1,-0,1216162778
12,13971927,0.5548,0.2559,1216162780
12,13971983,0.5209,0.2832,1216162836
12,13971986,1,-0,1216162839
12,13971999,1,-0,1216162852
12,13972031,0.01532,1.8147,1216162884
12,13972057,0.1209,0.9176,1216162910
12,13972066,1,-0,1216162919
12,13972073,0.6298,0.2008,1216162926
12,13972077,0.1397,0.8548,1216162930
12,13972094,0.5209,0.2832,1216162947
12,13972108,1,-0,1216162961
12,13972140,0.4565,0.3406,1216162993
12,13972143,0.4975,0.3032,1216162996
12,13972144,0.2462,0.6087,1216162997
12,13972146,0.2462,0.6087,1216162999
12,13972152,1,-0,1216163005
12,13972153,0.2293,0.6396,1216163006
12,13972167,0.6083,0.2159,1216163020
12,13972168,0.2462,0.6087,1216163021
12,13972175,0.7476,0.1263,1216163028
12,13972203,0.4283,0.3683,1216163056
12,13972208,0.4975,0.3032,1216163061
12,13972216,1,-0,1216163069
12,13972226,1,-0,1216163079
12,13972229,0.5222,0.2822,1216163082
12,13972513,1,-0,1216163366
12,13972562,1,-0,1216163415
12,13972585,0.4981,0.3027,1216163438
12,13972610,0.8721,0.0594,1216163463
12,13972614,1,-0,1216163467
12,13972636,0.2227,0.6523,1216163489
12,13972637,0.2227,0.6523,1216163490
12,13972640,0.1723,0.7637,1216163493
12,14062064,1,-0,1216252917
12,14062078,1,-0,1216252931
12,14062097,0.2455,0.6099,1216252950
12,14062121,1,-0,1216252974
12,14062125,0.2455,0.6099,1216252978
12,14062129,0.618,0.209,1216252982
12,14062132,0.618,0.209,1216252985
12,14062153,0.2423,0.6156,1216253006
12,14062164,0.618,0.209,1216253017
12,14062177,1,-0,1216253030
12,14062434,1,-0,1216253287
12,14062443,0.2423,0.6156,1216253296
12,14062450,0.2423,0.6156,1216253303
12,14062520,0.2423,0.6156,1216253373
12,14062530,1,-0,1216253383
12,14062531,0.2455,0.6099,1216253384
12,14062535,1,-0,1216253388
12,14320175,1,-0,1216511028
12,14320180,0.2038,0.6908,1216511033
12,14320190,0.0402,1.3958,1216511043
12,14320204,0.009474,2.0235,1216511057
12,14320205,0.0402,1.3958,1216511058
12,14320230,0.1265,0.8979,1216511083
12,14320246,0.1899,0.7215,1216511099
12,14320247,1,-0,1216511100
12,14320251,1,-0,1216511104
12,14320252,0.5179,0.2858,1216511105
12,14320259,0.5025,0.2989,1216511112
12,14320274,1,-0,1216511127
12,14320277,0.8501,0.0705,1216511130
12,14320278,0.2038,0.6908,1216511131
12,14320302,1,-0,1216511155
12,14320305,0.4533,0.3436,1216511158
12,14320399,0.8222,0.085,1216511252
12,14320432,1,-0,1216511285
12,14320433,0.2038,0.6908,1216511286
12,14320450,1,-0,1216511303
12,14320466,0.4109,0.3863,1216511319
12,14320478,0.2038,0.6908,1216511331
12,14425440,1,-0,1216616293
12,14425500,1,-0,1216616353
12,14425640,1,-0,1216616493
12,14425645,0.4888,0.3109,1216616498
12,14425654,0.2357,0.6276,1216616507
12,14517479,0.5345,0.2721,1216708332
12,14517492,1,-0,1216708345
12,14517498,0.1672,0.7768,1216708351
12,14517504,0.4969,0.3037,1216708357
12,14517540,0.3693,0.4326,1216708393
12,14517551,1,-0,1216708404
12,14517576,0.4969,0.3037,1216708429
12,14517678,0.1204,0.9194,1216708531
12,14517687,1,-0,1216708540
12,14517692,0.4969,0.3037,1216708545
12,14517704,0.6411,0.1931,1216708557
12,14517716,0.1204,0.9194,1216708569
12,14517733,0.4969,0.3037,1216708586
12,14517763,0.1204,0.9194,1216708616
12,14517766,0.2768,0.5578,1216708619
12,14517778,1,-0,1216708631
12,14517779,0.4969,0.3037,1216708632
12,14517783,1,-0,1216708636
12,14517799,1,-0,1216708652
12,14517842,0.1261,0.8993,1216708695
12,14517928,0.1261,0.8993,1216708781
12,14517936,0.2513,0.5998,1216708789
12,14517951,0.08038,1.0949,1216708804
12,14517955,0.4221,0.3746,1216708808
12,14517984,1,-0,1216708837
12,14517986,0.1261,0.8993,1216708839
12,14517990,1,-0,1216708843
12,14518044,1,-0,1216708897
12,14624741,1,-0,1216815594
12,14624748,0.4968,0.3038,1216815601
12,14624750,0.09804,1.0086,1216815603
12,14624751,0.7203,0.1425,1216815604
12,14624756,0.4968,0.3038,1216815609
12,14624761,1,-0,1216815614
12,14624785,0.02828,1.5485,1216815638
12,14624810,1,-0,1216815663
12,14624820,1,-0,1216815673
12,14624833,1,-0,1216815686
12,14624856,0.8465,0.0724,1216815709
12,14624857,0.4968,0.3038,1216815710
12,14625140,1,-0,1216815993
12,14625172,1,-0,1216816025
12,14625174,1,-0,1216816027
12,14625175,1,-0,1216816028
12,14625186,1,-0,1216816039
12,14625201,1,-0,1216816054
12,14625204,0.04792,1.3195,1216816057
12,14625207,1,-0,1216816060
12,14625218,1,-0,1216816071
12,14625222,1,-0,1216816075
12,14625229,0.4968,0.3038,1216816082
12,14625233,1,-0,1216816086
12,14625234,0.4968,0.3038,1216816087
12,14625239,0.4968,0.3038,1216816092
12,14625258,0.6813,0.1667,1216816111
12,14625266,0.6813,0.1667,1216816119
12,14625267,0.6254,0.2038,1216816120
12,14625270,0.4968,0.3038,1216816123
12,14625271,0.05851,1.2328,1216816124
12,14756892,0.2234,0.6509,1216947745
12,14756922,0.2306,0.6371,1216947775
12,14756927,0.01513,1.8202,1216947780
12,14756928,1,-0,1216947781
12,14756943,1,-0,1216947796
12,14756945,1,-0,1216947798
12,14756947,0.7087,0.1495,1216947800
12,14756948,0.06364,1.1963,1216947801
12,14756949,1,-0,1216947802
12,14756952,1,-0,1216947805
12,14756955,0.3877,0.4115,1216947808
12,14756970,0.5232,0.2813,1216947823
12,14756972,1,-0,1216947825
12,14756974,0.7087,0.1495,1216947827
12,14756989,0.2234,0.6509,1216947842
12,14756994,0.7087,0.1495,1216947847
12,14756995,0.2548,0.5938,1216947848
12,14756996,0.5756,0.2399,1216947849
12,14756997,0.2815,0.5505,1216947850
12,14756998,1,-0,1216947851
12,14757003,0.2234,0.6509,1216947856
12,14757164,0.2306,0.6371,1216948017
12,14757169,1,-0,1216948022
12,14757171,0.604,0.219,1216948024
12,14757182,0.7087,0.1495,1216948035
12,14757185,0.2021,0.6944,1216948038
12,14757203,1,-0,1216948056
12,14757210,1,-0,1216948063
12,14757218,0.7087,0.1495,1216948071
12,14757259,1,-0,1216948112
12,14757261,0.7061,0.1511,1216948114
12,14757263,0.1722,0.764,1216948116
12,14757271,0.2021,0.6944,1216948124
12,14757281,1,-0,1216948134
12,14757284,0.604,0.219,1216948137
12,14757289,0.8711,0.0599,1216948142
12,14757298,1,-0,1216948151
12,14758738,0.5498,0.2598,1216949591
12,14758741,1,-0,1216949594
12,14758749,1,-0,1216949602
12,14758765,0.5762,0.2394,1216949618
12,14758784,0.1949,0.7102,1216949637
12,14758792,0.255,0.5935,1216949645
12,14758798,0.1069,0.971,1216949651
12,14758826,1,-0,1216949679
12,14758835,0.5472,0.2619,1216949688
12,14758853,0.5808,0.236,1216949706
12,14758900,0.09935,1.0028,1216949753
12,14758914,1,-0,1216949767
12,14758986,0.08091,1.092,1216949839
12,14759054,0.4434,0.3532,1216949907
12,14759085,1,-0,1216949938
12,14759098,0.3774,0.4232,1216949951
12,14759108,1,-0,1216949961
12,14759178,0.5106,0.2919,1216950031
12,14759187,0.3102,0.5084,1216950040
12,14759194,0.3102,0.5084,1216950047
12,14759200,1,-0,1216950053
12,14759209,0.1815,0.7411,1216950062
12,14759215,1,-0,1216950068
12,14759225,1,-0,1216950078
12,14759239,0.3131,0.5043,1216950092
12,14759250,0.1902,0.7208,1216950103
12,14759257,0.08858,1.0527,1216950110
12,14759281,0.5476,0.2615,1216950134
12,14759305,0.7175,0.1442,1216950158
12,14759313,0.7637,0.1171,1216950166
12,14759317,0.4968,0.3038,1216950170
12,14759327,0.7175,0.1442,1216950180
12,14759338,0.2419,0.6164,1216950191
12,14759339,1,-0,1216950192
12,14759341,0.2419,0.6164,1216950194
12,14759359,0.2066,0.6849,1216950212
12,14759369,1,-0,1216950222
12,14759388,0.2419,0.6164,1216950241
12,14759392,1,-0,1216950245
12,14759396,1,-0,1216950249
12,14759413,1,-0,1216950266
12,14759421,0.4288,0.3677,1216950274
12,14759627,1,-0,1216950480
12,14759630,0.4967,0.3039,1216950483
12,14759631,1,-0,1216950484
12,14759633,0.4967,0.3039,1216950486
12,14759641,1,-0,1216950494
12,14759643,0.4944,0.3059,1216950496
12,14759649,1,-0,1216950502
12,14759650,0.4967,0.3039,1216950503
12,14759651,0.427,0.3696,1216950504
12,14759660,0.4933,0.3069,1216950513
12,14759665,0.4964,0.3042,1216950518
12,14759675,1,-0,1216950528
12,14759682,1,-0,1216950535
12,14759738,1,-0,1216950591
12,14759739,0.4286,0.3679,1216950592
12,14759741,0.4286,0.3679,1216950594
12,14802821,0.2357,0.6276,1216993674
12,14802851,0.2357,0.6276,1216993704
12,14802860,0.4971,0.3036,1216993713
12,14802866,1,-0,1216993719
12,14802887,1,-0,1216993740
12,14802892,0.2357,0.6276,1216993745
12,14802908,0.613,0.2125,1216993761
12,14803096,0.2357,0.6276,1216993949
12,14803097,1,-0,1216993950
12,14803113,1,-0,1216993966
12,14803124,0.3938,0.4047,1216993977
12,14803150,0.4705,0.3274,1216994003
12,14803166,0.2357,0.6276,1216994019
12,14803169,1,-0,1216994022
12,14803183,0.6279,0.2021,1216994036
12,14820426,0.6087,0.21560000000000001,1217011279
12,14820436,0.6087,0.21560000000000001,1217011289
12,14820509,0.2298,0.6386,1217011362
12,14820705,0.2298,0.6386,1217011558
12,14820711,0.6828,0.1657,1217011564
12,14820712,1,-0,1217011565
12,14820720,1,-0,1217011573
12,14820782,0.4289,0.3676,1217011635
12,14820794,0.2298,0.6386,1217011647
12,14820805,1,-0,1217011658
12,14827087,1,-0,1217017940
12,14827124,0.6817,0.1664,1217017977
12,14827150,0.6817,0.1664,1217018003
12,14827173,1,-0,1217018026
12,14827180,1,-0,1217018033
12,14827189,0.6821,0.1662,1217018042
12,14827365,0.8705,0.0602,1217018218
12,14827381,1,-0,1217018234
12,14827393,1,-0,1217018246
12,14827398,1,-0,1217018251
12,14827405,0.2423,0.6156,1217018258
12,14827418,1,-0,1217018271
12,14827426,1,-0,1217018279
12,14827431,0.497,0.3036,1217018284
12,14827458,0.3695,0.4324,1217018311
12,14827460,1,-0,1217018313
12,14827479,0.2423,0.6156,1217018332
12,14827480,1,-0,1217018333
12,14855265,0.4969,0.3037,1217046118
12,14855277,0.4969,0.3037,1217046130
12,14855278,1,-0,1217046131
12,14855281,0.4429,0.3537,1217046134
12,14855291,1,-0,1217046144
12,14855520,1,-0,1217046373
12,14855573,0.4969,0.3037,1217046426
12,14855587,1,-0,1217046440
12,14855599,1,-0,1217046452
12,14855622,1,-0,1217046475
12,14855629,0.2454,0.6101,1217046482
12,14855637,0.8035,0.095,1217046490
12,14866780,0.4972,0.3035,1217057633
12,14866784,0.4972,0.3035,1217057637
12,14866898,0.3195,0.4955,1217057751
12,14866905,0.2361,0.6269,1217057758
12,14867152,1,-0,1217058005
12,14867164,1,-0,1217058017
12,14867167,0.4966,0.304,1217058020
12,14867169,1,-0,1217058022
12,14867179,0.4966,0.304,1217058032
12,14867203,0.4966,0.304,1217058056
12,14867207,0.5328,0.2734,1217058060
12,14867246,0.1584,0.8002,1217058099
12,15014017,0.1986,0.702,1217204870
12,15014021,1,-0,1217204874
12,15014028,1,-0,1217204881
12,15014049,0.2072,0.6836,1217204902
12,15014056,0.09323,1.0304,1217204909
12,15014057,1,-0,1217204910
12,15014078,1,-0,1217204931
12,15014082,1,-0,1217204935
12,15014084,0.5319,0.2742,1217204937
12,15014089,0.1351,0.8693,1217204942
12,15014098,0.2455,0.6099,1217204951
12,15014105,0.2423,0.6156,1217204958
12,15014107,0.618,0.209,1217204960
12,15014109,0.08107,1.0911,1217204962
12,15014131,0.2856,0.5442,1217204984
12,15014142,1,-0,1217204995
12,15014143,1,-0,1217204996
12,15014345,1,-0,1217205198
12,15014352,0.497,0.3036,1217205205
12,15014359,1,-0,1217205212
12,15014360,1,-0,1217205213
12,15014377,0.4399,0.3566,1217205230
12,15014386,0.2072,0.6836,1217205239
12,15014417,0.4309,0.3656,1217205270
12,15014433,0.4399,0.3566,1217205286
12,15014437,0.497,0.3036,1217205290
12,15014440,1,-0,1217205293
12,15014444,0.497,0.3036,1217205297
12,15014447,0.618,0.209,1217205300
12,15014450,0.2011,0.6966,1217205303
12,15014479,0.4856,0.3137,1217205332
12,15014480,0.1598,0.7964,1217205333
12,15014498,1,-0,1217205351
12,15014525,0.1274,0.8948,1217205378
12,15014527,0.4972,0.3035,1217205380
12,15014550,1,-0,1217205403
12,15014563,1,-0,1217205416
12,15014567,1,-0,1217205420
12,15014571,1,-0,1217205424
12,15014572,0.1716,0.7655,1217205425
12,15014577,0.5043,0.2973,1217205430
12,15014581,0.1837,0.7359,1217205434
12,15014609,0.7565,0.1212,1217205462
12,15014610,0.4015,0.3963,1217205463
12,15014613,0.4219,0.3748,1217205466
12,15014626,0.7565,0.1212,1217205479
12,15014638,0.4,0.3979,1217205491
12,15014832,1,-0,1217205685
12,15014833,0.7758,0.1103,1217205686
12,15014869,1,-0,1217205722
12,15014870,0.2458,0.6094,1217205723
12,15014889,0.5356,0.2712,1217205742
12,15014924,0.2361,0.6269,1217205777
12,15014935,0.2387,0.6221,1217205788
12,15014939,0.2361,0.6269,1217205792
12,15069710,0.4968,0.3038,1217260563
12,15069727,0.7456,0.1275,1217260580
12,15069763,1,-0,1217260616
12,15069783,0.2354,0.6282,1217260636
12,15069784,1,-0,1217260637
12,15069799,1,-0,1217260652
12,15069806,0.04741,1.3241,1217260659
12,15070113,0.4968,0.3038,1217260966
12,15070116,1,-0,1217260969
12,15070136,1,-0,1217260989
12,15070150,0.4968,0.3038,1217261003
12,15070154,1,-0,1217261007
12,15070198,1,-0,1217261051
12,15102726,1,-0,1217293579
12,15102742,0.4969,0.3037,1217293595
12,15102744,0.5894,0.2296,1217293597
12,15102749,0.5649,0.248,1217293602
12,15102753,0.1204,0.9194,1217293606
12,15102754,0.6816,0.1665,1217293607
12,15102760,1,-0,1217293613
12,15102766,0.7613,0.1184,1217293619
12,15102767,0.2357,0.6276,1217293620
12,15102768,0.613,0.2125,1217293621
12,15102774,1,-0,1217293627
12,15102775,1,-0,1217293628
12,15102792,1,-0,1217293645
12,15102812,1,-0,1217293665
12,15102818,1,-0,1217293671
12,15102823,1,-0,1217293676
12,15102824,1,-0,1217293677
12,15102827,1,-0,1217293680
12,15103099,0.1205,0.919,1217293952
12,15103101,0.4938,0.3064,1217293954
12,15103104,0.4969,0.3037,1217293957
12,15103121,1,-0,1217293974
12,15103131,1,-0,1217293984
12,15103170,0.5894,0.2296,1217294023
12,15103184,1,-0,1217294037
12,15103193,0.5345,0.2721,1217294046
12,15103200,0.8402,0.0756,1217294053
12,15103201,0.4969,0.3037,1217294054
12,15155411,0.618,0.209,1217346264
12,15155477,0.2455,0.6099,1217346330
12,15155482,0.7179,0.1439,1217346335
12,15155518,0.4495,0.3473,1217346371
12,15155679,0.05899,1.2292,1217346532
12,15155681,0.2361,0.6269,1217346534
12,15155724,1,-0,1217346577
12,15155744,0.2423,0.6156,1217346597
12,15155752,1,-0,1217346605
12,15155790,0.1621,0.7902,1217346643
12,15155796,0.876,0.0575,1217346649
12,15155802,0.06206,1.2072,1217346655
12,15155890,1,-0,1217346743
12,15155962,1,-0,1217346815
12,15156037,1,-0,1217346890
12,15156048,0.05835,1.234,1217346901
12,15156054,0.01633,1.787,1217346907
12,15156089,0.2204,0.6568,1217346942
12,15156124,0.01633,1.787,1217346977
12,15156150,1,-0,1217347003
12,15156168,0.4861,0.3133,1217347021
12,15177097,0.05515,1.2585,1217367950
12,15177100,0.4969,0.3037,1217367953
12,15177110,0.008206,2.0859,1217367963
12,15177111,0.618,0.209,1217367964
12,15177114,1,-0,1217367967
12,15177115,1,-0,1217367968
12,15177116,1,-0,1217367969
12,15177117,0.4344,0.3621,1217367970
12,15177118,0.2622,0.5814,1217367971
12,15177119,1,-0,1217367972
12,15177120,1,-0,1217367973
12,15177123,0.4969,0.3037,1217367976
12,15177126,0.4969,0.3037,1217367979
12,15177134,0.8754,0.0578,1217367987
12,15177135,1,-0,1217367988
12,15177168,0.8754,0.0578,1217368021
12,15177181,1,-0,1217368034
12,15177467,1,-0,1217368320
12,15177481,1,-0,1217368334
12,15177518,1,-0,1217368371
12,15177528,1,-0,1217368381
12,15177544,0.497,0.3036,1217368397
12,15177549,0.2455,0.6099,1217368402
12,15177561,1,-0,1217368414
12,15199385,0.4969,0.3037,1217390238
12,15199417,0.06789,1.1682,1217390270
12,15199457,1,-0,1217390310
12,15199474,1,-0,1217390327
12,15199732,0.1204,0.9194,1217390585
12,15199743,1,-0,1217390596
12,15199747,1,-0,1217390600
12,15199750,0.4969,0.3037,1217390603
12,15199757,0.4969,0.3037,1217390610
12,15199771,0.8754,0.0578,1217390624
12,15199864,1,-0,1217390717
12,15293570,1,-0,1217484423
12,15293574,1,-0,1217484427
12,15293646,0.4969,0.3037,1217484499
12,15293663,0.4969,0.3037,1217484516
12,15293876,1,-0,1217484729
12,15293878,0.4969,0.3037,1217484731
12,15293890,1,-0,1217484743
12,15293943,0.4969,0.3037,1217484796
12,15293965,1,-0,1217484818
12,15321358,0.1598,0.7964,1217512211
12,15321461,0.3612,0.4423,1217512314
12,15321462,0.4953,0.3051,1217512315
12,15321470,1,-0,1217512323
12,15321479,0.4389,0.3576,1217512332
12,15321488,0.3226,0.4913,1217512341
12,15321489,0.1522,0.8176,1217512342
12,15321616,0.4875,0.312,1217512469
12,15321642,0.8738,0.0586,1217512495
12,15321700,0.4972,0.3035,1217512553
12,15321707,0.4972,0.3035,1217512560
12,15321722,0.2361,0.6269,1217512575
12,15321733,1,-0,1217512586
12,15321735,0.6995,0.1552,1217512588
12,15322806,0.4969,0.3037,1217513659
12,15322809,1,-0,1217513662
12,15322849,0.8746,0.0582,1217513702
12,15322860,0.8582,0.0664,1217513713
12,15323139,0.0587,1.2314,1217513992
12,15323140,0.4969,0.3037,1217513993
12,15323182,1,-0,1217514035
12,15450762,1,-0,1217641615
12,15450781,1,-0,1217641634
12,15450784,0.3673,0.435,1217641637
12,15450800,1,-0,1217641653
12,15450846,0.4969,0.3037,1217641699
12,15450867,1,-0,1217641720
12,15450868,0.1204,0.9194,1217641721
12,15450873,1,-0,1217641726
12,15450883,0.4969,0.3037,1217641736
12,15451012,1,-0,1217641865
12,15451019,0.4969,0.3037,1217641872
12,15451041,0.4969,0.3037,1217641894
12,15451090,1,-0,1217641943
12,15451096,0.4969,0.3037,1217641949
12,15451122,0.8035,0.095,1217641975
12,15536711,0.4969,0.3037,1217727564
12,15536749,0.4969,0.3037,1217727602
12,15536758,0.6178,0.2092,1217727611
12,15536780,1,-0,1217727633
12,15536782,0.8033,0.0951,1217727635
12,15536788,0.7177,0.1441,1217727641
12,15536799,1,-0,1217727652
12,15536812,0.2421,0.616,1217727665
12,15536817,1,-0,1217727670
12,15536820,0.5065,0.2954,1217727673
12,15537067,0.2421,0.616,1217727920
12,15537100,0.6178,0.2092,1217727953
12,15610198,1,-0,1217801051
12,15610202,1,-0,1217801055
12,15610203,0.4968,0.3038,1217801056
12,15610207,0.4968,0.3038,1217801060
12,15610230,1,-0,1217801083
12,15610246,1,-0,1217801099
12,15610269,1,-0,1217801122
12,15610277,1,-0,1217801130
12,15610429,0.6174,0.2094,1217801282
12,15610432,0.7069,0.1506,1217801285
12,15610441,0.4968,0.3038,1217801294
12,15610446,1,-0,1217801299
12,15610457,0.07695,1.1138,1217801310
12,15610478,0.6398,0.194,1217801331
12,15610480,1,-0,1217801333
12,15610481,1,-0,1217801334
12,15610482,1,-0,1217801335
12,15610496,1,-0,1217801349
12,15610498,1,-0,1217801351
12,15610545,0.4968,0.3038,1217801398
12,15610579,0.1818,0.7404,1217801432
12,15639040,1,-0,1217829893
12,15639044,0.1204,0.9194,1217829897
12,15639055,1,-0,1217829908
12,15639058,0.1204,0.9194,1217829911
12,15639064,0.613,0.2125,1217829917
12,15639081,0.4969,0.3037,1217829934
12,15639088,1,-0,1217829941
12,15639090,0.5341,0.2724,1217829943
12,15639091,1,-0,1217829944
12,15639097,1,-0,1217829950
12,15639107,1,-0,1217829960
12,15639113,1,-0,1217829966
12,15639126,1,-0,1217829979
12,15639127,1,-0,1217829980
12,15639139,0.4938,0.3064,1217829992
12,15639146,0.6816,0.1665,1217829999
12,15639148,1,-0,1217830001
12,15639153,0.497,0.3036,1217830006
12,15639158,1,-0,1217830011
12,15639167,1,-0,1217830020
12,15639274,1,-0,1217830127
12,15639285,0.4989,0.302,1217830138
12,15639296,0.5981,0.2232,1217830149
12,15639326,1,-0,1217830179
12,15639336,0.6387,0.1947,1217830189
12,15639341,1,-0,1217830194
12,15639380,0.6387,0.1947,1217830233
12,15639395,0.4969,0.3037,1217830248
12,15639398,0.2454,0.6101,1217830251
12,15661871,0.4399,0.3566,1217852724
12,15661956,1,-0,1217852809
12,15662269,0.49370000000000003,0.3065,1217853122
12,15662305,1,-0,1217853158
12,15662357,0.497,0.3036,1217853210
12,15662359,0.6817,0.1664,1217853212
12,15662363,1,-0,1217853216
12,15662373,1,-0,1217853226
12,15715675,1,-0,1217906528
12,15715682,0.7796,0.1081,1217906535
12,15715707,0.4938,0.3064,1217906560
12,15715764,1,-0,1217906617
12,15715777,0.6797,0.1677,1217906630
12,15715779,0.3695,0.4324,1217906632
12,15715780,0.4938,0.3064,1217906633
12,15715788,0.4938,0.3064,1217906641
12,15716043,0.5198,0.2842,1217906896
12,15716094,0.4938,0.3064,1217906947
12,15716107,0.4938,0.3064,1217906960
12,15716118,0.497,0.3036,1217906971
12,15716134,0.4938,0.3064,1217906987
12,15763920,1,-0,1217954773
12,15763948,1,-0,1217954801
12,15763962,0.6162,0.2103,1217954815
12,15763981,0.497,0.3036,1217954834
12,15763982,0.2072,0.6836,1217954835
12,15764008,1,-0,1217954861
12,15764052,1,-0,1217954905
12,15764209,1,-0,1217955062
12,15764210,1,-0,1217955063
12,15764228,1,-0,1217955081
12,15764237,0.618,0.209,1217955090
12,15764254,0.618,0.209,1217955107
12,15764287,0.05721,1.2425,1217955140
12,15764304,0.2423,0.6156,1217955157
12,15764316,0.2423,0.6156,1217955169
12,15764331,1,-0,1217955184
12,15764333,1,-0,1217955186
12,15838043,0.8245,0.0838,1218028896
12,15838050,0.2423,0.6156,1218028903
12,15838072,0.618,0.209,1218028925
12,15838073,0.0187,1.7282,1218028926
12,15838086,0.0187,1.7282,1218028939
12,15838097,0.3252,0.4878,1218028950
12,15838103,0.618,0.209,1218028956
12,15838104,0.0187,1.7282,1218028957
12,15838109,0.2423,0.6156,1218028962
12,15838129,0.2423,0.6156,1218028982
12,15838133,1,-0,1218028986
12,15838137,0.05676,1.246,1218028990
12,15838141,1,-0,1218028994
12,15838142,1,-0,1218028995
12,15838361,1,-0,1218029214
12,15838377,1,-0,1218029230
12,15838383,0.004733,2.3249,1218029236
12,15838385,0.2423,0.6156,1218029238
12,15838391,0.004733,2.3249,1218029244
12,15838431,0.004733,2.3249,1218029284
12,15838434,0.497,0.3036,1218029287
12,15838437,0.6516,0.186,1218029290
12,15838439,0.004733,2.3249,1218029292
12,15838448,0.618,0.209,1218029301
12,15838467,1,-0,1218029320
12,15838476,0.2423,0.6156,1218029329
12,15838478,0.2423,0.6156,1218029331
12,16057632,1,-0,1218248485
12,16057634,0.2361,0.6269,1218248487
12,16057647,1,-0,1218248500
12,16057663,0.5271,0.2781,1218248516
12,16057669,1,-0,1218248522
12,16057678,0.2423,0.6156,1218248531
12,16057690,0.2423,0.6156,1218248543
12,16057695,1,-0,1218248548
12,16057712,1,-0,1218248565
12,16057722,0.618,0.209,1218248575
12,16057727,1,-0,1218248580
12,16057739,1,-0,1218248592
12,16057750,1,-0,1218248603
12,16057768,0.3333,0.4772,1218248621
12,16057954,0.4938,0.3064,1218248807
12,16057959,0.5319,0.2742,1218248812
12,16057986,0.1649,0.7828,1218248839
12,16057999,1,-0,1218248852
12,16058016,0.2423,0.6156,1218248869
12,16058020,1,-0,1218248873
12,16058038,1,-0,1218248891
12,16058041,0.06206,1.2072,1218248894
12,16058042,1,-0,1218248895
12,16058080,1,-0,1218248933
12,16060029,0.3307,0.4806,1218250882
12,16060105,1,-0,1218250958
12,16060123,0.8072,0.093,1218250976
12,16060139,1,-0,1218250992
12,16060289,0.7571,0.1208,1218251142
12,16060292,1,-0,1218251145
12,16060295,1,-0,1218251148
12,16060307,1,-0,1218251160
12,16060310,1,-0,1218251163
12,16060326,0.2293,0.6396,1218251179
12,16060330,1,-0,1218251183
12,16060339,0.05106,1.2919,1218251192
12,16060344,0.4975,0.3032,1218251197
12,16060383,1,-0,1218251236
12,16060384,0.7194,0.143,1218251237
12,16060394,0.61240000000000006,0.213,1218251247
12,16060395,0.2293,0.6396,1218251248
12,16060413,1,-0,1218251266
12,16200128,0.2072,0.6836,1218390981
12,16200154,0.4938,0.3064,1218391007
12,16200188,0.618,0.209,1218391041
12,16200189,0.4938,0.3064,1218391042
12,16200543,1,-0,1218391396
12,16200569,0.2423,0.6156,1218391422
12,16200587,0.497,0.3036,1218391440
12,16278050,1,-0,1218468903
12,16278071,0.2455,0.6099,1218468924
12,16278073,0.618,0.209,1218468926
12,16278074,1,-0,1218468927
12,16278098,0.618,0.209,1218468951
12,16278110,0.8195,0.0865,1218468963
12,16278113,0.2455,0.6099,1218468966
12,16278122,0.497,0.3036,1218468975
12,16278124,1,-0,1218468977
12,16278133,0.1843,0.7345,1218468986
12,16278135,0.7179,0.1439,1218468988
12,16278137,1,-0,1218468990
12,16278138,0.443,0.3536,1218468991
12,16278143,0.2423,0.6156,1218468996
12,16278389,0.4961,0.3044,1218469242
12,16278414,0.05721,1.2425,1218469267
12,16278460,1,-0,1218469313
12,16278464,1,-0,1218469317
12,16278475,1,-0,1218469328
12,16278476,1,-0,1218469329
12,16278492,0.2423,0.6156,1218469345
12,16278498,1,-0,1218469351
12,16288960,1,-0,1218479813
12,16288973,1,-0,1218479826
12,16288977,0.8728,0.0591,1218479830
12,16288981,1,-0,1218479834
12,16289008,0.2357,0.6276,1218479861
12,16289014,0.7143,0.1461,1218479867
12,16289048,1,-0,1218479901
12,16289049,1,-0,1218479902
12,16289056,1,-0,1218479909
12,16289059,1,-0,1218479912
12,16289080,0.7877,0.1036,1218479933
12,16289082,0.2293,0.6396,1218479935
12,16289084,0.7877,0.1036,1218479937
12,16289190,1,-0,1218480043
12,16289212,0.02858,1.5439,1218480065
12,16289221,1,-0,1218480074
12,16289230,0.05872,1.2312,1218480083
12,16289234,0.2357,0.6276,1218480087
12,16289262,0.2457,0.6096,1218480115
12,16289276,0.4971,0.3036,1218480129
12,16289280,0.02858,1.5439,1218480133
12,16289281,0.4338,0.3627,1218480134
12,16289289,1,-0,1218480142
12,16396746,0.7548,0.1222,1218587599
12,16396768,0.3268,0.4857,1218587621
12,16396815,0.01013,1.9944,1218587668
12,16396829,1,-0,1218587682
12,16396850,0.2094,0.679,1218587703
12,16396854,0.4999,0.3011,1218587707
12,16396941,1,-0,1218587794
12,16396948,1,-0,1218587801
12,16396985,0.4999,0.3011,1218587838
12,16396991,0.2094,0.679,1218587844
12,16396995,1,-0,1218587848
12,16397004,0.2499,0.6022,1218587857
12,16397005,0.5941,0.2261,1218587858
12,16397010,0.5941,0.2261,1218587863
12,16397012,1,-0,1218587865
12,16397039,1,-0,1218587892
12,16456888,0.05721,1.2425,1218647741
12,16456908,1,-0,1218647761
12,16456909,0.2455,0.6099,1218647762
12,16456920,1,-0,1218647773
12,16456941,0.1649,0.7828,1218647794
12,16456945,0.3252,0.4878,1218647798
12,16456948,0.05721,1.2425,1218647801
12,16456955,0.2234,0.6509,1218647808
12,16456959,0.05721,1.2425,1218647812
12,16456962,0.2423,0.6156,1218647815
12,16456973,0.05721,1.2425,1218647826
12,16456978,0.1649,0.7828,1218647831
12,16456988,1,-0,1218647841
12,16457002,0.06206,1.2072,1218647855
12,16457285,0.3059,0.5144,1218648138
12,16457286,0.8195,0.0865,1218648139
12,16457289,1,-0,1218648142
12,16457312,0.4682,0.3296,1218648165
12,16457313,1,-0,1218648166
12,16457314,0.4311,0.3654,1218648167
12,16457321,1,-0,1218648174
12,16457323,0.1205,0.919,1218648176
12,16457349,0.2455,0.6099,1218648202
12,16457355,1,-0,1218648208
12,16457356,0.618,0.209,1218648209
12,16457370,0.3059,0.5144,1218648223
12,16457372,0.497,0.3036,1218648225
12,16457373,0.05875,1.231,1218648226
12,16457380,0.1205,0.919,1218648233
12,16457385,0.2423,0.6156,1218648238
12,16457388,1,-0,1218648241
12,16457389,0.2423,0.6156,1218648242
12,16457403,1,-0,1218648256
12,16457404,0.1649,0.7828,1218648257
12,16499474,0.4954,0.305,1218690327
12,16499476,1,-0,1218690329
12,16499477,1,-0,1218690330
12,16499556,1,-0,1218690409
12,16499558,1,-0,1218690411
12,16499579,1,-0,1218690432
12,16499676,1,-0,1218690529
12,16499703,0.2361,0.6269,1218690556
12,16499712,1,-0,1218690565
12,16499719,0.1052,0.978,1218690572
12,16499727,1,-0,1218690580
12,16499744,0.2027,0.6931,1218690597
12,16499766,1,-0,1218690619
12,16499788,0.7461,0.1272,1218690641
12,16632434,0.4975,0.3032,1218823287
12,16632444,0.6087,0.21560000000000001,1218823297
12,16632447,0.5228,0.2817,1218823300
12,16632453,0.2298,0.6386,1218823306
12,16632457,0.6255,0.2038,1218823310
12,16632463,1,-0,1218823316
12,16632475,1,-0,1218823328
12,16632506,1,-0,1218823359
12,16632513,0.6087,0.21560000000000001,1218823366
12,16632528,1,-0,1218823381
12,16632530,0.2298,0.6386,1218823383
12,16632540,1,-0,1218823393
12,16632726,0.4872,0.3123,1218823579
12,16632734,0.2298,0.6386,1218823587
12,16632735,0.4744,0.3239,1218823588
12,16632739,1,-0,1218823592
12,16632753,0.7471,0.1266,1218823606
12,16632758,0.2793,0.5539,1218823611
12,16632761,0.4975,0.3032,1218823614
12,16632779,0.6087,0.21560000000000001,1218823632
12,16632781,0.6087,0.21560000000000001,1218823634
12,16632799,1,-0,1218823652
12,16632802,0.2298,0.6386,1218823655
12,16632804,0.2945,0.5309,1218823657
12,16632806,0.4975,0.3032,1218823659
12,16632811,0.05134,1.2895,1218823664
12,16632813,0.3731,0.4282,1218823666
12,16632856,0.2298,0.6386,1218823709
12,16632857,0.1049,0.9792,1218823710
12,16632859,1,-0,1218823712
12,16822448,1,-0,1219013301
12,16822479,0.4969,0.3037,1219013332
12,16822505,1,-0,1219013358
12,16822507,0.4938,0.3064,1219013360
12,16822522,1,-0,1219013375
12,16822525,0.1672,0.7768,1219013378
12,16822526,1,-0,1219013379
12,16822532,1,-0,1219013385
12,16822541,1,-0,1219013394
12,16822706,0.4875,0.312,1219013559
12,16822734,0.4954,0.305,1219013587
12,16822740,1,-0,1219013593
12,16822758,1,-0,1219013611
12,16822769,1,-0,1219013622
12,16822790,1,-0,1219013643
12,16822825,0.2454,0.6101,1219013678
12,16855647,0.593,0.2269,1219046500
12,16855653,1,-0,1219046506
12,16855662,0.2034,0.6916,1219046515
12,16855664,0.2034,0.6916,1219046517
12,16855676,0.4444,0.3522,1219046529
12,16855755,0.3964,0.4019,1219046608
12,16855964,0.498,0.3028,1219046817
12,16855970,0.332,0.4789,1219046823
12,16856027,0.5003,0.3008,1219046880
12,16856036,0.04269,1.3697,1219046889
12,16856046,0.7013,0.1541,1219046899
12,16856054,1,-0,1219046907
12,16856060,0.2047,0.6889,1219046913
12,16856063,0.8076,0.0928,1219046916
12,16856069,0.06289,1.2014,1219046922
12,16856088,0.7551,0.122,1219046941
12,16856114,0.4969,0.3037,1219046967
12,16856118,0.4954,0.305,1219046971
12,16856141,1,-0,1219046994
12,16856174,1,-0,1219047027
12,16856175,0.4969,0.3037,1219047028
12,16856179,0.7461,0.1272,1219047032
12,16856201,1,-0,1219047054
12,16856209,0.7461,0.1272,1219047062
12,16856235,0.7461,0.1272,1219047088
12,16856431,1,-0,1219047284
12,16856451,0.5858,0.2323,1219047304
12,16856467,0.4969,0.3037,1219047320
12,16856502,1,-0,1219047355
12,16856530,0.4429,0.3537,1219047383
12,16859318,0.4865,0.3129,1219050171
12,16859319,0.4967,0.3039,1219050172
12,16859332,0.2282,0.6417,1219050185
12,16859333,0.6226,0.2058,1219050186
12,16859335,0.05048,1.2969,1219050188
12,16859336,1,-0,1219050189
12,16859338,0.1257,0.9007,1219050191
12,16859350,0.2213,0.655,1219050203
12,16859354,1,-0,1219050207
12,16859356,0.4865,0.3129,1219050209
12,16859358,0.01742,1.759,1219050211
12,16859359,0.2196,0.6584,1219050212
12,16859361,1,-0,1219050214
12,16859364,0.1771,0.7518,1219050217
12,16859366,0.235,0.6289,1219050219
12,16859368,0.235,0.6289,1219050221
12,16859373,1,-0,1219050226
12,16859376,0.326,0.4868,1219050229
12,16859378,0.2282,0.6417,1219050231
12,16859383,0.7741,0.1112,1219050236
12,16859389,0.6226,0.2058,1219050242
12,16859395,0.4795,0.3192,1219050248
12,16859399,0.3495,0.4566,1219050252
12,16859406,1,-0,1219050259
12,16859411,0.3299,0.4816,1219050264
12,16859414,0.4865,0.3129,1219050267
12,16859415,0.7676,0.1149,1219050268
12,16859423,0.6808,0.167,1219050276
12,16859431,1,-0,1219050284
12,16859613,1,-0,1219050466
12,16859791,0.2653,0.5763,1219050644
12,16859797,1,-0,1219050650
12,16859880,1,-0,1219050733
12,16938854,0.4969,0.3037,1219129707
12,16938873,1,-0,1219129726
12,16938887,0.4954,0.305,1219129740
12,16938913,0.4969,0.3037,1219129766
12,16938917,0.4969,0.3037,1219129770
12,16938936,1,-0,1219129789
12,16938939,0.4969,0.3037,1219129792
12,16938943,0.6816,0.1665,1219129796
12,16938952,0.4969,0.3037,1219129805
12,16938968,1,-0,1219129821
12,16939088,0.4969,0.3037,1219129941
12,16939094,0.4969,0.3037,1219129947
12,16939102,0.6816,0.1665,1219129955
12,16939125,1,-0,1219129978
12,16939135,0.2454,0.6101,1219129988
12,16939173,1,-0,1219130026
12,16939184,0.8402,0.0756,1219130037
12,16939186,0.5082,0.294,1219130039
12,16939187,1,-0,1219130040
12,16939192,0.8193,0.0866,1219130045
12,16939196,0.1675,0.776,1219130049
12,17383416,0.7146,0.1459,1219574269
12,17383418,0.2361,0.6269,1219574271
12,17383425,1,-0,1219574278
12,17383428,1,-0,1219574281
12,17383430,0.6208,0.207,1219574283
12,17383434,0.2453,0.6103,1219574287
12,17383437,0.7467,0.1269,1219574290
12,17383438,1,-0,1219574291
12,17383444,0.2766,0.5581,1219574297
12,17383455,1,-0,1219574308
12,17383458,0.7467,0.1269,1219574311
12,17383470,0.2458,0.6094,1219574323
12,17383482,0.2458,0.6094,1219574335
12,17383504,0.2458,0.6094,1219574357
12,17383530,1,-0,1219574383
12,17383828,0.2458,0.6094,1219574681
12,17383833,1,-0,1219574686
12,17383847,0.6133,0.2123,1219574700
12,17383854,0.2361,0.6269,1219574707
12,17383860,0.6133,0.2123,1219574713
12,17383882,0.2016,0.6955,1219574735
12,17383884,1,-0,1219574737
12,17383923,1,-0,1219574776
12,17384033,1,-0,1219574886
12,17384042,1,-0,1219574895
12,17384199,0.2454,0.6101,1219575052
12,17384209,1,-0,1219575062
12,17384233,0.4969,0.3037,1219575086
12,17384254,0.4969,0.3037,1219575107
12,17384261,1,-0,1219575114
12,17384275,0.05665,1.2468,1219575128
12,17384292,1,-0,1219575145
12,17384303,1,-0,1219575156
12,17384310,1,-0,1219575163
12,17480101,1,-0,1219670954
12,17480165,0.2038,0.6908,1219671018
12,17480166,0.2038,0.6908,1219671019
12,17480193,0.01552,1.8091,1219671046
12,17480194,0.4999,0.3011,1219671047
12,17480199,1,-0,1219671052
12,17480204,1,-0,1219671057
12,17480206,0.2094,0.679,1219671059
12,17480228,0.4999,0.3011,1219671081
12,17480236,0.2094,0.679,1219671089
12,17480248,1,-0,1219671101
12,17480267,1,-0,1219671120
12,17480268,0.2026,0.6934,1219671121
12,17480272,0.03968,1.4014,1219671125
12,17480290,1,-0,1219671143
12,17480543,0.4999,0.3011,1219671396
12,17480546,1,-0,1219671399
12,17480572,1,-0,1219671425
12,17480639,1,-0,1219671492
12,17640174,0.2008,0.6972,1219831027
12,17640191,0.2389,0.6218,1219831044
12,17640375,0.114,0.9431,1219831228
12,17640409,0.522,0.2823,1219831262
12,17640420,0.02456,1.6098,1219831273
12,17640458,0.1746,0.758,1219831311
12,17640488,1,-0,1219831341
12,17640533,0.6174,0.2094,1219831386
12,17640534,1,-0,1219831387
12,17640548,0.4967,0.3039,1219831401
12,17640566,1,-0,1219831419
12,17640589,0.4389,0.3576,1219831442
12,17640590,0.2891,0.539,1219831443
12,17640704,0.5001,0.3009,1219831557
12,17640706,0.2417,0.6167,1219831559
12,17640714,0.2451,0.6107,1219831567
12,17640715,0.6174,0.2094,1219831568
12,17640735,0.4389,0.3576,1219831588
12,17640764,0.4389,0.3576,1219831617
12,17640766,0.2417,0.6167,1219831619
12,17640780,0.4389,0.3576,1219831633
12,17640789,0.654,0.1844,1219831642
12,17640790,1,-0,1219831643
12,17640798,0.02118,1.6741,1219831651
12,17640829,1,-0,1219831682
12,17640837,0.2417,0.6167,1219831690
12,17733883,1,-0,1219924736
12,17733912,1,-0,1219924765
12,17733928,1,-0,1219924781
12,17733937,1,-0,1219924790
12,17733962,0.1649,0.7828,1219924815
12,17733982,0.497,0.3036,1219924835
12,17733994,1,-0,1219924847
12,17734008,1,-0,1219924861
12,17734068,1,-0,1219924921
12,17734070,0.001195,2.9226,1219924923
12,17734085,0.08252,1.0834,1219924938
12,17734190,0.6817,0.1664,1219925043
12,17734218,0.2423,0.6156,1219925071
12,17734220,0.08252,1.0834,1219925073
12,17734241,0.497,0.3036,1219925094
12,17734260,0.2423,0.6156,1219925113
12,17734308,1,-0,1219925161
12,17734335,0.8311,0.0803,1219925188
12,17734346,1,-0,1219925199
12,17734360,1,-0,1219925213
12,17734363,1,-0,1219925216
12,17734367,1,-0,1219925220
12,17734371,0.4969,0.3037,1219925224
12,17734377,0.4969,0.3037,1219925230
12,17734407,0.05283,1.2771,1219925260
12,17734410,1,-0,1219925263
12,17734437,0.4969,0.3037,1219925290
12,17734453,1,-0,1219925306
12,17734698,1,-0,1219925551
12,17734787,1,-0,1219925640
12,17734792,0.3409,0.4674,1219925645
12,17949399,0.2454,0.6101,1220140252
12,17949408,0.4969,0.3037,1220140261
12,17949432,0.3693,0.4326,1220140285
12,17949434,1,-0,1220140287
12,17949440,1,-0,1220140293
12,17949448,1,-0,1220140301
12,17949450,1,-0,1220140303
12,17949464,0.4969,0.3037,1220140317
12,17949494,1,-0,1220140347
12,17949497,1,-0,1220140350
12,17949508,0.0587,1.2314,1220140361
12,17949515,0.4969,0.3037,1220140368
12,17949531,1,-0,1220140384
12,17949711,1,-0,1220140564
12,17949766,0.4308,0.3657,1220140619
12,17949769,0.4969,0.3037,1220140622
12,17949778,1,-0,1220140631
12,17949781,0.4969,0.3037,1220140634
12,17949794,0.781,0.1073,1220140647
12,17949802,1,-0,1220140655
12,17949830,0.4969,0.3037,1220140683
12,17949834,1,-0,1220140687
12,17949835,1,-0,1220140688
12,18094343,1,-0,1220285196
12,18094344,0.4969,0.3037,1220285197
12,18094427,1,-0,1220285280
12,18094607,0.2454,0.6101,1220285460
12,18094613,1,-0,1220285466
12,18094664,1,-0,1220285517
12,18135874,1,-0,1220326727
12,18135880,0.6815,0.1665,1220326733
12,18135881,0.4969,0.3037,1220326734
12,18135896,0.6815,0.1665,1220326749
12,18135898,1,-0,1220326751
12,18135925,1,-0,1220326778
12,18135939,1,-0,1220326792
12,18135948,0.4969,0.3037,1220326801
12,18135970,1,-0,1220326823
12,18135974,1,-0,1220326827
12,18136153,0.4969,0.3037,1220327006
12,18136170,0.4969,0.3037,1220327023
12,18136171,0.4301,0.3664,1220327024
12,18136172,0.05286,1.2769,1220327025
12,18136173,0.2453,0.6103,1220327026
12,18136186,0.3677,0.4345,1220327039
12,18136189,1,-0,1220327042
12,18136190,1,-0,1220327043
12,18136222,1,-0,1220327075
12,18136231,1,-0,1220327084
12,18136238,0.1167,0.9329,1220327091
12,18136241,1,-0,1220327094
12,18136259,1,-0,1220327112
12,18136265,1,-0,1220327118
12,18136266,0.4969,0.3037,1220327119
12,18136280,1,-0,1220327133
12,18136282,0.3671,0.4352,1220327135
12,18243169,0.4969,0.3037,1220434022
12,18243170,0.4969,0.3037,1220434023
12,18243173,0.2454,0.6101,1220434026
12,18243174,0.6816,0.1665,1220434027
12,18243182,0.1204,0.9194,1220434035
12,18243184,1,-0,1220434037
12,18243192,0.532,0.2741,1220434045
12,18243211,1,-0,1220434064
12,18243212,1,-0,1220434065
12,18243218,1,-0,1220434071
12,18243226,1,-0,1220434079
12,18243243,0.4969,0.3037,1220434096
12,18243246,1,-0,1220434099
12,18243247,1,-0,1220434100
12,18243261,1,-0,1220434114
12,18243270,0.2454,0.6101,1220434123
12,18243279,0.4969,0.3037,1220434132
12,18243280,1,-0,1220434133
12,18243285,1,-0,1220434138
12,18243286,1,-0,1220434139
12,18243288,1,-0,1220434141
12,18243429,0.497,0.3036,1220434282
12,18243430,1,-0,1220434283
12,18243475,0.6816,0.1665,1220434328
12,18243476,0.6816,0.1665,1220434329
12,18243509,0.6816,0.1665,1220434362
12,18243531,0.4969,0.3037,1220434384
12,18243542,1,-0,1220434395
12,18243546,1,-0,1220434399
12,18274959,1,-0,1220465812
12,18275271,0.759,0.1198,1220466124
12,18275279,1,-0,1220466132
12,18275290,0.4975,0.3032,1220466143
12,18275295,1,-0,1220466148
12,18275300,0.4975,0.3032,1220466153
12,18275303,1,-0,1220466156
12,18275304,1,-0,1220466157
12,18275315,0.2293,0.6396,1220466168
12,18275319,0.2293,0.6396,1220466172
12,18275343,0.6082,0.216,1220466196
12,18275351,0.8057,0.0938,1220466204
12,18275356,1,-0,1220466209
12,18275363,0.6082,0.216,1220466216
12,18275365,0.4975,0.3032,1220466218
12,18275374,1,-0,1220466227
12,18275376,0.2293,0.6396,1220466229
12,18275378,0.2293,0.6396,1220466231
12,18275379,0.3894,0.4096,1220466232
12,18275391,0.2293,0.6396,1220466244
12,18275395,1,-0,1220466248
12,18275399,0.2293,0.6396,1220466252
12,18275401,0.6082,0.216,1220466254
12,18275520,0.2293,0.6396,1220466373
12,18275535,0.01093,1.9614,1220466388
12,18275567,0.4448,0.3518,1220466420
12,18275638,0.6827,0.1658,1220466491
12,18275646,0.4448,0.3518,1220466499
12,18351680,0.2762,0.5588,1220542533
12,18351681,0.2762,0.5588,1220542534
12,18351689,1,-0,1220542542
12,18351691,0.4968,0.3038,1220542544
12,18351702,1,-0,1220542555
12,18351703,0.1645,0.7838,1220542556
12,18351704,0.744,0.1284,1220542557
12,18351707,0.5337,0.2727,1220542560
12,18351710,0.1202,0.9201,1220542563
12,18351714,0.03375,1.4717,1220542567
12,18351715,0.1202,0.9201,1220542568
12,18351727,0.4968,0.3038,1220542580
12,18351744,1,-0,1220542597
12,18351749,1,-0,1220542602
12,18351758,0.6752,0.1706,1220542611
12,18351762,1,-0,1220542615
12,18351765,1,-0,1220542618
12,18351770,0.4423,0.3543,1220542623
12,18351782,0.4968,0.3038,1220542635
12,18351787,0.4968,0.3038,1220542640
12,18351795,1,-0,1220542648
12,18351806,1,-0,1220542659
12,18351808,0.222,0.6536,1220542661
12,18351879,1,-0,1220542732
12,18351883,1,-0,1220542736
12,18351899,0.05435,1.2648,1220542752
12,18351918,1,-0,1220542771
12,18351929,0.5635,0.2491,1220542782
12,18351938,1,-0,1220542791
12,18351949,0.6176,0.2093,1220542802
12,18351965,0.3669,0.4355,1220542818
12,18351975,0.7456,0.1275,1220542828
12,18351978,1,-0,1220542831
12,18351997,0.4968,0.3038,1220542850
12,18352001,0.3277,0.4845,1220542854
12,18352002,0.3277,0.4845,1220542855
12,18475765,0.4969,0.3037,1220666618
12,18475779,1,-0,1220666632
12,18475780,0.2765,0.5583,1220666633
12,18475784,1,-0,1220666637
12,18475798,0.251,0.6003,1220666651
12,18475803,0.4969,0.3037,1220666656
12,18475817,0.1203,0.9197,1220666670
12,18475834,0.3988,0.3992,1220666687
12,18475837,0.1533,0.8145,1220666690
12,18475860,0.5889,0.23,1220666713
12,18475988,1,-0,1220666841
12,18476004,1,-0,1220666857
12,18476006,1,-0,1220666859
12,18476007,0.4969,0.3037,1220666860
12,18476009,1,-0,1220666862
12,18476044,0.7459,0.1273,1220666897
12,18476045,0.2765,0.5583,1220666898
12,18476050,0.1203,0.9197,1220666903
12,18476053,1,-0,1220666906
12,18476055,0.6639,0.1779,1220666908
12,18476056,1,-0,1220666909
12,18476075,0.7459,0.1273,1220666928
12,18476117,0.2009,0.697,1220666970
12,18522564,0.4308,0.3657,1220713417
12,18522582,0.4969,0.3037,1220713435
12,18522618,0.4969,0.3037,1220713471
12,18522650,0.1204,0.9194,1220713503
12,18522909,1,-0,1220713762
12,18522910,1,-0,1220713763
12,18522922,0.6096,0.215,1220713775
12,18522925,0.8035,0.095,1220713778
12,18522952,0.0587,1.2314,1220713805
12,18522974,0.2768,0.5578,1220713827
12,18522976,1,-0,1220713829
12,18522978,0.4969,0.3037,1220713831
12,18522984,0.4969,0.3037,1220713837
12,18522988,0.4954,0.305,1220713841
12,18522989,0.6816,0.1665,1220713842
12,18523011,1,-0,1220713864
12,18523013,0.5253,0.2796,1220713866
12,18523027,0.3673,0.435,1220713880
12,18523036,0.73,0.1367,1220713889
12,18523037,0.4969,0.3037,1220713890
12,18525740,1,-0,1220716593
12,18525762,1,-0,1220716615
12,18525792,0.2105,0.6767,1220716645
12,18525803,0.4969,0.3037,1220716656
12,18525836,0.4969,0.3037,1220716689
12,18525851,1,-0,1220716704
12,18525859,1,-0,1220716712
12,18525862,0.2768,0.5578,1220716715
12,18525995,0.5323,0.2738,1220716848
12,18526038,1,-0,1220716891
12,18526042,0.6816,0.1665,1220716895
12,18526047,0.4969,0.3037,1220716900
12,18526058,0.3673,0.435,1220716911
12,18526063,0.8035,0.095,1220716916
12,18526064,0.4969,0.3037,1220716917
12,18526069,1,-0,1220716922
12,18526087,0.1169,0.9322,1220716940
12,18526089,0.3693,0.4326,1220716942
12,18535176,0.5807,0.236,1220726029
12,18535204,0.502,0.2993,1220726057
12,18535232,1,-0,1220726085
12,18535243,1,-0,1220726096
12,18535245,0.5856,0.2324,1220726098
12,18535271,1,-0,1220726124
12,18535283,0.1102,0.9578,1220726136
12,18535297,0.1971,0.7053,1220726150
12,18535304,0.5934,0.2267,1220726157
12,18535336,1,-0,1220726189
12,18535340,1,-0,1220726193
12,18535354,1,-0,1220726207
12,18535358,0.1499,0.8242,1220726211
12,18535377,0.8209,0.0857,1220726230
12,18535378,0.5123,0.2905,1220726231
12,18535382,0.06264,1.2031,1220726235
12,18535383,1,-0,1220726236
12,18535384,1,-0,1220726237
12,18535386,1,-0,1220726239
12,18535412,1,-0,1220726265
12,18535423,0.1138,0.9439,1220726276
12,18535431,1,-0,1220726284
12,18535445,0.1113,0.9535,1220726298
12,18535448,0.2982,0.5255,1220726301
12,18535468,0.5807,0.236,1220726321
12,18535477,0.6854,0.1641,1220726330
12,18535501,0.2161,0.6653,1220726354
12,18535505,0.2161,0.6653,1220726358
12,18535512,1,-0,1220726365
12,18535514,1,-0,1220726367
12,18535515,0.5941,0.2261,1220726368
12,18535519,0.2888,0.5394,1220726372
12,18535520,0.2094,0.679,1220726373
12,18535561,0.2161,0.6653,1220726414
12,18535562,0.7512,0.1242,1220726415
12,18535567,0.5054,0.2964,1220726420
12,18535574,0.2161,0.6653,1220726427
12,18535596,1,-0,1220726449
12,18535604,0.02249,1.648,1220726457
12,18535609,0.2161,0.6653,1220726462
12,18535735,0.5988,0.2227,1220726588
12,18535737,1,-0,1220726590
12,18535750,0.4389,0.3576,1220726603
12,18535756,0.2483,0.605,1220726609
12,18535763,1,-0,1220726616
12,18535770,1,-0,1220726623
12,18535792,1,-0,1220726645
12,18535803,0.4989,0.302,1220726656
12,18535804,1,-0,1220726657
12,18535816,1,-0,1220726669
12,18535829,1,-0,1220726682
12,18599540,0.3143,0.5027,1220790393
12,18599543,1,-0,1220790396
12,18599544,0.2463,0.6085,1220790397
12,18599550,0.2457,0.6096,1220790403
12,18599583,1,-0,1220790436
12,18599593,1,-0,1220790446
12,18599596,0.2457,0.6096,1220790449
12,18599600,0.2357,0.6276,1220790453
12,18599611,0.4435,0.3531,1220790464
12,18599613,0.5265,0.2786,1220790466
12,18599614,0.613,0.2125,1220790467
12,18599620,0.2357,0.6276,1220790473
12,18599624,1,-0,1220790477
12,18599625,0.5823,0.2349,1220790478
12,18599626,1,-0,1220790479
12,18599634,1,-0,1220790487
12,18599655,0.6201,0.2075,1220790508
12,18599741,0.4821,0.3169,1220790594
12,18599743,0.2298,0.6386,1220790596
12,18599744,1,-0,1220790597
12,18599745,0.6087,0.21560000000000001,1220790598
12,18599765,1,-0,1220790618
12,18599804,1,-0,1220790657
12,18599830,1,-0,1220790683
12,18599837,0.1683,0.7739,1220790690
12,18642600,0.2455,0.6099,1220833453
12,18642603,1,-0,1220833456
12,18642606,1,-0,1220833459
12,18642619,0.2423,0.6156,1220833472
12,18642620,1,-0,1220833473
12,18642632,0.1287,0.8904,1220833485
12,18642635,0.2441,0.61240000000000006,1220833488
12,18642636,0.05721,1.2425,1220833489
12,18642655,0.618,0.209,1220833508
12,18642656,0.2072,0.6836,1220833509
12,18642657,0.2072,0.6836,1220833510
12,18642660,1,-0,1220833513
12,18642673,1,-0,1220833526
12,18642722,1,-0,1220833575
12,18642829,1,-0,1220833682
12,18642844,0.497,0.3036,1220833697
12,18642853,0.6269,0.2028,1220833706
12,18642854,0.2072,0.6836,1220833707
12,18642855,0.497,0.3036,1220833708
12,18642880,0.2423,0.6156,1220833733
12,18642882,0.2423,0.6156,1220833735
12,18642883,0.6516,0.186,1220833736
12,18642918,1,-0,1220833771
12,18642928,0.618,0.209,1220833781
12,18642929,0.8036,0.095,1220833782
12,18642932,1,-0,1220833785
12,18642942,1,-0,1220833795
12,18642944,1,-0,1220833797
12,18642952,1,-0,1220833805
12,18760823,1,-0,1220951676
12,18760824,0.4872,0.3123,1220951677
12,18760825,0.4872,0.3123,1220951678
12,18760833,1,-0,1220951686
12,18760836,0.36,0.4437,1220951689
12,18760861,0.4971,0.3036,1220951714
12,18760863,0.4872,0.3123,1220951716
12,18760870,0.4872,0.3123,1220951723
12,18760873,0.4935,0.3067,1220951726
12,18760880,0.4322,0.3643,1220951733
12,18760895,0.4872,0.3123,1220951748
12,18760900,0.7412,0.1301,1220951753
12,18760906,0.2357,0.6276,1220951759
12,18760908,1,-0,1220951761
12,18760919,0.4872,0.3123,1220951772
12,18761056,0.6687,0.1748,1220951909
12,18761064,0.01423,1.8468,1220951917
12,18761067,0.05405,1.2672,1220951920
12,18761118,0.4971,0.3036,1220951971
12,18761125,0.1593,0.7978,1220951978
12,18761139,0.4971,0.3036,1220951992
12,18761154,0.4338,0.3627,1220952007
12,18761170,1,-0,1220952023
12,18761176,1,-0,1220952029
12,18761185,1,-0,1220952038
12,18761213,1,-0,1220952066
12,18761219,1,-0,1220952072
12,18761236,0.8214,0.0854,1220952089
12,18761243,1,-0,1220952096
12,18761257,1,-0,1220952110
12,18761265,0.6826,0.1658,1220952118
12,18761266,0.4405,0.3561,1220952119
12,18761267,1,-0,1220952120
12,18761269,1,-0,1220952122
12,18761270,1,-0,1220952123
12,18761272,0.6073,0.2166,1220952125
12,18761283,1,-0,1220952136
12,18761284,1,-0,1220952137
12,18761296,1,-0,1220952149
12,18761589,1,-0,1220952442
12,18761594,1,-0,1220952447
12,18761597,0.2282,0.6417,1220952450
12,18761609,0.6073,0.2166,1220952462
12,18761614,0.4974,0.3033,1220952467
12,18761626,1,-0,1220952479
12,18761634,0.4974,0.3033,1220952487
12,18761658,1,-0,1220952511
12,18761677,0.7785,0.1087,1220952530
12,18761686,0.4989,0.302,1220952539
12,18761705,0.1968,0.706,1220952558
12,18779149,0.4969,0.3037,1220970002
12,18779167,0.4969,0.3037,1220970020
12,18779168,1,-0,1220970021
12,18779176,1,-0,1220970029
12,18779182,1,-0,1220970035
12,18779192,1,-0,1220970045
12,18779248,1,-0,1220970101
12,18779263,1,-0,1220970116
12,18779367,1,-0,1220970220
12,18779374,1,-0,1220970227
12,18779383,1,-0,1220970236
12,18779384,1,-0,1220970237
12,18779388,0.1204,0.9194,1220970241
12,18779408,1,-0,1220970261
12,18779418,1,-0,1220970271
12,18779419,1,-0,1220970272
12,18779439,1,-0,1220970292
12,18779471,0.4969,0.3037,1220970324
12,18783310,0.4969,0.3037,1220974163
12,18783313,1,-0,1220974166
12,18783328,1,-0,1220974181
12,18783330,0.4969,0.3037,1220974183
12,18783359,0.3673,0.435,1220974212
12,18783363,0.4969,0.3037,1220974216
12,18783365,0.6816,0.1665,1220974218
12,18783392,0.4969,0.3037,1220974245
12,18783407,0.3673,0.435,1220974260
12,18783415,0.4969,0.3037,1220974268
12,18783421,1,-0,1220974274
12,18783525,0.4969,0.3037,1220974378
12,18783541,0.2768,0.5578,1220974394
12,18783563,1,-0,1220974416
12,18783590,1,-0,1220974443
12,18783594,1,-0,1220974447
12,18783627,1,-0,1220974480
12,18805542,0.01367,1.8642,1220996395
12,18805543,1,-0,1220996396
12,18805546,1,-0,1220996399
12,18805586,0.00735,2.1337,1220996439
12,18805648,0.4969,0.3037,1220996501
12,18805801,0.1204,0.9194,1220996654
12,18805817,1,-0,1220996670
12,18805823,0.4969,0.3037,1220996676
12,18805837,1,-0,1220996690
12,18805840,1,-0,1220996693
12,18805892,0.4969,0.3037,1220996745
12,18805905,1,-0,1220996758
12,18805906,0.4969,0.3037,1220996759
12,18838317,0.4938,0.3064,1221029170
12,18838318,1,-0,1221029171
12,18838319,0.4938,0.3064,1221029172
12,18838336,0.4938,0.3064,1221029189
12,18838346,0.4938,0.3064,1221029199
12,18838366,0.4938,0.3064,1221029219
12,18838392,0.497,0.3036,1221029245
12,18838412,0.497,0.3036,1221029265
12,18838416,0.4938,0.3064,1221029269
12,18838417,0.4938,0.3064,1221029270
12,18838425,0.4938,0.3064,1221029278
12,18838435,0.4938,0.3064,1221029288
12,18838537,1,-0,1221029390
12,18838570,0.4938,0.3064,1221029423
12,18838586,0.05721,1.2425,1221029439
12,18838592,0.2423,0.6156,1221029445
12,18838624,0.4938,0.3064,1221029477
12,18838628,0.497,0.3036,1221029481
12,18838653,0.4938,0.3064,1221029506
12,18838658,0.4392,0.3573,1221029511
12,18838662,1,-0,1221029515
12,18860555,0.217,0.6635,1221051408
12,18860563,0.5994,0.2223,1221051416
12,18860578,1,-0,1221051431
12,18860583,1,-0,1221051436
12,18860588,1,-0,1221051441
12,18860601,0.2483,0.605,1221051454
12,18860612,0.04457,1.351,1221051465
12,18860635,0.4989,0.302,1221051488
12,18860639,1,-0,1221051492
12,18860652,1,-0,1221051505
12,18860669,1,-0,1221051522
12,18860689,1,-0,1221051542
12,18860966,0.04566,1.3405,1221051819
12,18860987,0.5994,0.2223,1221051840
12,18861002,0.217,0.6635,1221051855
12,18861015,1,-0,1221051868
12,18861024,0.217,0.6635,1221051877
12,18861026,1,-0,1221051879
12,18861034,1,-0,1221051887
12,18861040,0.4605,0.3368,1221051893
12,18861051,0.1077,0.9678,1221051904
12,18861070,0.4989,0.302,1221051923
12,18861077,1,-0,1221051930
12,18861083,1,-0,1221051936
12,18887614,1,-0,1221078467
12,18887619,0.4186,0.3782,1221078472
12,18887624,0.4975,0.3032,1221078477
12,18887646,1,-0,1221078499
12,18887656,0.4975,0.3032,1221078509
12,18887664,1,-0,1221078517
12,18887673,1,-0,1221078526
12,18887679,1,-0,1221078532
12,18887684,0.2342,0.6304,1221078537
12,18887731,1,-0,1221078584
12,18887740,0.2463,0.6085,1221078593
12,18887743,0.5228,0.2817,1221078596
12,18887746,0.2298,0.6386,1221078599
12,18887905,1,-0,1221078758
12,18887970,0.4289,0.3676,1221078823
12,18887977,0.7477,0.1263,1221078830
12,18887980,0.2298,0.6386,1221078833
12,18887981,0.4449,0.3517,1221078834
12,18887998,0.1961,0.7075,1221078851
12,18887999,1,-0,1221078852
12,18888004,1,-0,1221078857
12,18888030,0.7477,0.1263,1221078883
12,18888081,0.3077,0.5119,1221078934
12,18888082,1,-0,1221078935
12,18888084,0.4415,0.3551,1221078937
12,18888087,1,-0,1221078940
12,18888129,0.5472,0.2619,1221078982
12,18888135,1,-0,1221078988
12,18888137,0.15,0.8239,1221078990
12,18888171,1,-0,1221079024
12,18888195,0.1793,0.7464,1221079048
12,18888223,1,-0,1221079076
12,18974069,1,-0,1221164922
12,18974071,0.4969,0.3037,1221164924
12,18974101,0.6411,0.1931,1221164954
12,18974102,0.36870000000000003,0.4333,1221164955
12,18974122,0.02843,1.5462,1221164975
12,18974129,1,-0,1221164982
12,18974132,1,-0,1221164985
12,18974134,1,-0,1221164987
12,18974152,1,-0,1221165005
12,18974158,1,-0,1221165011
12,18974174,0.7549,0.1221,1221165027
12,18974191,1,-0,1221165044
12,18974193,1,-0,1221165046
12,18974202,0.6395,0.1942,1221165055
12,18974439,1,-0,1221165292
12,18974574,1,-0,1221165427
12,19016684,0.6816,0.1665,1221207537
12,19016685,0.06267,1.2029,1221207538
12,19016709,0.4969,0.3037,1221207562
12,19016726,0.4969,0.3037,1221207579
12,19016767,0.1169,0.9322,1221207620
12,19016784,1,-0,1221207637
12,19017069,1,-0,1221207922
12,19017104,0.4969,0.3037,1221207957
12,19017106,0.4969,0.3037,1221207959
12,19017121,0.6816,0.1665,1221207974
12,19017135,0.2768,0.5578,1221207988
12,19017154,1,-0,1221208007
12,19017155,0.4969,0.3037,1221208008
12,19017163,1,-0,1221208016
12,19181916,0.2616,0.5824,1221372769
12,19182020,1,-0,1221372873
12,19182231,0.3522,0.4532,1221373084
12,19182233,1,-0,1221373086
12,19182236,0.6176,0.2093,1221373089
12,19182252,1,-0,1221373105
12,19182255,0.4968,0.3038,1221373108
12,19182260,0.5887,0.2301,1221373113
12,19182264,0.2893,0.5387,1221373117
12,19182265,0.497,0.3036,1221373118
12,19182270,0.2419,0.6164,1221373123
12,19182292,0.2964,0.5281,1221373145
12,19182297,0.5887,0.2301,1221373150
12,19182298,1,-0,1221373151
12,19182326,1,-0,1221373179
12,19182353,0.2419,0.6164,1221373206
12,19200972,0.2161,0.6653,1221391825
12,19200986,0.2161,0.6653,1221391839
12,19200993,1,-0,1221391846
12,19200996,0.2161,0.6653,1221391849
12,19200997,0.4981,0.3027,1221391850
12,19200999,0.4989,0.302,1221391852
12,19201007,0.4989,0.302,1221391860
12,19201013,1,-0,1221391866
12,19201014,0.2483,0.605,1221391867
12,19201016,1,-0,1221391869
12,19201059,1,-0,1221391912
12,19201076,1,-0,1221391929
12,19201087,1,-0,1221391940
12,19201095,1,-0,1221391948
12,19201100,0.2161,0.6653,1221391953
12,19201172,0.1798,0.7452,1221392025
12,19201202,0.2152,0.6672,1221392055
12,19201225,0.2264,0.6451,1221392078
12,19201259,1,-0,1221392112
12,19201266,1,-0,1221392119
12,19201268,0.5941,0.2261,1221392121
12,19201281,0.2161,0.6653,1221392134
12,19201285,1,-0,1221392138
12,19303706,1,-0,1221494559
12,19303728,0.4938,0.3064,1221494581
12,19303750,0.5319,0.2742,1221494603
12,19303751,0.4938,0.3064,1221494604
12,19303754,0.1477,0.8306,1221494607
12,19303755,0.613,0.2125,1221494608
12,19303757,1,-0,1221494610
12,19303785,0.03406,1.4678,1221494638
12,19303793,1,-0,1221494646
12,19303815,0.7462,0.1271,1221494668
12,19303816,0.1205,0.919,1221494669
12,19303830,0.1181,0.9278,1221494683
12,19304014,0.7437,0.1286,1221494867
12,19304018,1,-0,1221494871
12,19304039,0.02846,1.5458,1221494892
12,19304041,0.497,0.3036,1221494894
12,19304060,0.49370000000000003,0.3065,1221494913
12,19304078,1,-0,1221494931
12,19304088,1,-0,1221494941
12,19304089,0.02846,1.5458,1221494942
12,19304092,0.4956,0.3049,1221494945
12,19304110,0.07965,1.0988,1221494963
12,19304111,0.09873,1.0056,1221494964
12,19304116,0.497,0.3036,1221494969
12,19304126,0.02846,1.5458,1221494979
12,19304137,0.613,0.2125,1221494990
12,19304149,0.4971,0.3036,1221495002
12,19333042,1,-0,1221523895
12,19333043,1,-0,1221523896
12,19333046,0.2421,0.616,1221523899
12,19333050,1,-0,1221523903
12,19333052,0.05708,1.2435,1221523905
12,19333077,0.2421,0.616,1221523930
12,19333081,0.6238,0.205,1221523934
12,19333090,0.7809,0.1074,1221523943
12,19333095,0.7809,0.1074,1221523948
12,19333102,1,-0,1221523955
12,19333103,1,-0,1221523956
12,19333121,1,-0,1221523974
12,19333126,0.6127,0.2128,1221523979
12,19333150,0.2354,0.6282,1221524003
12,19333161,0.6127,0.2128,1221524014
12,19333168,0.7814,0.1071,1221524021
12,19333449,0.4722,0.3259,1221524302
12,19333454,0.4805,0.3183,1221524307
12,19333458,1,-0,1221524311
12,19333462,0.6509,0.1865,1221524315
12,19333471,0.7177,0.1441,1221524324
12,19333475,0.4969,0.3037,1221524328
12,19333479,1,-0,1221524332
12,19333507,0.4969,0.3037,1221524360
12,19333509,1,-0,1221524362
12,19333517,0.49370000000000003,0.3065,1221524370
12,19333537,0.6178,0.2092,1221524390
12,19333541,1,-0,1221524394
12,19333551,0.6178,0.2092,1221524404
12,19333552,0.2069,0.6842,1221524405
12,19333553,0.4396,0.3569,1221524406
12,19333554,0.09738,1.0115,1221524407
12,19333566,0.6178,0.2092,1221524419
12,19381352,0.2423,0.6156,1221572205
12,19381364,1,-0,1221572217
12,19381365,0.5086,0.2936,1221572218
12,19381382,1,-0,1221572235
12,19381397,0.497,0.3036,1221572250
12,19381398,0.3496,0.4564,1221572251
12,19381404,0.05721,1.2425,1221572257
12,19381418,0.4311,0.3654,1221572271
12,19381419,0.3858,0.4136,1221572272
12,19381420,1,-0,1221572273
12,19381439,1,-0,1221572292
12,19381444,0.2423,0.6156,1221572297
12,19381448,0.2455,0.6099,1221572301
12,19381454,0.4311,0.3654,1221572307
12,19381466,0.01806,1.7433,1221572319
12,19381469,0.618,0.209,1221572322
12,19381476,0.2423,0.6156,1221572329
12,19381690,1,-0,1221572543
12,19381693,0.5319,0.2742,1221572546
12,19381748,0.02846,1.5458,1221572601
12,19381789,1,-0,1221572642
12,19447816,0.604,0.219,1221638669
12,19447825,0.2234,0.6509,1221638678
12,19447827,0.2234,0.6509,1221638680
12,19447828,0.2471,0.6071,1221638681
12,19447829,1,-0,1221638682
12,19447901,0.604,0.219,1221638754
12,19447902,0.8619,0.0645,1221638755
12,19447903,0.204,0.6904,1221638756
12,19447904,1,-0,1221638757
12,19447909,1,-0,1221638762
12,19447913,0.7111,0.1481,1221638766
12,19447923,0.604,0.219,1221638776
12,19447930,1,-0,1221638783
12,19447938,0.7575,0.1206,1221638791
12,19448034,0.604,0.219,1221638887
12,19448038,0.8332,0.0793,1221638891
12,19448044,1,-0,1221638897
12,19448059,0.604,0.219,1221638912
12,19448060,0.5965,0.2244,1221638913
12,19448072,1,-0,1221638925
12,19448083,0.4981,0.3027,1221638936
12,19448121,0.4981,0.3027,1221638974
12,19448122,0.807,0.0931,1221638975
12,19448133,1,-0,1221638986
12,19448139,0.604,0.219,1221638992
12,19448145,1,-0,1221638998
12,19478789,0.2421,0.616,1221669642
12,19478792,0.4969,0.3037,1221669645
12,19478827,0.6178,0.2092,1221669680
12,19478829,0.6178,0.2092,1221669682
12,19478837,1,-0,1221669690
12,19478845,1,-0,1221669698
12,19478856,1,-0,1221669709
12,19478859,0.2421,0.616,1221669712
12,19478860,1,-0,1221669713
12,19478866,1,-0,1221669719
12,19478870,1,-0,1221669723
12,19478882,0.2421,0.616,1221669735
12,19478886,1,-0,1221669739
12,19479116,1,-0,1221669969
12,19479141,0.498,0.3028,1221669994
12,19479146,0.7063,0.151,1221669999
12,19479163,1,-0,1221670016
12,19479183,1,-0,1221670036
12,19479188,0.6178,0.2092,1221670041
12,19479196,0.2421,0.616,1221670049
12,19479225,1,-0,1221670078
12,19479238,0.746,0.1273,1221670091
12,19479241,0.2421,0.616,1221670094
12,19546548,0.2161,0.6653,1221737401
12,19546556,0.2191,0.6594,1221737409
12,19546564,0.03081,1.5113,1221737417
12,19546580,0.1233,0.909,1221737433
12,19546585,0.4989,0.302,1221737438
12,19546586,1,-0,1221737439
12,19546602,0.3839,0.4158,1221737455
12,19546607,1,-0,1221737460
12,19546608,0.2161,0.6653,1221737461
12,19546610,0.5988,0.2227,1221737463
12,19546623,1,-0,1221737476
12,19546630,0.7557,0.1217,1221737483
12,19546636,0.4495,0.3473,1221737489
12,19546657,0.834,0.0788,1221737510
12,19546873,1,-0,1221737726
12,19546879,0.773,0.1118,1221737732
12,19546885,1,-0,1221737738
12,19546941,0.5941,0.2261,1221737794
12,19546963,0.1268,0.8969,1221737816
12,19547001,1,-0,1221737854
12,19579533,1,-0,1221770386
12,19579553,1,-0,1221770406
12,19579587,0.1287,0.8904,1221770440
12,19579590,0.05515,1.2585,1221770443
12,19579591,0.05515,1.2585,1221770444
12,19579592,0.618,0.209,1221770445
12,19579596,0.05515,1.2585,1221770449
12,19579599,1,-0,1221770452
12,19579611,1,-0,1221770464
12,19579630,0.2423,0.6156,1221770483
12,19579639,1,-0,1221770492
12,19579641,1,-0,1221770494
12,19579664,1,-0,1221770517
12,19579861,0.497,0.3036,1221770714
12,19579906,0.6817,0.1664,1221770759
12,19579910,1,-0,1221770763
12,19579923,0.2534,0.5962,1221770776
12,19579928,0.2423,0.6156,1221770781
12,19579978,0.497,0.3036,1221770831
12,19579994,1,-0,1221770847
12,19592563,0.3978,0.4003,1221783416
12,19592602,0.4968,0.3038,1221783455
12,19592650,0.4938,0.3064,1221783503
12,19592676,0.497,0.3036,1221783529
12,19592692,0.4833,0.3158,1221783545
12,19592812,0.4938,0.3064,1221783665
12,19592920,1,-0,1221783773
12,19592925,0.3674,0.4349,1221783778
12,19634092,0.4969,0.3037,1221824945
12,19634102,1,-0,1221824955
12,19634106,0.2741,0.5621,1221824959
12,19634107,1,-0,1221824960
12,19634113,1,-0,1221824966
12,19634130,1,-0,1221824983
12,19634153,0.6816,0.1665,1221825006
12,19634160,0.4969,0.3037,1221825013
12,19634162,0.4969,0.3037,1221825015
12,19634170,0.3459,0.461,1221825023
12,19634178,1,-0,1221825031
12,19634207,1,-0,1221825060
12,19634414,0.1204,0.9194,1221825267
12,19634424,1,-0,1221825277
12,19634447,1,-0,1221825300
12,19634452,1,-0,1221825305
12,19634459,0.7461,0.1272,1221825312
12,19634510,1,-0,1221825363
12,19634518,1,-0,1221825371
12,19649229,1,-0,1221840082
12,19649299,0.03186,1.4968,1221840152
12,19649301,0.1204,0.9194,1221840154
12,19649311,1,-0,1221840164
12,19649313,1,-0,1221840166
12,19649322,1,-0,1221840175
12,19649329,0.4969,0.3037,1221840182
12,19649335,1,-0,1221840188
12,19649354,0.0587,1.2314,1221840207
12,19649359,0.8035,0.095,1221840212
12,19649412,0.2768,0.5578,1221840265
12,19649415,1,-0,1221840268
12,19649585,0.4969,0.3037,1221840438
12,19649598,0.5858,0.2323,1221840451
12,19649601,1,-0,1221840454
12,19649605,1,-0,1221840458
12,19649609,0.4308,0.3657,1221840462
12,19649614,0.02914,1.5355,1221840467
12,19649628,0.5858,0.2323,1221840481
12,19649629,0.2768,0.5578,1221840482
12,19649635,1,-0,1221840488
12,19649637,0.2454,0.6101,1221840490
12,19649650,0.3673,0.435,1221840503
12,19649652,0.3673,0.435,1221840505
12,19649660,0.781,0.1073,1221840513
12,19649682,0.1204,0.9194,1221840535
12,19649686,1,-0,1221840539
12,19649690,1,-0,1221840543
12,19649695,1,-0,1221840548
12,19649696,1,-0,1221840549
12,19649697,0.4969,0.3037,1221840550
12,19649705,0.08202,1.0861,1221840558
12,19680479,1,-0,1221871332
12,19680512,0.4972,0.3035,1221871365
12,19680529,1,-0,1221871382
12,19680537,0.05425,1.2656,1221871390
12,19680552,0.2361,0.6269,1221871405
12,19680578,0.3945,0.404,1221871431
12,19680721,0.2298,0.6386,1221871574
12,19680724,0.4972,0.3035,1221871577
12,19680783,1,-0,1221871636
12,19680827,0.4972,0.3035,1221871680
12,19680840,0.05425,1.2656,1221871693
12,19711020,1,-0,1221901873
12,19711029,1,-0,1221901882
12,19711032,1,-0,1221901885
12,19711033,0.618,0.209,1221901886
12,19711055,1,-0,1221901908
12,19711070,0.3998,0.3982,1221901923
12,19711073,1,-0,1221901926
12,19711081,0.2423,0.6156,1221901934
12,19711128,1,-0,1221901981
12,19711414,1,-0,1221902267
12,19711422,1,-0,1221902275
12,19711450,0.2423,0.6156,1221902303
12,19711452,1,-0,1221902305
12,19713790,0.2298,0.6386,1221904643
12,19713791,0.4449,0.3517,1221904644
12,19713796,0.4289,0.3676,1221904649
12,19713799,1,-0,1221904652
12,19713801,1,-0,1221904654
12,19713802,0.208,0.6819,1221904655
12,19713808,0.6087,0.21560000000000001,1221904661
12,19713825,1,-0,1221904678
12,19713837,1,-0,1221904690
12,19713850,1,-0,1221904703
12,19713855,0.2298,0.6386,1221904708
12,19713862,1,-0,1221904715
12,19713901,0.2463,0.6085,1221904754
12,19713908,0.4449,0.3517,1221904761
12,19713912,1,-0,1221904765
12,19713913,1,-0,1221904766
12,19714024,0.2348,0.6293,1221904877
12,19714041,0.822,0.0851,1221904894
12,19714084,1,-0,1221904937
12,19714091,1,-0,1221904944
12,19714143,1,-0,1221904996
12,19714150,1,-0,1221905003
12,19714151,1,-0,1221905004
12,19721765,1,-0,1221912618
12,19721774,0.4969,0.3037,1221912627
12,19721813,1,-0,1221912666
12,19721822,1,-0,1221912675
12,19721823,0.5341,0.2724,1221912676
12,19721846,1,-0,1221912699
12,19721849,0.6828,0.1657,1221912702
12,19721874,1,-0,1221912727
12,19722081,1,-0,1221912934
12,19722087,1,-0,1221912940
12,19722113,0.2454,0.6101,1221912966
12,19722126,1,-0,1221912979
12,19722130,1,-0,1221912983
12,19722171,0.4969,0.3037,1221913024
12,19722172,1,-0,1221913025
12,19722204,0.4969,0.3037,1221913057
12,19751334,0.8035,0.095,1221942187
12,19751337,1,-0,1221942190
12,19751338,0.2768,0.5578,1221942191
12,19751349,0.1204,0.9194,1221942202
12,19751354,1,-0,1221942207
12,19751395,1,-0,1221942248
12,19751403,0.4969,0.3037,1221942256
12,19751407,0.3673,0.435,1221942260
12,19751413,0.0587,1.2314,1221942266
12,19751418,1,-0,1221942271
12,19751425,0.0587,1.2314,1221942278
12,19751427,0.4969,0.3037,1221942280
12,19751431,1,-0,1221942284
12,19751432,1,-0,1221942285
12,19751433,1,-0,1221942286
12,19751461,1,-0,1221942314
12,19751465,0.2454,0.6101,1221942318
12,19751733,1,-0,1221942586
12,19751840,0.6816,0.1665,1221942693
12,19849679,1,-0,1222040532
12,19849707,1,-0,1222040560
12,19849723,1,-0,1222040576
12,19849784,0.4969,0.3037,1222040637
12,19850002,1,-0,1222040855
12,19850031,0.4969,0.3037,1222040884
12,19850043,0.2423,0.6156,1222040896
12,19850050,0.1571,0.8038,1222040903
12,19850063,1,-0,1222040916
12,19850066,1,-0,1222040919
12,19850089,1,-0,1222040942
12,19850092,0.4969,0.3037,1222040945
12,19850098,0.4969,0.3037,1222040951
12,19850103,1,-0,1222040956
12,19850106,0.2707,0.5675,1222040959
12,19850142,0.1798,0.7452,1222040995
12,19850152,0.5529,0.2574,1222041005
12,19850258,0.1855,0.7317,1222041111
12,19850284,1,-0,1222041137
12,19850300,1,-0,1222041153
12,19850354,0.1346,0.871,1222041207
12,19975225,1,-0,1222166078
12,19975241,0.1204,0.9194,1222166094
12,19975250,1,-0,1222166103
12,19975254,1,-0,1222166107
12,19975255,0.4969,0.3037,1222166108
12,19975264,1,-0,1222166117
12,19975272,0.4969,0.3037,1222166125
12,19975288,1,-0,1222166141
12,19975297,1,-0,1222166150
12,19975501,0.02857,1.5441,1222166354
12,19975505,0.02857,1.5441,1222166358
12,19975559,1,-0,1222166412
12,19975561,1,-0,1222166414
12,19975578,0.3673,0.435,1222166431
12,19975579,1,-0,1222166432
12,19975580,0.8193,0.0866,1222166433
12,19975593,0.7228,0.141,1222166446
12,19975605,0.4969,0.3037,1222166458
12,19975607,1,-0,1222166460
12,19975611,0.5718,0.2428,1222166464
12,19975615,0.2108,0.6761,1222166468
12,19975616,0.4969,0.3037,1222166469
12,19975617,0.4363,0.3602,1222166470
12,19975620,1,-0,1222166473
12,19975628,1,-0,1222166481
12,19975635,0.6816,0.1665,1222166488
12,19975636,0.4969,0.3037,1222166489
12,19975657,1,-0,1222166510
12,19975660,0.6133,0.2123,1222166513
12,19975662,1,-0,1222166515
12,19975663,0.5586,0.2529,1222166516
12,19975666,0.09943,1.0025,1222166519
12,19975672,0.4063,0.3912,1222166525
12,20044021,1,-0,1222234874
12,20044023,1,-0,1222234876
12,20044039,0.1204,0.9194,1222234892
12,20044040,0.7461,0.1272,1222234893
12,20044055,1,-0,1222234908
12,20044064,1,-0,1222234917
12,20044102,1,-0,1222234955
12,20044384,0.5183,0.2854,1222235237
12,20044389,0.7461,0.1272,1222235242
12,20044392,1,-0,1222235245
12,20044410,0.2768,0.5578,1222235263
12,20044421,1,-0,1222235274
12,20044465,0.5894,0.2296,1222235318
12,20044466,0.5894,0.2296,1222235319
12,20044468,1,-0,1222235321
12,20057151,0.4938,0.3064,1222248004
12,20057152,0.497,0.3036,1222248005
12,20057153,0.4938,0.3064,1222248006
12,20057201,0.4721,0.326,1222248054
12,20057216,0.497,0.3036,1222248069
12,20057224,0.09873,1.0056,1222248077
12,20057240,0.4938,0.3064,1222248093
12,20057252,0.3674,0.4349,1222248105
12,20057391,0.497,0.3036,1222248244
12,20057395,0.4938,0.3064,1222248248
12,20057397,0.4956,0.3049,1222248250
12,20057441,0.4938,0.3064,1222248294
12,20070154,0.6816,0.1665,1222261007
12,20070158,1,-0,1222261011
12,20070162,0.6816,0.1665,1222261015
12,20070165,0.4969,0.3037,1222261018
12,20070204,1,-0,1222261057
12,20070225,0.4969,0.3037,1222261078
12,20070227,1,-0,1222261080
12,20070228,1,-0,1222261081
12,20070383,0.4545,0.3425,1222261236
12,20070408,1,-0,1222261261
12,20070418,0.0986,1.0061,1222261271
12,20070426,1,-0,1222261279
12,20070444,1,-0,1222261297
12,20070445,0.4969,0.3037,1222261298
12,20070459,0.6816,0.1665,1222261312
12,20234976,1,-0,1222425829
12,20234984,0.7492,0.1254,1222425837
12,20234988,0.03619,1.4414,1222425841
12,20234999,0.2234,0.6509,1222425852
12,20235008,0.604,0.219,1222425861
12,20235023,1,-0,1222425876
12,20235027,1,-0,1222425880
12,20235039,0.604,0.219,1222425892
12,20235042,0.604,0.219,1222425895
12,20235045,0.604,0.219,1222425898
12,20235050,0.4981,0.3027,1222425903
12,20235082,1,-0,1222425935
12,20235093,0.04415,1.3551,1222425946
12,20235094,0.2234,0.6509,1222425947
12,20235096,0.1909,0.7192,1222425949
12,20235218,0.4981,0.3027,1222426071
12,20235250,1,-0,1222426103
12,20235256,1,-0,1222426109
12,20235258,1,-0,1222426111
12,20235263,0.604,0.219,1222426116
12,20235266,1,-0,1222426119
12,20235269,1,-0,1222426122
12,20235273,0.2234,0.6509,1222426126
12,20235295,0.2234,0.6509,1222426148
12,20235311,1,-0,1222426164
12,20235318,1,-0,1222426171
12,20235325,0.4981,0.3027,1222426178
12,20235326,1,-0,1222426179
12,20235329,1,-0,1222426182
12,20235345,1,-0,1222426198
12,20319822,0.3673,0.435,1222510675
12,20319831,1,-0,1222510684
12,20319833,0.2454,0.6101,1222510686
12,20319852,0.4969,0.3037,1222510705
12,20319873,0.4429,0.3537,1222510726
12,20319883,1,-0,1222510736
12,20319890,0.4429,0.3537,1222510743
12,20319891,0.4969,0.3037,1222510744
12,20319895,0.4429,0.3537,1222510748
12,20319913,0.8311,0.0803,1222510766
12,20319922,1,-0,1222510775
12,20320125,0.4969,0.3037,1222510978
12,20320128,1,-0,1222510981
12,20320129,0.2105,0.6767,1222510982
12,20320140,0.0986,1.0061,1222510993
12,20320166,0.4969,0.3037,1222511019
12,20320167,1,-0,1222511020
12,20320174,0.4969,0.3037,1222511027
12,20320205,1,-0,1222511058
12,20320227,0.4396,0.3569,1222511080
12,20320254,0.764,0.1169,1222511107
12,20320257,1,-0,1222511110
12,20324657,0.105,0.9788,1222515510
12,20324673,0.7492,0.1254,1222515526
12,20324677,0.618,0.209,1222515530
12,20324682,1,-0,1222515535
12,20324716,0.1768,0.7525,1222515569
12,20324720,0.869,0.061,1222515573
12,20324728,1,-0,1222515581
12,20324731,0.6209,0.207,1222515584
12,20324732,0.2094,0.679,1222515585
12,20324739,0.2094,0.679,1222515592
12,20324760,0.4469,0.3498,1222515613
12,20324779,1,-0,1222515632
12,20324884,0.4956,0.3049,1222515737
12,20324890,0.4773,0.3212,1222515743
12,20324896,0.6133,0.2123,1222515749
12,20324901,1,-0,1222515754
12,20324949,0.497,0.3036,1222515802
12,20324958,1,-0,1222515811
12,20325007,1,-0,1222515860
12,20325010,1,-0,1222515863
12,20376677,1,-0,1222567530
12,20376678,1,-0,1222567531
12,20376705,1,-0,1222567558
12,20376716,0.2423,0.6156,1222567569
12,20376719,1,-0,1222567572
12,20376731,0.02846,1.5458,1222567584
12,20377048,1,-0,1222567901
12,20377071,0.2072,0.6836,1222567924
12,20377101,1,-0,1222567954
12,20377108,1,-0,1222567961
12,20387656,0.4969,0.3037,1222578509
12,20387729,1,-0,1222578582
12,20387782,1,-0,1222578635
12,20388039,1,-0,1222578892
12,20388043,1,-0,1222578896
12,20388049,0.1764,0.7535,1222578902
12,20388052,1,-0,1222578905
12,20388070,1,-0,1222578923
12,20388071,0.4969,0.3037,1222578924
12,20388073,1,-0,1222578926
12,20388102,0.1204,0.9194,1222578955
12,20388111,1,-0,1222578964
12,20388181,1,-0,1222579034
12,20388185,0.1287,0.8904,1222579038
12,20388197,1,-0,1222579050
12,20388202,0.2423,0.6156,1222579055
12,20388212,0.5086,0.2936,1222579065
12,20388263,0.2423,0.6156,1222579116
12,20388291,0.8108,0.0911,1222579144
12,20388295,0.6817,0.1664,1222579148
12,20388496,0.2361,0.6269,1222579349
12,20388522,0.3195,0.4955,1222579375
12,20388558,0.5271,0.2781,1222579411
12,20459470,0.6202,0.2075,1222650323
12,20459484,0.5345,0.2721,1222650337
12,20459505,0.4969,0.3037,1222650358
12,20459532,1,-0,1222650385
12,20459734,1,-0,1222650587
12,20459754,0.4969,0.3037,1222650607
12,20459788,1,-0,1222650641
12,20459793,1,-0,1222650646
12,20459817,1,-0,1222650670
12,20459819,0.5345,0.2721,1222650672
12,20459820,0.4969,0.3037,1222650673
12,20459834,0.4969,0.3037,1222650687
12,20459836,1,-0,1222650689
12,20587233,1,-0,1222778086
12,20587244,0.4969,0.3037,1222778097
12,20587249,0.3693,0.4326,1222778102
12,20587296,0.4969,0.3037,1222778149
12,20587322,0.4969,0.3037,1222778175
12,20587325,0.4969,0.3037,1222778178
12,20587462,0.2368,0.6256,1222778315
12,20587503,1,-0,1222778356
12,20587563,1,-0,1222778416
12,20592590,1,-0,1222783443
12,20592591,0.5042,0.2974,1222783444
12,20592600,0.618,0.209,1222783453
12,20592619,1,-0,1222783472
12,20592621,0.5319,0.2742,1222783474
12,20592622,0.5319,0.2742,1222783475
12,20592641,0.4938,0.3064,1222783494
12,20592667,0.4938,0.3064,1222783520
12,20592682,0.2423,0.6156,1222783535
12,20592683,0.4938,0.3064,1222783536
12,20592695,1,-0,1222783548
12,20592700,0.481,0.3179,1222783553
12,20592703,0.4938,0.3064,1222783556
12,20592714,1,-0,1222783567
12,20592720,1,-0,1222783573
12,20592821,1,-0,1222783674
12,20592848,1,-0,1222783701
12,20592856,0.2423,0.6156,1222783709
12,20592878,1,-0,1222783731
12,20592912,0.497,0.3036,1222783765
12,20592914,1,-0,1222783767
12,20592921,0.6817,0.1664,1222783774
12,20592934,0.497,0.3036,1222783787
12,20659431,1,-0,1222850284
12,20659465,1,-0,1222850318
12,20659490,1,-0,1222850343
12,20659507,0.4969,0.3037,1222850360
12,20659532,0.6816,0.1665,1222850385
12,20659533,1,-0,1222850386
12,20659556,1,-0,1222850409
12,20659702,0.4969,0.3037,1222850555
12,20659707,0.781,0.1073,1222850560
12,20659714,0.4969,0.3037,1222850567
12,20659722,1,-0,1222850575
12,20659723,0.4969,0.3037,1222850576
12,20659727,0.5044,0.2972,1222850580
12,20659732,1,-0,1222850585
12,20659808,1,-0,1222850661
12,20809417,1,-0,1223000270
12,20809420,0.2361,0.6269,1223000273
12,20809436,1,-0,1223000289
12,20809454,1,-0,1223000307
12,20809455,0.2361,0.6269,1223000308
12,20809475,1,-0,1223000328
12,20809510,0.6133,0.2123,1223000363
12,20809751,0.2361,0.6269,1223000604
12,20809785,0.2361,0.6269,1223000638
12,20809792,1,-0,1223000645
12,20809833,0.4972,0.3035,1223000686
12,20809840,1,-0,1223000693
12,20811016,1,-0,1223001869
12,20811030,0.3968,0.4014,1223001883
12,20811060,1,-0,1223001913
12,20811103,1,-0,1223001956
12,20811115,0.2361,0.6269,1223001968
12,20811146,1,-0,1223001999
12,20811148,0.2361,0.6269,1223002001
12,20811405,0.4972,0.3035,1223002258
12,20811407,1,-0,1223002260
12,20811410,1,-0,1223002263
12,20811446,1,-0,1223002299
12,20811449,1,-0,1223002302
12,20811469,0.3351,0.4748,1223002322
12,20811473,0.2361,0.6269,1223002326
12,20811487,0.6387,0.1947,1223002340
12,20811509,1,-0,1223002362
12,20811529,0.07601,1.1191,1223002382
12,20838379,0.2423,0.6156,1223029232
12,20838410,0.2423,0.6156,1223029263
12,20838431,0.05676,1.246,1223029284
12,20838435,0.497,0.3036,1223029288
12,20838442,1,-0,1223029295
12,20838444,0.6269,0.2028,1223029297
12,20838447,0.7539,0.1227,1223029300
12,20838449,0.09941,1.0026,1223029302
12,20838662,0.6029,0.2198,1223029515
12,20838665,0.497,0.3036,1223029518
12,20838673,1,-0,1223029526
12,20838675,0.6269,0.2028,1223029528
12,20838700,0.497,0.3036,1223029553
12,20838725,0.2441,0.61240000000000006,1223029578
12,20838734,0.6269,0.2028,1223029587
12,20838741,1,-0,1223029594
12,20838758,1,-0,1223029611
12,20838771,0.618,0.209,1223029624
12,20838787,1,-0,1223029640
12,20919699,1,-0,1223110552
12,20919714,1,-0,1223110567
12,20919717,1,-0,1223110570
12,20919740,0.4969,0.3037,1223110593
12,20919795,1,-0,1223110648
12,20919797,1,-0,1223110650
12,20919818,1,-0,1223110671
12,20919819,0.6387,0.1947,1223110672
12,20920058,1,-0,1223110911
12,20920099,1,-0,1223110952
12,20920118,1,-0,1223110971
12,20920121,1,-0,1223110974
12,20920145,0.1204,0.9194,1223110998
12,20920161,1,-0,1223111014
12,20934698,0.3039,0.5173,1223125551
12,20934701,0.2298,0.6386,1223125554
12,20934702,0.2298,0.6386,1223125555
12,20934715,0.4975,0.3032,1223125568
12,20934759,1,-0,1223125612
12,20934760,1,-0,1223125613
12,20934764,1,-0,1223125617
12,20934768,0.4975,0.3032,1223125621
12,20934787,0.05134,1.2895,1223125640
12,20934797,1,-0,1223125650
12,20934803,1,-0,1223125656
12,20934961,1,-0,1223125814
12,20934962,0.4975,0.3032,1223125815
12,20934967,0.617,0.2097,1223125820
12,20934991,0.5293,0.2763,1223125844
12,20935007,0.2463,0.6085,1223125860
12,20935012,0.1891,0.7233,1223125865
12,20935025,0.3201,0.4947,1223125878
12,20935028,1,-0,1223125881
12,20935032,1,-0,1223125885
12,20935035,0.2298,0.6386,1223125888
12,20935039,0.4975,0.3032,1223125892
12,20935057,0.1891,0.7233,1223125910
12,20935059,0.2298,0.6386,1223125912
12,21004679,0.4938,0.3064,1223195532
12,21004700,0.4938,0.3064,1223195553
12,21004712,1,-0,1223195565
12,21004718,0.4938,0.3064,1223195571
12,21004767,0.4938,0.3064,1223195620
12,21004796,0.497,0.3036,1223195649
12,21004800,0.2423,0.6156,1223195653
12,21004807,0.4006,0.3973,1223195660
12,21004964,1,-0,1223195817
12,21004966,0.497,0.3036,1223195819
12,21004985,0.4938,0.3064,1223195838
12,21005006,0.4938,0.3064,1223195859
12,21005008,0.4938,0.3064,1223195861
12,21005031,0.4938,0.3064,1223195884
12,21005045,0.497,0.3036,1223195898
12,21005066,0.6797,0.1677,1223195919
12,21005067,0.7796,0.1081,1223195920
12,21005073,0.4938,0.3064,1223195926
12,21005075,0.5347,0.2719,1223195928
12,21005083,0.497,0.3036,1223195936
12,21005091,0.497,0.3036,1223195944
12,21077192,1,-0,1223268045
12,21077193,1,-0,1223268046
12,21077215,1,-0,1223268068
12,21077241,0.2011,0.6966,1223268094
12,21077292,0.2357,0.6276,1223268145
12,21077305,1,-0,1223268158
12,21077469,0.613,0.2125,1223268322
12,21077476,0.6282,0.2019,1223268329
12,21100694,1,-0,1223291547
12,21100700,0.443,0.3536,1223291553
12,21100723,1,-0,1223291576
12,21100747,1,-0,1223291600
12,21100750,1,-0,1223291603
12,21100763,1,-0,1223291616
12,21100813,1,-0,1223291666
12,21101032,1,-0,1223291885
12,21101038,1,-0,1223291891
12,21101051,1,-0,1223291904
12,21101080,0.2454,0.6101,1223291933
12,21166854,0.49370000000000003,0.3065,1223357707
12,21166907,0.49370000000000003,0.3065,1223357760
12,21166923,0.4969,0.3037,1223357776
12,21166932,0.4969,0.3037,1223357785
12,21166944,1,-0,1223357797
12,21167068,0.4396,0.3569,1223357921
12,21167120,0.49370000000000003,0.3065,1223357973
12,21167142,0.49370000000000003,0.3065,1223357995
12,21284507,0.07666,1.1154,1223475360
12,21284541,1,-0,1223475394
12,21284558,0.4969,0.3037,1223475411
12,21284560,0.2108,0.6761,1223475413
12,21284577,0.4969,0.3037,1223475430
12,21284579,1,-0,1223475432
12,21284594,1,-0,1223475447
12,21284602,0.2108,0.6761,1223475455
12,21284611,0.09873,1.0056,1223475464
12,21284612,0.618,0.209,1223475465
12,21284619,1,-0,1223475472
12,21284626,0.2072,0.6836,1223475479
12,21284799,0.4969,0.3037,1223475652
12,21284821,0.4969,0.3037,1223475674
12,21284841,0.5973,0.2238,1223475694
12,21284842,0.2454,0.6101,1223475695
12,21284850,1,-0,1223475703
12,21284864,0.4969,0.3037,1223475717
12,21284886,1,-0,1223475739
12,21284902,1,-0,1223475755
12,21284906,0.2108,0.6761,1223475759
12,21295353,0.4969,0.3037,1223486206
12,21295372,1,-0,1223486225
12,21295383,0.0587,1.2314,1223486236
12,21295444,0.6816,0.1665,1223486297
12,21295455,1,-0,1223486308
12,21295589,1,-0,1223486442
12,21295605,1,-0,1223486458
12,21295631,1,-0,1223486484
12,21295635,0.4969,0.3037,1223486488
12,21295643,1,-0,1223486496
12,21295652,1,-0,1223486505
12,21295654,1,-0,1223486507
12,21295656,1,-0,1223486509
12,21295675,1,-0,1223486528
12,21295678,0.6828,0.1657,1223486531
12,21373712,0.6817,0.1664,1223564565
12,21373724,0.618,0.209,1223564577
12,21373746,1,-0,1223564599
12,21373761,0.497,0.3036,1223564614
12,21373774,1,-0,1223564627
12,21373789,0.2423,0.6156,1223564642
12,21373790,0.2423,0.6156,1223564643
12,21373814,0.1731,0.7617,1223564667
12,21373832,0.2423,0.6156,1223564685
12,21374004,1,-0,1223564857
12,21374023,0.2234,0.6509,1223564876
12,21374029,0.604,0.219,1223564882
12,21374044,1,-0,1223564897
12,21374046,1,-0,1223564899
12,21549569,0.4308,0.3657,1223740422
12,21549584,1,-0,1223740437
12,21549585,1,-0,1223740438
12,21549589,1,-0,1223740442
12,21549592,1,-0,1223740445
12,21549595,0.4969,0.3037,1223740448
12,21549630,1,-0,1223740483
12,21549646,0.4969,0.3037,1223740499
12,21549696,0.6816,0.1665,1223740549
12,21549899,0.8431,0.0741,1223740752
12,21549922,1,-0,1223740775
12,21549923,1,-0,1223740776
12,21549929,1,-0,1223740782
12,21549936,1,-0,1223740789
12,21549943,0.2423,0.6156,1223740796
12,21549944,0.2423,0.6156,1223740797
12,21549953,1,-0,1223740806
12,21549968,0.09323,1.0304,1223740821
12,21550006,1,-0,1223740859
12,21550009,1,-0,1223740862
12,21550013,1,-0,1223740866
12,21550014,0.7179,0.1439,1223740867
12,21550016,1,-0,1223740869
12,21609980,1,-0,1223800833
12,21610022,0.4969,0.3037,1223800875
12,21610090,1,-0,1223800943
12,21610091,0.6816,0.1665,1223800944
12,21610108,1,-0,1223800961
12,21610390,1,-0,1223801243
12,21610398,0.6816,0.1665,1223801251
12,21610416,1,-0,1223801269
12,21610421,1,-0,1223801274
12,21610424,1,-0,1223801277
12,21610437,0.4969,0.3037,1223801290
12,21610463,1,-0,1223801316
12,21610475,1,-0,1223801328
12,21660352,1,-0,1223851205
12,21660363,0.4969,0.3037,1223851216
12,21660368,0.2454,0.6101,1223851221
12,21660676,1,-0,1223851529
12,21660679,1,-0,1223851532
12,21795150,0.4427,0.3539,1223986003
12,21795151,0.4427,0.3539,1223986004
12,21795162,0.3018,0.5203,1223986015
12,21795193,1,-0,1223986046
12,21795200,0.06186,1.2086,1223986053
12,21795201,0.2421,0.616,1223986054
12,21795224,1,-0,1223986077
12,21795225,1,-0,1223986078
12,21795262,0.2421,0.616,1223986115
12,21795269,1,-0,1223986122
12,21795279,1,-0,1223986132
12,21795488,0.8587,0.0662,1223986341
12,21795490,0.3811,0.419,1223986343
12,21795497,0.2421,0.616,1223986350
12,21795498,0.2421,0.616,1223986351
12,21795507,1,-0,1223986360
12,21795524,1,-0,1223986377
12,21795534,0.4427,0.3539,1223986387
12,21795561,0.4396,0.3569,1223986414
12,21795562,0.1645,0.7838,1223986415
12,21795588,0.8623,0.0643,1223986441
12,21955135,0.4969,0.3037,1224145988
12,21955183,1,-0,1224146036
12,21955187,1,-0,1224146040
12,21955189,0.4969,0.3037,1224146042
12,21955408,0.4938,0.3064,1224146261
12,21955413,1,-0,1224146266
12,21955420,1,-0,1224146273
12,21955427,0.1169,0.9322,1224146280
12,21955439,0.4938,0.3064,1224146292
12,21955441,1,-0,1224146294
12,21955451,0.49370000000000003,0.3065,1224146304
12,21955469,1,-0,1224146322
12,21955518,1,-0,1224146371
12,21955565,1,-0,1224146418
12,21955611,1,-0,1224146464
12,21955672,0.2423,0.6156,1224146525
12,21955854,0.277,0.5575,1224146707
12,21955864,1,-0,1224146717
12,21955885,1,-0,1224146738
12,22025483,1,-0,1224216336
12,22025488,1,-0,1224216341
12,22025513,0.6816,0.1665,1224216366
12,22025526,0.497,0.3036,1224216379
12,22025538,0.4938,0.3064,1224216391
12,22025602,0.497,0.3036,1224216455
12,22025830,0.497,0.3036,1224216683
12,22025838,0.4938,0.3064,1224216691
12,22025847,1,-0,1224216700
12,22025986,1,-0,1224216839
12,22026098,1,-0,1224216951
12,22026166,0.565,0.248,1224217019
12,22057598,1,-0,1224248451
12,22057605,1,-0,1224248458
12,22057627,0.06811,1.1668,1224248480
12,22057641,0.1702,0.769,1224248494
12,22057879,0.02752,1.5604,1224248732
12,22057888,0.1607,0.794,1224248741
12,22057890,1,-0,1224248743
12,22057896,1,-0,1224248749
12,22057935,0.4938,0.3064,1224248788
12,22057964,0.6797,0.1677,1224248817
12,22057965,0.3674,0.4349,1224248818
12,22057970,0.497,0.3036,1224248823
12,22057986,0.4279,0.36870000000000003,1224248839
12,22057989,0.4938,0.3064,1224248842
12,22057990,0.4938,0.3064,1224248843
12,22057993,1,-0,1224248846
12,22058160,0.4938,0.3064,1224249013
12,22058184,0.4938,0.3064,1224249037
12,22058200,1,-0,1224249053
12,22058236,0.497,0.3036,1224249089
12,22058243,0.4938,0.3064,1224249096
12,22058246,1,-0,1224249099
12,22058266,0.4938,0.3064,1224249119
12,22058436,0.3333,0.4772,1224249289
12,22125537,0.49370000000000003,0.3065,1224316390
12,22125539,0.49370000000000003,0.3065,1224316392
12,22125565,0.2808,0.5516,1224316418
12,22125571,1,-0,1224316424
12,22125591,0.3672,0.4351,1224316444
12,22125710,1,-0,1224316563
12,22125718,0.01296,1.8874,1224316571
12,22125724,1,-0,1224316577
12,22125727,0.2063,0.6855,1224316580
12,22125735,0.3508,0.4549,1224316588
12,22125739,1,-0,1224316592
12,22125740,1,-0,1224316593
12,22125741,1,-0,1224316594
12,22125742,0.4722,0.3259,1224316595
12,22125743,0.4935,0.3067,1224316596
12,22125746,1,-0,1224316599
12,22125748,1,-0,1224316601
12,22125751,1,-0,1224316604
12,22125752,0.3508,0.4549,1224316605
12,22125756,0.1092,0.9618,1224316609
12,22125757,1,-0,1224316610
12,22125761,0.2669,0.5737,1224316614
12,22125763,1,-0,1224316616
12,22125764,0.03346,1.4755,1224316617
12,22125767,1,-0,1224316620
12,22125775,0.49370000000000003,0.3065,1224316628
12,22125780,1,-0,1224316633
12,22125784,0.01686,1.7731,1224316637
12,22125787,0.6202,0.2075,1224316640
12,22125790,0.1004,0.9983,1224316643
12,22125795,0.1202,0.9201,1224316648
12,22125799,1,-0,1224316652
12,22125819,0.49370000000000003,0.3065,1224316672
12,22288103,0.4969,0.3037,1224478956
12,22288163,1,-0,1224479016
12,22288177,0.4969,0.3037,1224479030
12,22288344,1,-0,1224479197
12,22288346,1,-0,1224479199
12,22288364,0.4969,0.3037,1224479217
12,22288394,1,-0,1224479247
12,22288444,0.4208,0.3759,1224479297
12,22288448,1,-0,1224479301
12,22339100,0.2234,0.6509,1224529953
12,22339116,0.3098,0.5089,1224529969
12,22339150,0.7061,0.1511,1224530003
12,22339152,0.604,0.219,1224530005
12,22339166,1,-0,1224530019
12,22339184,1,-0,1224530037
12,22339194,1,-0,1224530047
12,22339204,0.4744,0.3239,1224530057
12,22339208,0.2234,0.6509,1224530061
12,22339449,0.2471,0.6071,1224530302
12,22339460,1,-0,1224530313
12,22339489,1,-0,1224530342
12,22339530,0.604,0.219,1224530383
12,22339541,0.4238,0.3728,1224530394
12,22339553,0.04847,1.3145,1224530406
12,22339565,1,-0,1224530418
12,22339632,0.0731,1.1361,1224530485
12,22339633,0.1903,0.7206,1224530486
12,22339689,1,-0,1224530542
12,22339703,1,-0,1224530556
12,22339708,0.552,0.2581,1224530561
12,22339709,1,-0,1224530562
12,22339744,1,-0,1224530597
12,22339762,1,-0,1224530615
12,22339784,1,-0,1224530637
12,22339785,1,-0,1224530638
12,22341133,0.3708,0.4309,1224531986
12,22341148,0.5712,0.2432,1224532001
12,22341173,1,-0,1224532026
12,22341227,1,-0,1224532080
12,22341315,0.2661,0.575,1224532168
12,22341344,1,-0,1224532197
12,22341361,0.2458,0.6094,1224532214
12,22341369,0.1208,0.9179,1224532222
12,22341380,1,-0,1224532233
12,22341407,0.6133,0.2123,1224532260
12,22341421,1,-0,1224532274
12,22341429,1,-0,1224532282
12,22341463,0.2361,0.6269,1224532316
12,22341466,0.4972,0.3035,1224532319
12,22341473,0.4603,0.337,1224532326
12,22341474,1,-0,1224532327
12,22341506,1,-0,1224532359
12,22341510,1,-0,1224532363
12,22341516,0.7146,0.1459,1224532369
12,22341519,0.5872,0.2312,1224532372
12,22341534,0.6821,0.1662,1224532387
12,22341545,0.1685,0.7734,1224532398
12,22341570,0.4972,0.3035,1224532423
12,22341578,0.2778,0.5563,1224532431
12,22341589,1,-0,1224532442
12,22341591,1,-0,1224532444
12,22341715,0.4956,0.3049,1224532568
12,22341716,0.1437,0.8425,1224532569
12,22341751,1,-0,1224532604
12,22341767,0.6133,0.2123,1224532620
12,22341842,0.6133,0.2123,1224532695
12,22341874,1,-0,1224532727
12,22341905,0.5469,0.2621,1224532758
12,22341940,0.5439,0.2645,1224532793
12,22341942,1,-0,1224532795
12,22341959,0.5439,0.2645,1224532812
12,22341962,0.5469,0.2621,1224532815
12,22341975,0.6235,0.2052,1224532828
12,22342025,0.5439,0.2645,1224532878
12,22342048,0.2357,0.6276,1224532901
12,22342055,1,-0,1224532908
12,22342056,0.2357,0.6276,1224532909
12,22342166,1,-0,1224533019
12,22499264,1,-0,1224690117
12,22499525,0.497,0.3036,1224690378
12,22499556,0.3695,0.4324,1224690409
12,22499601,1,-0,1224690454
12,22499603,0.618,0.209,1224690456
12,22499639,1,-0,1224690492
12,22499665,1,-0,1224690518
12,22499674,1,-0,1224690527
12,22499686,1,-0,1224690539
12,22499687,1,-0,1224690540
12,22499688,1,-0,1224690541
12,22499698,0.4123,0.3848,1224690551
12,22499700,0.6844,0.1647,1224690553
12,22499701,0.7742,0.1111,1224690554
12,22499703,1,-0,1224690556
12,22499704,0.1816,0.7409,1224690557
12,22499706,0.3667,0.4357,1224690559
12,22499709,0.6432,0.1917,1224690562
12,22499711,1,-0,1224690564
12,22499713,1,-0,1224690566
12,22499714,0.6566,0.1827,1224690567
12,22499716,1,-0,1224690569
12,22499717,0.3714,0.4302,1224690570
12,22499720,0.5447,0.2638,1224690573
12,22499722,1,-0,1224690575
12,22499724,1,-0,1224690577
12,22499726,1,-0,1224690579
12,22499728,0.3611,0.4424,1224690581
12,22499730,0.5329,0.2734,1224690583
12,22499731,1,-0,1224690584
12,22499737,0.3611,0.4424,1224690590
12,22499738,1,-0,1224690591
12,22499740,0.4381,0.3584,1224690593
12,22499743,1,-0,1224690596
12,22499750,1,-0,1224690603
12,22499752,1,-0,1224690605
12,22499766,0.1836,0.7361,1224690619
12,22499769,1,-0,1224690622
12,22499775,1,-0,1224690628
12,22499776,1,-0,1224690629
12,22499778,1,-0,1224690631
12,22499779,0.5213,0.2829,1224690632
12,22499781,1,-0,1224690634
12,22499782,0.5208,0.2833,1224690635
12,22499783,0.3333,0.4772,1224690636
12,22499784,1,-0,1224690637
12,22499787,0.2158,0.6659,1224690640
12,22499788,0.3043,0.5167,1224690641
12,22499790,1,-0,1224690643
12,22499793,1,-0,1224690646
12,22500117,1,-0,1224690970
12,22500140,0.1855,0.7317,1224690993
12,22500189,0.5053,0.2965,1224691042
12,22545214,1,-0,1224736067
12,22545215,1,-0,1224736068
12,22545266,1,-0,1224736119
12,22545267,1,-0,1224736120
12,22545276,1,-0,1224736129
12,22545486,1,-0,1224736339
12,22545487,0.7508,0.1245,1224736340
12,22545507,1,-0,1224736360
12,22545536,0.4969,0.3037,1224736389
12,22545538,1,-0,1224736391
12,22545545,1,-0,1224736398
12,22545567,0.4969,0.3037,1224736420
12,22758454,0.2768,0.5578,1224949307
12,22758464,0.4969,0.3037,1224949317
12,22758471,0.4969,0.3037,1224949324
12,22758490,1,-0,1224949343
12,22758492,1,-0,1224949345
12,22758509,0.4969,0.3037,1224949362
12,22758510,1,-0,1224949363
12,22758515,1,-0,1224949368
12,22758519,1,-0,1224949372
12,22758526,0.4969,0.3037,1224949379
12,22758539,0.6816,0.1665,1224949392
12,22758569,0.2768,0.5578,1224949422
12,22758570,0.4969,0.3037,1224949423
12,22758860,1,-0,1224949713
12,22758925,1,-0,1224949778
12,22758926,0.4969,0.3037,1224949779
12,22758927,0.4969,0.3037,1224949780
12,22799088,1,-0,1224989941
12,22799089,0.443,0.3536,1224989942
12,22799094,0.4334,0.3631,1224989947
12,22799116,1,-0,1224989969
12,22799125,1,-0,1224989978
12,22799130,0.443,0.3536,1224989983
12,22799154,0.618,0.209,1224990007
12,22799155,0.4399,0.3566,1224990008
12,22799169,0.443,0.3536,1224990022
12,22799178,0.2423,0.6156,1224990031
12,22799187,0.2423,0.6156,1224990040
12,22799199,0.443,0.3536,1224990052
12,22799201,1,-0,1224990054
12,22799381,0.2455,0.6099,1224990234
12,22799386,0.618,0.209,1224990239
12,22799388,0.2423,0.6156,1224990241
12,22799399,0.2423,0.6156,1224990252
12,22799404,0.4399,0.3566,1224990257
12,22799429,0.2423,0.6156,1224990282
12,22799438,0.2423,0.6156,1224990291
12,22799452,1,-0,1224990305
12,22799477,0.2423,0.6156,1224990330
12,22799479,1,-0,1224990332
12,22799493,1,-0,1224990346
12,22803031,0.7087,0.1495,1224993884
12,22803037,1,-0,1224993890
12,22803039,0.807,0.0931,1224993892
12,22803046,0.2993,0.5239,1224993899
12,22803054,1,-0,1224993907
12,22803067,0.1555,0.8083,1224993920
12,22803068,0.2234,0.6509,1224993921
12,22803095,1,-0,1224993948
12,22803102,0.7077,0.1502,1224993955
12,22803128,0.2306,0.6371,1224993981
12,22803137,0.2954,0.5296,1224993990
12,22803153,1,-0,1224994006
12,22803424,0.496,0.3045,1224994277
12,22803425,0.4805,0.3183,1224994278
12,22803426,0.2234,0.6509,1224994279
12,22803437,0.6035,0.2193,1224994290
12,22803442,0.724,0.1403,1224994295
12,22803448,0.4744,0.3239,1224994301
12,22803467,0.05342,1.2723,1224994320
12,22803487,0.4981,0.3027,1224994340
12,22803492,0.7087,0.1495,1224994345
12,22803498,0.4744,0.3239,1224994351
12,22803500,1,-0,1224994353
12,22803501,1,-0,1224994354
12,22803504,1,-0,1224994357
12,22803520,0.4744,0.3239,1224994373
12,22803526,0.6839,0.165,1224994379
12,22803528,0.2234,0.6509,1224994381
12,22803533,1,-0,1224994386
12,22803535,0.2234,0.6509,1224994388
12,22803547,0.2306,0.6371,1224994400
12,22803549,0.2234,0.6509,1224994402
12,22803551,1,-0,1224994404
12,22910294,0.618,0.209,1225101147
12,22910310,1,-0,1225101163
12,22910407,0.4968,0.3038,1225101260
12,22910690,1,-0,1225101543
12,22910692,0.5319,0.2742,1225101545
12,22910743,1,-0,1225101596
12,22910753,1,-0,1225101606
12,22910783,1,-0,1225101636
12,22910784,0.2423,0.6156,1225101637
12,22910788,0.7811,0.1073,1225101641
12,22910881,1,-0,1225101734
12,22910892,1,-0,1225101745
12,22910909,1,-0,1225101762
12,22910915,0.1612,0.7926,1225101768
12,23088398,0.5645,0.2483,1225279251
12,23088421,0.2768,0.5578,1225279274
12,23088448,1,-0,1225279301
12,23088452,1,-0,1225279305
12,23088462,0.4969,0.3037,1225279315
12,23088475,1,-0,1225279328
12,23088488,1,-0,1225279341
12,23088490,0.4969,0.3037,1225279343
12,23088545,1,-0,1225279398
12,23088777,1,-0,1225279630
12,23088803,0.4969,0.3037,1225279656
12,23088812,0.1204,0.9194,1225279665
12,23088842,1,-0,1225279695
12,23101088,1,-0,1225291941
12,23101091,0.7304,0.1364,1225291944
12,23101097,0.5356,0.2712,1225291950
12,23101105,0.7304,0.1364,1225291958
12,23101129,0.2361,0.6269,1225291982
12,23101138,0.2361,0.6269,1225291991
12,23101148,0.4972,0.3035,1225292001
12,23101175,0.1372,0.8626,1225292028
12,23101198,1,-0,1225292051
12,23101201,1,-0,1225292054
12,23101313,0.2361,0.6269,1225292166
12,23101331,0.1598,0.7964,1225292184
12,23101332,1,-0,1225292185
12,23101340,0.6821,0.1662,1225292193
12,23101367,0.2361,0.6269,1225292220
12,23101381,1,-0,1225292234
12,23101425,0.6133,0.2123,1225292278
12,23101433,1,-0,1225292286
12,23113997,0.4969,0.3037,1225304850
12,23114007,1,-0,1225304860
12,23114077,1,-0,1225304930
12,23114078,1,-0,1225304931
12,23114116,1,-0,1225304969
12,23114121,0.4969,0.3037,1225304974
12,23114303,0.4955,0.305,1225305156
12,23114320,0.3247,0.4885,1225305173
12,23114332,0.2453,0.6103,1225305185
12,23114339,0.6816,0.1665,1225305192
12,23114345,0.05708,1.2435,1225305198
12,23114379,1,-0,1225305232
12,23114402,0.6827,0.1658,1225305255
12,23114424,0.2069,0.6842,1225305277
12,23114425,1,-0,1225305278
12,23500758,0.4981,0.3027,1225691611
12,23500786,1,-0,1225691639
12,23500818,0.1834,0.7366,1225691671
12,23500827,0.4981,0.3027,1225691680
12,23500835,1,-0,1225691688
12,23501129,1,-0,1225691982
12,23501134,0.4626,0.3348,1225691987
12,23501171,0.4744,0.3239,1225692024
12,23501175,0.6175,0.2094,1225692028
12,23501193,0.4744,0.3239,1225692046
12,23501198,1,-0,1225692051
12,23501216,1,-0,1225692069
12,23501228,0.4744,0.3239,1225692081
12,23502681,0.8621,0.0644,1225693534
12,23502702,1,-0,1225693555
12,23502705,1,-0,1225693558
12,23503045,0.4969,0.3037,1225693898
12,23503120,0.4969,0.3037,1225693973
12,23520673,1,-0,1225711526
12,23520758,1,-0,1225711611
12,23520780,1,-0,1225711633
12,23521023,1,-0,1225711876
12,23521057,0.4308,0.3657,1225711910
12,23521065,1,-0,1225711918
12,23521072,1,-0,1225711925
12,23521082,1,-0,1225711935
12,23521092,1,-0,1225711945
12,23580288,0.6361,0.1965,1225771141
12,23580295,1,-0,1225771148
12,23580314,0.2643,0.5779,1225771167
12,23580325,1,-0,1225771178
12,23580348,0.618,0.209,1225771201
12,23580349,0.2423,0.6156,1225771202
12,23580367,1,-0,1225771220
12,23580385,0.618,0.209,1225771238
12,23580387,0.7533,0.123,1225771240
12,23580403,0.2423,0.6156,1225771256
12,23580559,0.4399,0.3566,1225771412
12,23580593,0.7539,0.1227,1225771446
12,23580602,1,-0,1225771455
12,23580605,0.618,0.209,1225771458
12,23580660,0.2423,0.6156,1225771513
12,23580666,0.7462,0.1271,1225771519
12,23606223,1,-0,1225797076
12,23606225,0.7515,0.1241,1225797078
12,23606255,1,-0,1225797108
12,23606270,1,-0,1225797123
12,23606437,1,-0,1225797290
12,23606467,1,-0,1225797320
12,23606521,1,-0,1225797374
12,23658398,0.3673,0.435,1225849251
12,23658433,1,-0,1225849286
12,23658456,1,-0,1225849309
12,23658457,1,-0,1225849310
12,23658459,1,-0,1225849312
12,23658766,1,-0,1225849619
12,23658797,1,-0,1225849650
12,23658840,1,-0,1225849693
12,23658859,0.235,0.6289,1225849712
12,23658869,0.235,0.6289,1225849722
12,23658870,1,-0,1225849723
12,23688875,0.4969,0.3037,1225879728
12,23688876,1,-0,1225879729
12,23688891,0.1015,0.9935,1225879744
12,23688926,1,-0,1225879779
12,23688956,1,-0,1225879809
12,23688972,0.8245,0.0838,1225879825
12,23688975,0.497,0.3036,1225879828
12,23688986,0.618,0.209,1225879839
12,23689278,1,-0,1225880131
12,23689288,0.1204,0.9194,1225880141
12,23689291,1,-0,1225880144
12,23689305,0.3849,0.4147,1225880158
12,23689324,1,-0,1225880177
12,23689361,1,-0,1225880214
12,23689369,0.4462,0.3505,1225880222
12,23689371,1,-0,1225880224
12,23712813,0.1169,0.9322,1225903666
12,23712830,1,-0,1225903683
12,23712905,0.6816,0.1665,1225903758
12,23713033,0.4969,0.3037,1225903886
12,23713103,1,-0,1225903956
12,23713105,1,-0,1225903958
12,23713133,1,-0,1225903986
12,23713174,1,-0,1225904027
12,23713191,1,-0,1225904044
12,23713289,0.4969,0.3037,1225904142
12,23713441,1,-0,1225904294
12,23713455,1,-0,1225904308
12,23713489,0.4969,0.3037,1225904342
12,23713507,1,-0,1225904360
12,23724081,0.3894,0.4096,1225914934
12,23724096,1,-0,1225914949
12,23724168,0.6082,0.216,1225915021
12,23724275,0.04737,1.3245,1225915128
12,23724285,1,-0,1225915138
12,23724311,1,-0,1225915164
12,23724326,1,-0,1225915179
12,23724350,0.2293,0.6396,1225915203
12,23771295,0.3693,0.4326,1225962148
12,23771458,0.4969,0.3037,1225962311
12,23771497,0.4969,0.3037,1225962350
12,23771510,1,-0,1225962363
12,23771511,1,-0,1225962364
12,23771517,0.2784,0.5553,1225962370
12,23771560,0.5341,0.2724,1225962413
12,23779540,0.605,0.2182,1225970393
12,23779571,1,-0,1225970424
12,23779577,1,-0,1225970430
12,23779592,1,-0,1225970445
12,23779612,0.3659,0.4366,1225970465
12,23779626,1,-0,1225970479
12,23779630,1,-0,1225970483
12,23779634,1,-0,1225970487
12,23779656,1,-0,1225970509
12,23779891,1,-0,1225970744
12,23779919,1,-0,1225970772
12,23779927,0.4964,0.3042,1225970780
12,23779963,0.3659,0.4366,1225970816
12,23779969,1,-0,1225970822
12,23779979,0.2446,0.6115,1225970832
12,23779980,1,-0,1225970833
12,23779984,0.4964,0.3042,1225970837
12,23780002,1,-0,1225970855
12,23780009,0.4964,0.3042,1225970862
12,23780111,0.4875,0.312,1225970964
12,23780114,0.1136,0.9446,1225970967
12,23780118,0.4875,0.312,1225970971
12,23780122,0.4972,0.3035,1225970975
12,23780139,1,-0,1225970992
12,23780152,0.6758,0.1702,1225971005
12,23780371,1,-0,1225971224
12,23780403,1,-0,1225971256
12,23780408,1,-0,1225971261
12,23780412,0.7192,0.1432,1225971265
12,23780423,1,-0,1225971276
12,23780430,1,-0,1225971283
12,23780438,1,-0,1225971291
12,23780439,1,-0,1225971292
12,23780448,1,-0,1225971301
12,23780453,1,-0,1225971306
12,23780455,1,-0,1225971308
12,23780458,0.4338,0.3627,1225971311
12,23780463,0.4918,0.3082,1225971316
12,23780464,0.4875,0.312,1225971317
12,23780472,0.6144,0.2115,1225971325
12,23780473,0.6309,0.2,1225971326
12,23837780,1,-0,1226028633
12,23837793,1,-0,1226028646
12,23837797,1,-0,1226028650
12,23837805,1,-0,1226028658
12,23837807,1,-0,1226028660
12,23837816,0.36870000000000003,0.4333,1226028669
12,23837820,1,-0,1226028673
12,23837854,1,-0,1226028707
12,23837871,1,-0,1226028724
12,23837872,1,-0,1226028725
12,23837882,1,-0,1226028735
12,23837890,1,-0,1226028743
12,23837892,0.4429,0.3537,1226028745
12,23838059,1,-0,1226028912
12,23838065,0.4969,0.3037,1226028918
12,23838156,1,-0,1226029009
12,23841922,0.7734,0.1116,1226032775
12,23841925,0.04725,1.3256,1226032778
12,23841938,0.1657,0.7807,1226032791
12,23841940,0.4981,0.3027,1226032793
12,23841963,0.372,0.4295,1226032816
12,23841964,0.4981,0.3027,1226032817
12,23841969,0.4737,0.3245,1226032822
12,23842013,0.5002,0.3009,1226032866
12,23842277,1,-0,1226033130
12,23842282,0.4737,0.3245,1226033135
12,23842283,1,-0,1226033136
12,23842289,0.4737,0.3245,1226033142
12,23842292,0.4737,0.3245,1226033145
12,23842308,1,-0,1226033161
12,23842334,0.1504,0.8228,1226033187
12,23887907,1,-0,1226078760
12,23887919,1,-0,1226078772
12,23887926,1,-0,1226078779
12,23887927,0.8743,0.0583,1226078780
12,23888331,1,-0,1226079184
12,23925657,0.4969,0.3037,1226116510
12,23925690,0.6395,0.1942,1226116543
12,23925693,0.4969,0.3037,1226116546
12,23925734,0.4969,0.3037,1226116587
12,23925771,0.4955,0.305,1226116624
12,23925959,1,-0,1226116812
12,23925985,1,-0,1226116838
12,23926013,0.4969,0.3037,1226116866
12,23926022,1,-0,1226116875
12,23926031,1,-0,1226116884
12,23963344,0.4969,0.3037,1226154197
12,23963367,1,-0,1226154220
12,23963446,0.4969,0.3037,1226154299
12,23963449,1,-0,1226154302
12,23963687,0.49370000000000003,0.3065,1226154540
12,23963692,0.4396,0.3569,1226154545
12,23963693,0.5243,0.2804,1226154546
12,23963696,0.3672,0.4351,1226154549
12,23963707,0.5243,0.2804,1226154560
12,23963712,0.6257,0.2036,1226154565
12,23963733,0.49370000000000003,0.3065,1226154586
12,23963780,1,-0,1226154633
12,23963788,0.49370000000000003,0.3065,1226154641
12,23963799,0.7443,0.1283,1226154652
12,23963807,0.5243,0.2804,1226154660
12,24061730,0.1204,0.9194,1226252583
12,24061763,1,-0,1226252616
12,24061764,1,-0,1226252617
12,24061787,0.05708,1.2435,1226252640
12,24061828,0.05708,1.2435,1226252681
12,24062046,0.05708,1.2435,1226252899
12,24062077,0.1213,0.9161,1226252930
12,24062087,1,-0,1226252940
12,24062096,0.1213,0.9161,1226252949
12,24062115,0.4975,0.3032,1226252968
12,24062145,1,-0,1226252998
12,24062174,1,-0,1226253027
12,24151218,1,-0,1226342071
12,24151238,1,-0,1226342091
12,24151245,1,-0,1226342098
12,24151325,0.1202,0.9201,1226342178
12,24151640,0.2456,0.6098,1226342493
12,24151653,0.2066,0.6849,1226342506
12,24151657,1,-0,1226342510
12,24151658,0.7458,0.1274,1226342511
12,24151669,1,-0,1226342522
12,24151689,1,-0,1226342542
12,24151690,1,-0,1226342543
12,24151714,1,-0,1226342567
12,24347385,1,-0,1226538238
12,24347415,1,-0,1226538268
12,24347420,0.7179,0.1439,1226538273
12,24347450,0.618,0.209,1226538303
12,24347496,1,-0,1226538349
12,24347503,0.618,0.209,1226538356
12,24347506,0.3026,0.5191,1226538359
12,24347514,1,-0,1226538367
12,24347753,1,-0,1226538606
12,24347802,0.618,0.209,1226538655
12,24367482,0.7179,0.1439,1226558335
12,24367509,1,-0,1226558362
12,24367510,0.277,0.5575,1226558363
12,24367511,0.2423,0.6156,1226558364
12,24367694,0.2423,0.6156,1226558547
12,24367732,0.576,0.2396,1226558585
12,24367746,1,-0,1226558599
12,24367759,1,-0,1226558612
12,24367761,1,-0,1226558614
12,24367799,0.2423,0.6156,1226558652
12,24367809,1,-0,1226558662
12,24399865,1,-0,1226590718
12,24399885,0.2454,0.6101,1226590738
12,24399892,1,-0,1226590745
12,24399962,0.8475,0.0719,1226590815
12,24399981,0.5649,0.248,1226590834
12,24400201,1,-0,1226591054
12,24400206,0.4969,0.3037,1226591059
12,24400235,1,-0,1226591088
12,24400267,0.4429,0.3537,1226591120
12,24400271,0.4969,0.3037,1226591124
12,24400327,1,-0,1226591180
12,24418064,1,-0,1226608917
12,24418108,0.618,0.209,1226608961
12,24418153,1,-0,1226609006
12,24418180,0.497,0.3036,1226609033
12,24418456,1,-0,1226609309
12,24418467,1,-0,1226609320
12,24418484,1,-0,1226609337
12,24418524,1,-0,1226609377
12,24418590,0.6816,0.1665,1226609443
12,24418600,1,-0,1226609453
12,24418601,0.4969,0.3037,1226609454
12,24418602,1,-0,1226609455
12,24418618,0.4969,0.3037,1226609471
12,24418646,0.4969,0.3037,1226609499
12,24418652,1,-0,1226609505
12,24418675,0.4969,0.3037,1226609528
12,24418705,1,-0,1226609558
12,24418710,0.4969,0.3037,1226609563
12,24418718,0.4969,0.3037,1226609571
12,24418826,1,-0,1226609679
12,24418831,0.1169,0.9322,1226609684
12,24418845,1,-0,1226609698
12,24418881,1,-0,1226609734
12,24418892,0.4969,0.3037,1226609745
12,24418930,1,-0,1226609783
12,24433234,1,-0,1226624087
12,24433280,0.1605,0.7945,1226624133
12,24433329,1,-0,1226624182
12,24433333,1,-0,1226624186
12,24433442,0.618,0.209,1226624295
12,24433492,0.2171,0.6633,1226624345
12,24433550,0.2454,0.6101,1226624403
12,24433552,0.4969,0.3037,1226624405
12,24453489,0.05383,1.269,1226644342
12,24453490,1,-0,1226644343
12,24453501,0.2955,0.5294,1226644354
12,24453559,0.2354,0.6282,1226644412
12,24453841,1,-0,1226644694
12,24453853,0.2456,0.6098,1226644706
12,24453855,1,-0,1226644708
12,24453859,1,-0,1226644712
12,24453886,0.05383,1.269,1226644739
12,24453895,1,-0,1226644748
12,24453910,0.2354,0.6282,1226644763
12,24458224,0.2456,0.6098,1226649077
12,24458243,0.4333,0.3632,1226649096
12,24458258,0.497,0.3036,1226649111
12,24458322,1,-0,1226649175
12,24458490,0.6127,0.2128,1226649343
12,24458533,1,-0,1226649386
12,24458559,0.6127,0.2128,1226649412
12,24469167,0.4749,0.3234,1226660020
12,24469199,0.2768,0.5578,1226660052
12,24469235,0.2454,0.6101,1226660088
12,24469239,1,-0,1226660092
12,24469250,0.1204,0.9194,1226660103
12,24469262,0.4969,0.3037,1226660115
12,24469473,0.7461,0.1272,1226660326
12,24469502,0.1204,0.9194,1226660355
12,24469505,0.4969,0.3037,1226660358
12,24469506,0.5718,0.2428,1226660359
12,24469507,0.7461,0.1272,1226660360
12,24469510,0.4969,0.3037,1226660363
12,24481217,1,-0,1226672070
12,24481225,1,-0,1226672078
12,24481259,0.6244,0.2045,1226672112
12,24481271,0.2423,0.6156,1226672124
12,24481296,1,-0,1226672149
12,24481327,1,-0,1226672180
12,24481579,0.497,0.3036,1226672432
12,24481630,0.2423,0.6156,1226672483
12,24481638,0.2282,0.6417,1226672491
12,24597014,0.4429,0.3537,1226787867
12,24597019,1,-0,1226787872
12,24597064,0.4969,0.3037,1226787917
12,24597097,1,-0,1226787950
12,24597121,0.4969,0.3037,1226787974
12,24597127,1,-0,1226787980
12,24597131,0.4969,0.3037,1226787984
12,24597139,1,-0,1226787992
12,24597418,0.497,0.3036,1226788271
12,24597429,1,-0,1226788282
12,24597450,0.497,0.3036,1226788303
12,24602732,0.4969,0.3037,1226793585
12,24602747,0.4969,0.3037,1226793600
12,24602752,0.7431,0.129,1226793605
12,24603041,1,-0,1226793894
12,24603060,1,-0,1226793913
12,24675223,0.4,0.3979,1226866076
12,24675231,1,-0,1226866084
12,24675234,1,-0,1226866087
12,24675235,1,-0,1226866088
12,24675244,0.4969,0.3037,1226866097
12,24675245,1,-0,1226866098
12,24675255,1,-0,1226866108
12,24675287,1,-0,1226866140
12,24675293,1,-0,1226866146
12,24675311,1,-0,1226866164
12,24675317,1,-0,1226866170
12,24675346,1,-0,1226866199
12,24675552,1,-0,1226866405
12,24675593,0.7535,0.1229,1226866446
12,24675612,1,-0,1226866465
12,24675629,1,-0,1226866482
12,24690946,1,-0,1226881799
12,24690991,1,-0,1226881844
12,24691066,1,-0,1226881919
12,24691073,0.5559,0.255,1226881926
12,24691074,0.6395,0.1942,1226881927
12,24691082,0.513,0.2899,1226881935
12,24691097,0.513,0.2899,1226881950
12,24732303,1,-0,1226923156
12,24732331,1,-0,1226923184
12,24732332,0.4969,0.3037,1226923185
12,24732441,0.4729,0.3252,1226923294
12,24732455,0.4429,0.3537,1226923308
12,24732466,1,-0,1226923319
12,24738146,1,-0,1226928999
12,24738147,0.6387,0.1947,1226929000
12,24738148,0.05283,1.2771,1226929001
12,24738159,1,-0,1226929012
12,24738194,0.4429,0.3537,1226929047
12,24738231,0.4969,0.3037,1226929084
12,24754823,1,-0,1226945676
12,24755124,0.2454,0.6101,1226945977
12,24755141,0.4969,0.3037,1226945994
12,24755200,0.3965,0.4018,1226946053
12,24823659,0.8204,0.086,1227014512
12,24823664,1,-0,1227014517
12,24823720,0.6557,0.1833,1227014573
12,24823907,1,-0,1227014760
12,24823935,0.497,0.3036,1227014788
12,24826837,1,-0,1227017690
12,24826842,1,-0,1227017695
12,24826865,1,-0,1227017718
12,24826882,0.4969,0.3037,1227017735
12,24826883,1,-0,1227017736
12,24827071,1,-0,1227017924
12,24827106,1,-0,1227017959
12,24827142,1,-0,1227017995
12,24827152,1,-0,1227018005
12,24827183,1,-0,1227018036
12,24889474,0.2234,0.6509,1227080327
12,24889549,1,-0,1227080402
12,24889557,0.604,0.219,1227080410
12,24889558,0.2234,0.6509,1227080411
12,24889559,0.7087,0.1495,1227080412
12,24889571,0.4981,0.3027,1227080424
12,24889579,1,-0,1227080432
12,24889581,1,-0,1227080434
12,24889592,1,-0,1227080445
12,24889793,0.217,0.6635,1227080646
12,24889826,1,-0,1227080679
12,24889865,0.4238,0.3728,1227080718
12,24889882,1,-0,1227080735
12,24889899,1,-0,1227080752
12,24889909,1,-0,1227080762
12,24900281,0.3052,0.5154,1227091134
12,24900427,0.6023,0.2202,1227091280
12,24900456,1,-0,1227091309
12,24900587,0.06035,1.2193,1227091440
12,24900628,1,-0,1227091481
12,25046432,0.6816,0.1665,1227237285
12,25046463,0.4969,0.3037,1227237316
12,25046493,0.781,0.1073,1227237346
12,25046539,1,-0,1227237392
12,25046866,0.497,0.3036,1227237719
12,25046893,0.4938,0.3064,1227237746
12,25046919,1,-0,1227237772
12,25046931,0.1181,0.9278,1227237784
12,25046938,0.1205,0.919,1227237791
12,25046946,1,-0,1227237799
12,25182143,0.1204,0.9194,1227372996
12,25182170,0.4969,0.3037,1227373023
12,25182175,1,-0,1227373028
12,25182263,1,-0,1227373116
12,25182400,1,-0,1227373253
12,25182402,0.4969,0.3037,1227373255
12,25182449,0.8402,0.0756,1227373302
12,25184996,1,-0,1227375849
12,25185083,1,-0,1227375936
12,25185232,0.4667,0.331,1227376085
12,25185267,1,-0,1227376120
12,25185269,1,-0,1227376122
12,25185310,1,-0,1227376163
12,25247688,0.5152,0.288,1227438541
12,25247815,1,-0,1227438668
12,25247816,1,-0,1227438669
12,25247866,0.2423,0.6156,1227438719
12,25247879,0.618,0.209,1227438732
12,25248159,1,-0,1227439012
12,25248200,1,-0,1227439053
12,25259328,0.6646,0.1774,1227450181
12,25259410,1,-0,1227450263
12,25259431,1,-0,1227450284
12,25259444,0.8758,0.0576,1227450297
12,25259706,0.4821,0.3169,1227450559
12,25259714,0.4969,0.3037,1227450567
12,25259747,1,-0,1227450600
12,25259748,0.4969,0.3037,1227450601
12,25259754,1,-0,1227450607
12,25259768,1,-0,1227450621
12,25407158,0.2361,0.6269,1227598011
12,25407169,1,-0,1227598022
12,25407193,0.8738,0.0586,1227598046
12,25407218,0.6133,0.2123,1227598071
12,25407228,1,-0,1227598081
12,25407242,1,-0,1227598095
12,25407406,0.2227,0.6523,1227598259
12,25407416,1,-0,1227598269
12,25407418,1,-0,1227598271
12,25407425,0.4875,0.312,1227598278
12,25407435,0.7467,0.1269,1227598288
12,25407446,0.4744,0.3239,1227598299
12,25407447,0.3446,0.4627,1227598300
12,25407463,0.2361,0.6269,1227598316
12,25407465,0.4875,0.312,1227598318
12,25407516,0.8738,0.0586,1227598369
12,25407521,0.8738,0.0586,1227598374
12,25451725,1,-0,1227642578
12,25451880,1,-0,1227642733
12,25451890,0.4969,0.3037,1227642743
12,25451907,1,-0,1227642760
12,25452001,0.6536,0.1847,1227642854
12,25527503,1,-0,1227718356
12,25527574,1,-0,1227718427
12,25527588,1,-0,1227718441
12,25527616,0.4969,0.3037,1227718469
12,25527744,1,-0,1227718597
12,25527780,0.4969,0.3037,1227718633
12,25527783,1,-0,1227718636
12,25527831,1,-0,1227718684
12,25527839,1,-0,1227718692
12,25527849,1,-0,1227718702
12,25527886,1,-0,1227718739
12,25527908,0.5655,0.2476,1227718761
12,25565337,0.6816,0.1665,1227756190
12,25565354,0.4969,0.3037,1227756207
12,25565365,0.4969,0.3037,1227756218
12,25565366,0.4969,0.3037,1227756219
12,25565369,1,-0,1227756222
12,25565388,0.5082,0.294,1227756241
12,25604095,0.1328,0.8768,1227794948
12,25604096,0.1328,0.8768,1227794949
12,25604184,0.1478,0.8303,1227795037
12,25604237,1,-0,1227795090
12,25604302,1,-0,1227795155
12,25604349,1,-0,1227795202
12,25604360,1,-0,1227795213
12,25604361,1,-0,1227795214
12,25604475,1,-0,1227795328
12,25604481,1,-0,1227795334
12,25678984,0.5756,0.2399,1227869837
12,25679012,0.0102,1.9914,1227869865
12,25679020,1,-0,1227869873
12,25679027,0.7575,0.1206,1227869880
12,25679098,1,-0,1227869951
12,25679262,1,-0,1227870115
12,25679268,0.2234,0.6509,1227870121
12,25679284,0.2234,0.6509,1227870137
12,25679354,1,-0,1227870207
12,25795495,1,-0,1227986348
12,25795497,1,-0,1227986350
12,25795507,1,-0,1227986360
12,25795539,1,-0,1227986392
12,25795546,1,-0,1227986399
12,25795604,1,-0,1227986457
12,25795625,1,-0,1227986478
12,25795726,1,-0,1227986579
12,25795832,0.8735,0.0587,1227986685
12,25947365,0.3708,0.4309,1228138218
12,25947439,0.4972,0.3035,1228138292
12,25947449,0.2361,0.6269,1228138302
12,25947456,1,-0,1228138309
12,25947471,0.8204,0.086,1228138324
12,25947708,0.7489,0.1256,1228138561
12,26006812,1,-0,1228197665
12,26006868,0.6815,0.1665,1228197721
12,26006884,0.2453,0.6103,1228197737
12,26007034,1,-0,1228197887
12,26007073,0.6815,0.1665,1228197926
12,26007074,1,-0,1228197927
12,26007084,1,-0,1228197937
12,26007101,1,-0,1228197954
12,26007105,0.4969,0.3037,1228197958
12,26102815,0.4989,0.302,1228293668
12,26102821,0.5994,0.2223,1228293674
12,26102844,0.1859,0.7307,1228293697
12,26102860,0.5758,0.2397,1228293713
12,26102882,0.2483,0.605,1228293735
12,26102894,1,-0,1228293747
12,26102896,0.4521,0.3448,1228293749
12,26102917,1,-0,1228293770
12,26102928,0.2483,0.605,1228293781
12,26102929,0.2483,0.605,1228293782
12,26102942,1,-0,1228293795
12,26103155,1,-0,1228294008
12,26103184,0.217,0.6635,1228294037
12,26338653,0.3673,0.435,1228529506
12,26338677,1,-0,1228529530
12,26338693,1,-0,1228529546
12,26338719,1,-0,1228529572
12,26338751,0.8754,0.0578,1228529604
12,26338775,0.3673,0.435,1228529628
12,26338909,0.4969,0.3037,1228529762
12,26338932,1,-0,1228529785
12,26338949,1,-0,1228529802
12,26338966,0.7461,0.1272,1228529819
12,26339004,0.5649,0.248,1228529857
12,26339036,0.2454,0.6101,1228529889
